source_region_id,source_region_name,hemisphere,biological_base_name,normalized_name_en,normalized_name_zh,zh_status,unresolved_descriptors
JULICH_BRAIN_CYTOARCHITECTONIC_ATLAS_V3_1_VP_VENTRAL_PALLIDUM_RIGHT,VP (Ventral Pallidum) right,right,VP (Ventral Pallidum),VP (Ventral Pallidum) right,右侧VP（腹侧苍白球）,resolved,
JULICH_BRAIN_CYTOARCHITECTONIC_ATLAS_V3_1_VP_VENTRAL_PALLIDUM_LEFT,VP (Ventral Pallidum) left,left,VP (Ventral Pallidum),VP (Ventral Pallidum) left,左侧VP（腹侧苍白球）,resolved,
JULICH_BRAIN_CYTOARCHITECTONIC_ATLAS_V3_1_FUCD_VENTRAL_STRIATUM_FUNDUS_OF_CAUDATE_NUCLEUS_RIGHT,"FuCd (Ventral Striatum, Fundus of Caudate Nucleus) right",right,"FuCd (Ventral Striatum, Fundus of Caudate Nucleus)","FuCd (Ventral Striatum, Fundus of Caudate Nucleus) right",右侧FuCd（腹侧纹状体，尾状核底部）,resolved,
JULICH_BRAIN_CYTOARCHITECTONIC_ATLAS_V3_1_FUCD_VENTRAL_STRIATUM_FUNDUS_OF_CAUDATE_NUCLEUS_LEFT,"FuCd (Ventral Striatum, Fundus of Caudate Nucleus) left",left,"FuCd (Ventral Striatum, Fundus of Caudate Nucleus)","FuCd (Ventral Striatum, Fundus of Caudate Nucleus) left",左侧FuCd（腹侧纹状体，尾状核底部）,resolved,
JULICH_BRAIN_CYTOARCHITECTONIC_ATLAS_V3_1_ACBM_VENTRAL_STRIATUM_MEDIAL_ACCUMBENS_RIGHT,"AcbM (Ventral Striatum, Medial Accumbens) right",right,"AcbM (Ventral Striatum, Medial Accumbens)","AcbM (Ventral Striatum, Medial Accumbens) right",右侧AcbM（腹侧纹状体，内侧伏隔核）,resolved,
JULICH_BRAIN_CYTOARCHITECTONIC_ATLAS_V3_1_ACBM_VENTRAL_STRIATUM_MEDIAL_ACCUMBENS_LEFT,"AcbM (Ventral Striatum, Medial Accumbens) left",left,"AcbM (Ventral Striatum, Medial Accumbens)","AcbM (Ventral Striatum, Medial Accumbens) left",左侧AcbM（腹侧纹状体，内侧伏隔核）,resolved,
JULICH_BRAIN_CYTOARCHITECTONIC_ATLAS_V3_1_ACBL_VENTRAL_STRIATUM_LATERAL_ACCUMBENS_RIGHT,"AcbL (Ventral Striatum, Lateral Accumbens) right",right,"AcbL (Ventral Striatum, Lateral Accumbens)","AcbL (Ventral Striatum, Lateral Accumbens) right",右侧AcbL（腹侧纹状体，外侧伏隔核）,resolved,
JULICH_BRAIN_CYTOARCHITECTONIC_ATLAS_V3_1_ACBL_VENTRAL_STRIATUM_LATERAL_ACCUMBENS_LEFT,"AcbL (Ventral Striatum, Lateral Accumbens) left",left,"AcbL (Ventral Striatum, Lateral Accumbens)","AcbL (Ventral Striatum, Lateral Accumbens) left",左侧AcbL（腹侧纹状体，外侧伏隔核）,resolved,
JULICH_BRAIN_CYTOARCHITECTONIC_ATLAS_V3_1_FUP_VENTRAL_STRIATUM_FUNDUS_OF_PUTAMEN_RIGHT,"FuP (Ventral Striatum, Fundus of Putamen) right",right,"FuP (Ventral Striatum, Fundus of Putamen)","FuP (Ventral Striatum, Fundus of Putamen) right",右侧FuP（腹侧纹状体，壳核底部）,resolved,
JULICH_BRAIN_CYTOARCHITECTONIC_ATLAS_V3_1_FUP_VENTRAL_STRIATUM_FUNDUS_OF_PUTAMEN_LEFT,"FuP (Ventral Striatum, Fundus of Putamen) left",left,"FuP (Ventral Striatum, Fundus of Putamen)","FuP (Ventral Striatum, Fundus of Putamen) left",左侧FuP（腹侧纹状体，壳核底部）,resolved,
JULICH_BRAIN_CYTOARCHITECTONIC_ATLAS_V3_1_CH_4_BASAL_FOREBRAIN_RIGHT,Ch 4 (Basal Forebrain) right,right,Ch 4 (Basal Forebrain),Ch 4 (Basal Forebrain) right,右侧Ch 4（基底前脑）,resolved,
JULICH_BRAIN_CYTOARCHITECTONIC_ATLAS_V3_1_CH_4_BASAL_FOREBRAIN_LEFT,Ch 4 (Basal Forebrain) left,left,Ch 4 (Basal Forebrain),Ch 4 (Basal Forebrain) left,左侧Ch 4（基底前脑）,resolved,
JULICH_BRAIN_CYTOARCHITECTONIC_ATLAS_V3_1_BST_BASAL_FOREBRAIN_BED_NUCLEUS_RIGHT,"BST (Basal Forebrain, Bed Nucleus) right",right,"BST (Basal Forebrain, Bed Nucleus)","BST (Basal Forebrain, Bed Nucleus) right",右侧BST（基底前脑，终纹床核）,resolved,
JULICH_BRAIN_CYTOARCHITECTONIC_ATLAS_V3_1_BST_BASAL_FOREBRAIN_BED_NUCLEUS_LEFT,"BST (Basal Forebrain, Bed Nucleus) left",left,"BST (Basal Forebrain, Bed Nucleus)","BST (Basal Forebrain, Bed Nucleus) left",左侧BST（基底前脑，终纹床核）,resolved,
JULICH_BRAIN_CYTOARCHITECTONIC_ATLAS_V3_1_CH_123_BASAL_FOREBRAIN_RIGHT,Ch 123 (Basal Forebrain) right,right,Ch 123 (Basal Forebrain),Ch 123 (Basal Forebrain) right,右侧Ch 123（基底前脑）,resolved,
JULICH_BRAIN_CYTOARCHITECTONIC_ATLAS_V3_1_CH_123_BASAL_FOREBRAIN_LEFT,Ch 123 (Basal Forebrain) left,left,Ch 123 (Basal Forebrain),Ch 123 (Basal Forebrain) left,左侧Ch 123（基底前脑）,resolved,
JULICH_BRAIN_CYTOARCHITECTONIC_ATLAS_V3_1_CM_AAA_AMYGDALA_RIGHT,CM.AAA (Amygdala) right,right,CM.AAA (Amygdala),CM.AAA (Amygdala) right,右侧CM.AAA（杏仁核）,resolved,
JULICH_BRAIN_CYTOARCHITECTONIC_ATLAS_V3_1_CM_CE_AMYGDALA_RIGHT,CM.Ce (Amygdala) right,right,CM.Ce (Amygdala),CM.Ce (Amygdala) right,右侧CM.Ce（杏仁核）,resolved,
JULICH_BRAIN_CYTOARCHITECTONIC_ATLAS_V3_1_CM_ME_AMYGDALA_RIGHT,CM.Me (Amygdala) right,right,CM.Me (Amygdala),CM.Me (Amygdala) right,右侧CM.Me（杏仁核）,resolved,
JULICH_BRAIN_CYTOARCHITECTONIC_ATLAS_V3_1_CM_AAA_AMYGDALA_LEFT,CM.AAA (Amygdala) left,left,CM.AAA (Amygdala),CM.AAA (Amygdala) left,左侧CM.AAA（杏仁核）,resolved,
JULICH_BRAIN_CYTOARCHITECTONIC_ATLAS_V3_1_CM_CE_AMYGDALA_LEFT,CM.Ce (Amygdala) left,left,CM.Ce (Amygdala),CM.Ce (Amygdala) left,左侧CM.Ce（杏仁核）,resolved,
JULICH_BRAIN_CYTOARCHITECTONIC_ATLAS_V3_1_CM_ME_AMYGDALA_LEFT,CM.Me (Amygdala) left,left,CM.Me (Amygdala),CM.Me (Amygdala) left,左侧CM.Me（杏仁核）,resolved,
JULICH_BRAIN_CYTOARCHITECTONIC_ATLAS_V3_1_LB_BL_AMYGDALA_RIGHT,LB.Bl (Amygdala) right,right,LB.Bl (Amygdala),LB.Bl (Amygdala) right,右侧LB.Bl（杏仁核）,resolved,
JULICH_BRAIN_CYTOARCHITECTONIC_ATLAS_V3_1_LB_BM_AMYGDALA_RIGHT,LB.Bm (Amygdala) right,right,LB.Bm (Amygdala),LB.Bm (Amygdala) right,右侧LB.Bm（杏仁核）,resolved,
JULICH_BRAIN_CYTOARCHITECTONIC_ATLAS_V3_1_LB_PL_AMYGDALA_RIGHT,LB.Pl (Amygdala) right,right,LB.Pl (Amygdala),LB.Pl (Amygdala) right,右侧LB.Pl（杏仁核）,resolved,
JULICH_BRAIN_CYTOARCHITECTONIC_ATLAS_V3_1_LB_LA_AMYGDALA_RIGHT,LB.La (Amygdala) right,right,LB.La (Amygdala),LB.La (Amygdala) right,右侧LB.La（杏仁核）,resolved,
JULICH_BRAIN_CYTOARCHITECTONIC_ATLAS_V3_1_LB_BL_AMYGDALA_LEFT,LB.Bl (Amygdala) left,left,LB.Bl (Amygdala),LB.Bl (Amygdala) left,左侧LB.Bl（杏仁核）,resolved,
JULICH_BRAIN_CYTOARCHITECTONIC_ATLAS_V3_1_LB_BM_AMYGDALA_LEFT,LB.Bm (Amygdala) left,left,LB.Bm (Amygdala),LB.Bm (Amygdala) left,左侧LB.Bm（杏仁核）,resolved,
JULICH_BRAIN_CYTOARCHITECTONIC_ATLAS_V3_1_LB_PL_AMYGDALA_LEFT,LB.Pl (Amygdala) left,left,LB.Pl (Amygdala),LB.Pl (Amygdala) left,左侧LB.Pl（杏仁核）,resolved,
JULICH_BRAIN_CYTOARCHITECTONIC_ATLAS_V3_1_LB_LA_AMYGDALA_LEFT,LB.La (Amygdala) left,left,LB.La (Amygdala),LB.La (Amygdala) left,左侧LB.La（杏仁核）,resolved,
JULICH_BRAIN_CYTOARCHITECTONIC_ATLAS_V3_1_SF_AHI_AMYGDALA_RIGHT,SF.AHi (Amygdala) right,right,SF.AHi (Amygdala),SF.AHi (Amygdala) right,右侧SF.AHi（杏仁核）,resolved,
JULICH_BRAIN_CYTOARCHITECTONIC_ATLAS_V3_1_SF_APIR_AMYGDALA_RIGHT,SF.APir (Amygdala) right,right,SF.APir (Amygdala),SF.APir (Amygdala) right,右侧SF.APir（杏仁核）,resolved,
JULICH_BRAIN_CYTOARCHITECTONIC_ATLAS_V3_1_SF_VCO_AMYGDALA_RIGHT,SF.VCo (Amygdala) right,right,SF.VCo (Amygdala),SF.VCo (Amygdala) right,右侧SF.VCo（杏仁核）,resolved,
JULICH_BRAIN_CYTOARCHITECTONIC_ATLAS_V3_1_SF_AHI_AMYGDALA_LEFT,SF.AHi (Amygdala) left,left,SF.AHi (Amygdala),SF.AHi (Amygdala) left,左侧SF.AHi（杏仁核）,resolved,
JULICH_BRAIN_CYTOARCHITECTONIC_ATLAS_V3_1_SF_APIR_AMYGDALA_LEFT,SF.APir (Amygdala) left,left,SF.APir (Amygdala),SF.APir (Amygdala) left,左侧SF.APir（杏仁核）,resolved,
JULICH_BRAIN_CYTOARCHITECTONIC_ATLAS_V3_1_SF_VCO_AMYGDALA_LEFT,SF.VCo (Amygdala) left,left,SF.VCo (Amygdala),SF.VCo (Amygdala) left,左侧SF.VCo（杏仁核）,resolved,
JULICH_BRAIN_CYTOARCHITECTONIC_ATLAS_V3_1_ASTR_AMYGDALA_RIGHT,Astr (Amygdala) right,right,Astr (Amygdala),Astr (Amygdala) right,右侧Astr（杏仁核）,resolved,
JULICH_BRAIN_CYTOARCHITECTONIC_ATLAS_V3_1_ASTR_AMYGDALA_LEFT,Astr (Amygdala) left,left,Astr (Amygdala),Astr (Amygdala) left,左侧Astr（杏仁核）,resolved,
JULICH_BRAIN_CYTOARCHITECTONIC_ATLAS_V3_1_VTM_AMYGDALA_RIGHT,VTM (Amygdala) right,right,VTM (Amygdala),VTM (Amygdala) right,右侧VTM（杏仁核）,resolved,
JULICH_BRAIN_CYTOARCHITECTONIC_ATLAS_V3_1_VTM_AMYGDALA_LEFT,VTM (Amygdala) left,left,VTM (Amygdala),VTM (Amygdala) left,左侧VTM（杏仁核）,resolved,
JULICH_BRAIN_CYTOARCHITECTONIC_ATLAS_V3_1_IF_ICE_AMYGDALA_RIGHT,IF.ice (Amygdala) right,right,IF.ice (Amygdala),IF.ice (Amygdala) right,右侧IF.ice（杏仁核）,resolved,
JULICH_BRAIN_CYTOARCHITECTONIC_ATLAS_V3_1_IF_IOL_AMYGDALA_RIGHT,IF.iol (Amygdala) right,right,IF.iol (Amygdala),IF.iol (Amygdala) right,右侧IF.iol（杏仁核）,resolved,
JULICH_BRAIN_CYTOARCHITECTONIC_ATLAS_V3_1_IF_LD_AMYGDALA_RIGHT,IF.ld (Amygdala) right,right,IF.ld (Amygdala),IF.ld (Amygdala) right,右侧IF.ld（杏仁核）,resolved,
JULICH_BRAIN_CYTOARCHITECTONIC_ATLAS_V3_1_IF_ICE_AMYGDALA_LEFT,IF.ice (Amygdala) left,left,IF.ice (Amygdala),IF.ice (Amygdala) left,左侧IF.ice（杏仁核）,resolved,
JULICH_BRAIN_CYTOARCHITECTONIC_ATLAS_V3_1_IF_IOL_AMYGDALA_LEFT,IF.iol (Amygdala) left,left,IF.iol (Amygdala),IF.iol (Amygdala) left,左侧IF.iol（杏仁核）,resolved,
JULICH_BRAIN_CYTOARCHITECTONIC_ATLAS_V3_1_IF_LD_AMYGDALA_LEFT,IF.ld (Amygdala) left,left,IF.ld (Amygdala),IF.ld (Amygdala) left,左侧IF.ld（杏仁核）,resolved,
JULICH_BRAIN_CYTOARCHITECTONIC_ATLAS_V3_1_MF_ICM_AMYGDALA_RIGHT,MF.icm (Amygdala) right,right,MF.icm (Amygdala),MF.icm (Amygdala) right,右侧MF.icm（杏仁核）,resolved,
JULICH_BRAIN_CYTOARCHITECTONIC_ATLAS_V3_1_MF_LM_AMYGDALA_RIGHT,MF.lm (Amygdala) right,right,MF.lm (Amygdala),MF.lm (Amygdala) right,右侧MF.lm（杏仁核）,resolved,
JULICH_BRAIN_CYTOARCHITECTONIC_ATLAS_V3_1_MF_ICM_AMYGDALA_LEFT,MF.icm (Amygdala) left,left,MF.icm (Amygdala),MF.icm (Amygdala) left,左侧MF.icm（杏仁核）,resolved,
JULICH_BRAIN_CYTOARCHITECTONIC_ATLAS_V3_1_MF_LM_AMYGDALA_LEFT,MF.lm (Amygdala) left,left,MF.lm (Amygdala),MF.lm (Amygdala) left,左侧MF.lm（杏仁核）,resolved,
JULICH_BRAIN_CYTOARCHITECTONIC_ATLAS_V3_1_AREA_5L_SPL_RIGHT,Area 5L (SPL) right,right,Area 5L (SPL),Area 5L (SPL) right,右侧5L区（顶上小叶）,resolved,
JULICH_BRAIN_CYTOARCHITECTONIC_ATLAS_V3_1_AREA_5L_SPL_LEFT,Area 5L (SPL) left,left,Area 5L (SPL),Area 5L (SPL) left,左侧5L区（顶上小叶）,resolved,
JULICH_BRAIN_CYTOARCHITECTONIC_ATLAS_V3_1_AREA_7M_SPL_RIGHT,Area 7M (SPL) right,right,Area 7M (SPL),Area 7M (SPL) right,右侧7M区（顶上小叶）,resolved,
JULICH_BRAIN_CYTOARCHITECTONIC_ATLAS_V3_1_AREA_7M_SPL_LEFT,Area 7M (SPL) left,left,Area 7M (SPL),Area 7M (SPL) left,左侧7M区（顶上小叶）,resolved,
JULICH_BRAIN_CYTOARCHITECTONIC_ATLAS_V3_1_AREA_7PC_SPL_RIGHT,Area 7PC (SPL) right,right,Area 7PC (SPL),Area 7PC (SPL) right,右侧7PC区（顶上小叶）,resolved,
JULICH_BRAIN_CYTOARCHITECTONIC_ATLAS_V3_1_AREA_7PC_SPL_LEFT,Area 7PC (SPL) left,left,Area 7PC (SPL),Area 7PC (SPL) left,左侧7PC区（顶上小叶）,resolved,
JULICH_BRAIN_CYTOARCHITECTONIC_ATLAS_V3_1_AREA_5M_SPL_RIGHT,Area 5M (SPL) right,right,Area 5M (SPL),Area 5M (SPL) right,右侧5M区（顶上小叶）,resolved,
JULICH_BRAIN_CYTOARCHITECTONIC_ATLAS_V3_1_AREA_5M_SPL_LEFT,Area 5M (SPL) left,left,Area 5M (SPL),Area 5M (SPL) left,左侧5M区（顶上小叶）,resolved,
JULICH_BRAIN_CYTOARCHITECTONIC_ATLAS_V3_1_AREA_7P_SPL_RIGHT,Area 7P (SPL) right,right,Area 7P (SPL),Area 7P (SPL) right,右侧7P区（顶上小叶）,resolved,
JULICH_BRAIN_CYTOARCHITECTONIC_ATLAS_V3_1_AREA_7P_SPL_LEFT,Area 7P (SPL) left,left,Area 7P (SPL),Area 7P (SPL) left,左侧7P区（顶上小叶）,resolved,
JULICH_BRAIN_CYTOARCHITECTONIC_ATLAS_V3_1_AREA_5CI_SPL_RIGHT,Area 5Ci (SPL) right,right,Area 5Ci (SPL),Area 5Ci (SPL) right,右侧5Ci区（顶上小叶）,resolved,
JULICH_BRAIN_CYTOARCHITECTONIC_ATLAS_V3_1_AREA_5CI_SPL_LEFT,Area 5Ci (SPL) left,left,Area 5Ci (SPL),Area 5Ci (SPL) left,左侧5Ci区（顶上小叶）,resolved,
JULICH_BRAIN_CYTOARCHITECTONIC_ATLAS_V3_1_AREA_7A_SPL_RIGHT,Area 7A (SPL) right,right,Area 7A (SPL),Area 7A (SPL) right,右侧7A区（顶上小叶）,resolved,
JULICH_BRAIN_CYTOARCHITECTONIC_ATLAS_V3_1_AREA_7A_SPL_LEFT,Area 7A (SPL) left,left,Area 7A (SPL),Area 7A (SPL) left,左侧7A区（顶上小叶）,resolved,
JULICH_BRAIN_CYTOARCHITECTONIC_ATLAS_V3_1_AREA_3B_POSTCG_RIGHT,Area 3b (PostCG) right,right,Area 3b (PostCG),Area 3b (PostCG) right,右侧3b区（中央后回）,resolved,
JULICH_BRAIN_CYTOARCHITECTONIC_ATLAS_V3_1_AREA_3B_POSTCG_LEFT,Area 3b (PostCG) left,left,Area 3b (PostCG),Area 3b (PostCG) left,左侧3b区（中央后回）,resolved,
JULICH_BRAIN_CYTOARCHITECTONIC_ATLAS_V3_1_AREA_1_POSTCG_RIGHT,Area 1 (PostCG) right,right,Area 1 (PostCG),Area 1 (PostCG) right,右侧1区（中央后回）,resolved,
JULICH_BRAIN_CYTOARCHITECTONIC_ATLAS_V3_1_AREA_1_POSTCG_LEFT,Area 1 (PostCG) left,left,Area 1 (PostCG),Area 1 (PostCG) left,左侧1区（中央后回）,resolved,
JULICH_BRAIN_CYTOARCHITECTONIC_ATLAS_V3_1_AREA_2_POSTCS_RIGHT,Area 2 (PostCS) right,right,Area 2 (PostCS),Area 2 (PostCS) right,右侧2区（中央后沟）,resolved,
JULICH_BRAIN_CYTOARCHITECTONIC_ATLAS_V3_1_AREA_2_POSTCS_LEFT,Area 2 (PostCS) left,left,Area 2 (PostCS),Area 2 (PostCS) left,左侧2区（中央后沟）,resolved,
JULICH_BRAIN_CYTOARCHITECTONIC_ATLAS_V3_1_AREA_3A_POSTCG_RIGHT,Area 3a (PostCG) right,right,Area 3a (PostCG),Area 3a (PostCG) right,右侧3a区（中央后回）,resolved,
JULICH_BRAIN_CYTOARCHITECTONIC_ATLAS_V3_1_AREA_3A_POSTCG_LEFT,Area 3a (PostCG) left,left,Area 3a (PostCG),Area 3a (PostCG) left,左侧3a区（中央后回）,resolved,
JULICH_BRAIN_CYTOARCHITECTONIC_ATLAS_V3_1_AREA_OP1_POPERC_RIGHT,Area Op1 (POperc) right,right,Area Op1 (POperc),Area Op1 (POperc) right,右侧Op1区（顶叶岛盖）,resolved,
JULICH_BRAIN_CYTOARCHITECTONIC_ATLAS_V3_1_AREA_OP1_POPERC_LEFT,Area Op1 (POperc) left,left,Area Op1 (POperc),Area Op1 (POperc) left,左侧Op1区（顶叶岛盖）,resolved,
JULICH_BRAIN_CYTOARCHITECTONIC_ATLAS_V3_1_AREA_OP2_POPERC_RIGHT,Area Op2 (POperc) right,right,Area Op2 (POperc),Area Op2 (POperc) right,右侧Op2区（顶叶岛盖）,resolved,
JULICH_BRAIN_CYTOARCHITECTONIC_ATLAS_V3_1_AREA_OP2_POPERC_LEFT,Area Op2 (POperc) left,left,Area Op2 (POperc),Area Op2 (POperc) left,左侧Op2区（顶叶岛盖）,resolved,
JULICH_BRAIN_CYTOARCHITECTONIC_ATLAS_V3_1_AREA_OP3_POPERC_RIGHT,Area Op3 (POperc) right,right,Area Op3 (POperc),Area Op3 (POperc) right,右侧Op3区（顶叶岛盖）,resolved,
JULICH_BRAIN_CYTOARCHITECTONIC_ATLAS_V3_1_AREA_OP3_POPERC_LEFT,Area Op3 (POperc) left,left,Area Op3 (POperc),Area Op3 (POperc) left,左侧Op3区（顶叶岛盖）,resolved,
JULICH_BRAIN_CYTOARCHITECTONIC_ATLAS_V3_1_AREA_OP4_POPERC_RIGHT,Area Op4 (POperc) right,right,Area Op4 (POperc),Area Op4 (POperc) right,右侧Op4区（顶叶岛盖）,resolved,
JULICH_BRAIN_CYTOARCHITECTONIC_ATLAS_V3_1_AREA_OP4_POPERC_LEFT,Area Op4 (POperc) left,left,Area Op4 (POperc),Area Op4 (POperc) left,左侧Op4区（顶叶岛盖）,resolved,
JULICH_BRAIN_CYTOARCHITECTONIC_ATLAS_V3_1_AREA_PF_IPL_RIGHT,Area PF (IPL) right,right,Area PF (IPL),Area PF (IPL) right,右侧PF区（顶下小叶）,resolved,
JULICH_BRAIN_CYTOARCHITECTONIC_ATLAS_V3_1_AREA_PF_IPL_LEFT,Area PF (IPL) left,left,Area PF (IPL),Area PF (IPL) left,左侧PF区（顶下小叶）,resolved,
JULICH_BRAIN_CYTOARCHITECTONIC_ATLAS_V3_1_AREA_PFCM_IPL_RIGHT,Area PFcm (IPL) right,right,Area PFcm (IPL),Area PFcm (IPL) right,右侧PFcm区（顶下小叶）,resolved,
JULICH_BRAIN_CYTOARCHITECTONIC_ATLAS_V3_1_AREA_PFCM_IPL_LEFT,Area PFcm (IPL) left,left,Area PFcm (IPL),Area PFcm (IPL) left,左侧PFcm区（顶下小叶）,resolved,
JULICH_BRAIN_CYTOARCHITECTONIC_ATLAS_V3_1_AREA_PGA_IPL_RIGHT,Area PGa (IPL) right,right,Area PGa (IPL),Area PGa (IPL) right,右侧PGa区（顶下小叶）,resolved,
JULICH_BRAIN_CYTOARCHITECTONIC_ATLAS_V3_1_AREA_PGA_IPL_LEFT,Area PGa (IPL) left,left,Area PGa (IPL),Area PGa (IPL) left,左侧PGa区（顶下小叶）,resolved,
JULICH_BRAIN_CYTOARCHITECTONIC_ATLAS_V3_1_AREA_PFT_IPL_RIGHT,Area PFt (IPL) right,right,Area PFt (IPL),Area PFt (IPL) right,右侧PFt区（顶下小叶）,resolved,
JULICH_BRAIN_CYTOARCHITECTONIC_ATLAS_V3_1_AREA_PFT_IPL_LEFT,Area PFt (IPL) left,left,Area PFt (IPL),Area PFt (IPL) left,左侧PFt区（顶下小叶）,resolved,
JULICH_BRAIN_CYTOARCHITECTONIC_ATLAS_V3_1_AREA_PFM_IPL_RIGHT,Area PFm (IPL) right,right,Area PFm (IPL),Area PFm (IPL) right,右侧PFm区（顶下小叶）,resolved,
JULICH_BRAIN_CYTOARCHITECTONIC_ATLAS_V3_1_AREA_PFM_IPL_LEFT,Area PFm (IPL) left,left,Area PFm (IPL),Area PFm (IPL) left,左侧PFm区（顶下小叶）,resolved,
JULICH_BRAIN_CYTOARCHITECTONIC_ATLAS_V3_1_AREA_PGP_IPL_RIGHT,Area PGp (IPL) right,right,Area PGp (IPL),Area PGp (IPL) right,右侧PGp区（顶下小叶）,resolved,
JULICH_BRAIN_CYTOARCHITECTONIC_ATLAS_V3_1_AREA_PGP_IPL_LEFT,Area PGp (IPL) left,left,Area PGp (IPL),Area PGp (IPL) left,左侧PGp区（顶下小叶）,resolved,
JULICH_BRAIN_CYTOARCHITECTONIC_ATLAS_V3_1_AREA_PFOP_IPL_RIGHT,Area PFop (IPL) right,right,Area PFop (IPL),Area PFop (IPL) right,右侧PFop区（顶下小叶）,resolved,
JULICH_BRAIN_CYTOARCHITECTONIC_ATLAS_V3_1_AREA_PFOP_IPL_LEFT,Area PFop (IPL) left,left,Area PFop (IPL),Area PFop (IPL) left,左侧PFop区（顶下小叶）,resolved,
JULICH_BRAIN_CYTOARCHITECTONIC_ATLAS_V3_1_AREA_HPO1_POS_RIGHT,Area hPO1 (POS) right,right,Area hPO1 (POS),Area hPO1 (POS) right,右侧hPO1区（顶枕沟）,resolved,
JULICH_BRAIN_CYTOARCHITECTONIC_ATLAS_V3_1_AREA_HPO1_POS_LEFT,Area hPO1 (POS) left,left,Area hPO1 (POS),Area hPO1 (POS) left,左侧hPO1区（顶枕沟）,resolved,
JULICH_BRAIN_CYTOARCHITECTONIC_ATLAS_V3_1_AREA_HIP1_IPS_RIGHT,Area hIP1 (IPS) right,right,Area hIP1 (IPS),Area hIP1 (IPS) right,右侧hIP1区（顶内沟）,resolved,
JULICH_BRAIN_CYTOARCHITECTONIC_ATLAS_V3_1_AREA_HIP1_IPS_LEFT,Area hIP1 (IPS) left,left,Area hIP1 (IPS),Area hIP1 (IPS) left,左侧hIP1区（顶内沟）,resolved,
JULICH_BRAIN_CYTOARCHITECTONIC_ATLAS_V3_1_AREA_HIP7_IPS_RIGHT,Area hIP7 (IPS) right,right,Area hIP7 (IPS),Area hIP7 (IPS) right,右侧hIP7区（顶内沟）,resolved,
JULICH_BRAIN_CYTOARCHITECTONIC_ATLAS_V3_1_AREA_HIP7_IPS_LEFT,Area hIP7 (IPS) left,left,Area hIP7 (IPS),Area hIP7 (IPS) left,左侧hIP7区（顶内沟）,resolved,
JULICH_BRAIN_CYTOARCHITECTONIC_ATLAS_V3_1_AREA_HIP3_IPS_RIGHT,Area hIP3 (IPS) right,right,Area hIP3 (IPS),Area hIP3 (IPS) right,右侧hIP3区（顶内沟）,resolved,
JULICH_BRAIN_CYTOARCHITECTONIC_ATLAS_V3_1_AREA_HIP3_IPS_LEFT,Area hIP3 (IPS) left,left,Area hIP3 (IPS),Area hIP3 (IPS) left,左侧hIP3区（顶内沟）,resolved,
JULICH_BRAIN_CYTOARCHITECTONIC_ATLAS_V3_1_AREA_HIP2_IPS_RIGHT,Area hIP2 (IPS) right,right,Area hIP2 (IPS),Area hIP2 (IPS) right,右侧hIP2区（顶内沟）,resolved,
JULICH_BRAIN_CYTOARCHITECTONIC_ATLAS_V3_1_AREA_HIP2_IPS_LEFT,Area hIP2 (IPS) left,left,Area hIP2 (IPS),Area hIP2 (IPS) left,左侧hIP2区（顶内沟）,resolved,
JULICH_BRAIN_CYTOARCHITECTONIC_ATLAS_V3_1_AREA_HIP4_IPS_RIGHT,Area hIP4 (IPS) right,right,Area hIP4 (IPS),Area hIP4 (IPS) right,右侧hIP4区（顶内沟）,resolved,
JULICH_BRAIN_CYTOARCHITECTONIC_ATLAS_V3_1_AREA_HIP4_IPS_LEFT,Area hIP4 (IPS) left,left,Area hIP4 (IPS),Area hIP4 (IPS) left,左侧hIP4区（顶内沟）,resolved,
JULICH_BRAIN_CYTOARCHITECTONIC_ATLAS_V3_1_AREA_HIP5_IPS_RIGHT,Area hIP5 (IPS) right,right,Area hIP5 (IPS),Area hIP5 (IPS) right,右侧hIP5区（顶内沟）,resolved,
JULICH_BRAIN_CYTOARCHITECTONIC_ATLAS_V3_1_AREA_HIP5_IPS_LEFT,Area hIP5 (IPS) left,left,Area hIP5 (IPS),Area hIP5 (IPS) left,左侧hIP5区（顶内沟）,resolved,
JULICH_BRAIN_CYTOARCHITECTONIC_ATLAS_V3_1_AREA_HIP6_IPS_RIGHT,Area hIP6 (IPS) right,right,Area hIP6 (IPS),Area hIP6 (IPS) right,右侧hIP6区（顶内沟）,resolved,
JULICH_BRAIN_CYTOARCHITECTONIC_ATLAS_V3_1_AREA_HIP6_IPS_LEFT,Area hIP6 (IPS) left,left,Area hIP6 (IPS),Area hIP6 (IPS) left,左侧hIP6区（顶内沟）,resolved,
JULICH_BRAIN_CYTOARCHITECTONIC_ATLAS_V3_1_AREA_HIP8_IPS_RIGHT,Area hIP8 (IPS) right,right,Area hIP8 (IPS),Area hIP8 (IPS) right,右侧hIP8区（顶内沟）,resolved,
JULICH_BRAIN_CYTOARCHITECTONIC_ATLAS_V3_1_AREA_HIP8_IPS_LEFT,Area hIP8 (IPS) left,left,Area hIP8 (IPS),Area hIP8 (IPS) left,左侧hIP8区（顶内沟）,resolved,
JULICH_BRAIN_CYTOARCHITECTONIC_ATLAS_V3_1_AREA_6V3_PRECG_RIGHT,Area 6v3 (PreCG) right,right,Area 6v3 (PreCG),Area 6v3 (PreCG) right,右侧6v3区（中央前回）,resolved,
JULICH_BRAIN_CYTOARCHITECTONIC_ATLAS_V3_1_AREA_6V3_PRECG_LEFT,Area 6v3 (PreCG) left,left,Area 6v3 (PreCG),Area 6v3 (PreCG) left,左侧6v3区（中央前回）,resolved,
JULICH_BRAIN_CYTOARCHITECTONIC_ATLAS_V3_1_AREA_6V2_PRECG_RIGHT,Area 6v2 (PreCG) right,right,Area 6v2 (PreCG),Area 6v2 (PreCG) right,右侧6v2区（中央前回）,resolved,
JULICH_BRAIN_CYTOARCHITECTONIC_ATLAS_V3_1_AREA_6V2_PRECG_LEFT,Area 6v2 (PreCG) left,left,Area 6v2 (PreCG),Area 6v2 (PreCG) left,左侧6v2区（中央前回）,resolved,
JULICH_BRAIN_CYTOARCHITECTONIC_ATLAS_V3_1_AREA_6R1_PRECG_RIGHT,Area 6r1 (PreCG) right,right,Area 6r1 (PreCG),Area 6r1 (PreCG) right,右侧6r1区（中央前回）,resolved,
JULICH_BRAIN_CYTOARCHITECTONIC_ATLAS_V3_1_AREA_6R1_PRECG_LEFT,Area 6r1 (PreCG) left,left,Area 6r1 (PreCG),Area 6r1 (PreCG) left,左侧6r1区（中央前回）,resolved,
JULICH_BRAIN_CYTOARCHITECTONIC_ATLAS_V3_1_AREA_6V1_PRECG_RIGHT,Area 6v1 (PreCG) right,right,Area 6v1 (PreCG),Area 6v1 (PreCG) right,右侧6v1区（中央前回）,resolved,
JULICH_BRAIN_CYTOARCHITECTONIC_ATLAS_V3_1_AREA_6V1_PRECG_LEFT,Area 6v1 (PreCG) left,left,Area 6v1 (PreCG),Area 6v1 (PreCG) left,左侧6v1区（中央前回）,resolved,
JULICH_BRAIN_CYTOARCHITECTONIC_ATLAS_V3_1_AREA_6D2_PRECG_RIGHT,Area 6d2 (PreCG) right,right,Area 6d2 (PreCG),Area 6d2 (PreCG) right,右侧6d2区（中央前回）,resolved,
JULICH_BRAIN_CYTOARCHITECTONIC_ATLAS_V3_1_AREA_6D2_PRECG_LEFT,Area 6d2 (PreCG) left,left,Area 6d2 (PreCG),Area 6d2 (PreCG) left,左侧6d2区（中央前回）,resolved,
JULICH_BRAIN_CYTOARCHITECTONIC_ATLAS_V3_1_AREA_6D1_PRECG_RIGHT,Area 6d1 (PreCG) right,right,Area 6d1 (PreCG),Area 6d1 (PreCG) right,右侧6d1区（中央前回）,resolved,
JULICH_BRAIN_CYTOARCHITECTONIC_ATLAS_V3_1_AREA_6D1_PRECG_LEFT,Area 6d1 (PreCG) left,left,Area 6d1 (PreCG),Area 6d1 (PreCG) left,左侧6d1区（中央前回）,resolved,
JULICH_BRAIN_CYTOARCHITECTONIC_ATLAS_V3_1_AREA_6MA_PRESMA_MESIAL_SFG_RIGHT,"Area 6ma (preSMA, mesial SFG) right",right,"Area 6ma (preSMA, mesial SFG)","Area 6ma (preSMA, mesial SFG) right",右侧6ma区（前辅助运动区，内侧额上回）,resolved,
JULICH_BRAIN_CYTOARCHITECTONIC_ATLAS_V3_1_AREA_6MA_PRESMA_MESIAL_SFG_LEFT,"Area 6ma (preSMA, mesial SFG) left",left,"Area 6ma (preSMA, mesial SFG)","Area 6ma (preSMA, mesial SFG) left",左侧6ma区（前辅助运动区，内侧额上回）,resolved,
JULICH_BRAIN_CYTOARCHITECTONIC_ATLAS_V3_1_AREA_FP1_FPOLE_RIGHT,Area Fp1 (FPole) right,right,Area Fp1 (FPole),Area Fp1 (FPole) right,右侧Fp1区（额极）,resolved,
JULICH_BRAIN_CYTOARCHITECTONIC_ATLAS_V3_1_AREA_FP1_FPOLE_LEFT,Area Fp1 (FPole) left,left,Area Fp1 (FPole),Area Fp1 (FPole) left,左侧Fp1区（额极）,resolved,
JULICH_BRAIN_CYTOARCHITECTONIC_ATLAS_V3_1_AREA_FP2_FPOLE_RIGHT,Area Fp2 (FPole) right,right,Area Fp2 (FPole),Area Fp2 (FPole) right,右侧Fp2区（额极）,resolved,
JULICH_BRAIN_CYTOARCHITECTONIC_ATLAS_V3_1_AREA_FP2_FPOLE_LEFT,Area Fp2 (FPole) left,left,Area Fp2 (FPole),Area Fp2 (FPole) left,左侧Fp2区（额极）,resolved,
JULICH_BRAIN_CYTOARCHITECTONIC_ATLAS_V3_1_AREA_6MP_SMA_MESIAL_SFG_RIGHT,"Area 6mp (SMA, mesial SFG) right",right,"Area 6mp (SMA, mesial SFG)","Area 6mp (SMA, mesial SFG) right",右侧6mp区（辅助运动区，内侧额上回）,resolved,
JULICH_BRAIN_CYTOARCHITECTONIC_ATLAS_V3_1_AREA_6MP_SMA_MESIAL_SFG_LEFT,"Area 6mp (SMA, mesial SFG) left",left,"Area 6mp (SMA, mesial SFG)","Area 6mp (SMA, mesial SFG) left",左侧6mp区（辅助运动区，内侧额上回）,resolved,
JULICH_BRAIN_CYTOARCHITECTONIC_ATLAS_V3_1_AREA_FO1_OFC_RIGHT,Area Fo1 (OFC) right,right,Area Fo1 (OFC),Area Fo1 (OFC) right,右侧Fo1区（眶额皮质）,resolved,
JULICH_BRAIN_CYTOARCHITECTONIC_ATLAS_V3_1_AREA_FO1_OFC_LEFT,Area Fo1 (OFC) left,left,Area Fo1 (OFC),Area Fo1 (OFC) left,左侧Fo1区（眶额皮质）,resolved,
JULICH_BRAIN_CYTOARCHITECTONIC_ATLAS_V3_1_AREA_FO3_OFC_RIGHT,Area Fo3 (OFC) right,right,Area Fo3 (OFC),Area Fo3 (OFC) right,右侧Fo3区（眶额皮质）,resolved,
JULICH_BRAIN_CYTOARCHITECTONIC_ATLAS_V3_1_AREA_FO3_OFC_LEFT,Area Fo3 (OFC) left,left,Area Fo3 (OFC),Area Fo3 (OFC) left,左侧Fo3区（眶额皮质）,resolved,
JULICH_BRAIN_CYTOARCHITECTONIC_ATLAS_V3_1_AREA_FO2_OFC_RIGHT,Area Fo2 (OFC) right,right,Area Fo2 (OFC),Area Fo2 (OFC) right,右侧Fo2区（眶额皮质）,resolved,
JULICH_BRAIN_CYTOARCHITECTONIC_ATLAS_V3_1_AREA_FO2_OFC_LEFT,Area Fo2 (OFC) left,left,Area Fo2 (OFC),Area Fo2 (OFC) left,左侧Fo2区（眶额皮质）,resolved,
JULICH_BRAIN_CYTOARCHITECTONIC_ATLAS_V3_1_AREA_4P_PRECG_RIGHT,Area 4p (PreCG) right,right,Area 4p (PreCG),Area 4p (PreCG) right,右侧4p区（中央前回）,resolved,
JULICH_BRAIN_CYTOARCHITECTONIC_ATLAS_V3_1_AREA_4P_PRECG_LEFT,Area 4p (PreCG) left,left,Area 4p (PreCG),Area 4p (PreCG) left,左侧4p区（中央前回）,resolved,
JULICH_BRAIN_CYTOARCHITECTONIC_ATLAS_V3_1_AREA_4A_PRECG_RIGHT,Area 4a (PreCG) right,right,Area 4a (PreCG),Area 4a (PreCG) right,右侧4a区（中央前回）,resolved,
JULICH_BRAIN_CYTOARCHITECTONIC_ATLAS_V3_1_AREA_4A_PRECG_LEFT,Area 4a (PreCG) left,left,Area 4a (PreCG),Area 4a (PreCG) left,左侧4a区（中央前回）,resolved,
JULICH_BRAIN_CYTOARCHITECTONIC_ATLAS_V3_1_AREA_OP10_FRONTAL_OPERCULUM_RIGHT,Area Op10 (Frontal Operculum) right,right,Area Op10 (Frontal Operculum),Area Op10 (Frontal Operculum) right,右侧Op10区（额叶岛盖）,resolved,
JULICH_BRAIN_CYTOARCHITECTONIC_ATLAS_V3_1_AREA_OP10_FRONTAL_OPERCULUM_LEFT,Area Op10 (Frontal Operculum) left,left,Area Op10 (Frontal Operculum),Area Op10 (Frontal Operculum) left,左侧Op10区（额叶岛盖）,resolved,
JULICH_BRAIN_CYTOARCHITECTONIC_ATLAS_V3_1_AREA_OP6_FRONTAL_OPERCULUM_RIGHT,Area Op6 (Frontal Operculum) right,right,Area Op6 (Frontal Operculum),Area Op6 (Frontal Operculum) right,右侧Op6区（额叶岛盖）,resolved,
JULICH_BRAIN_CYTOARCHITECTONIC_ATLAS_V3_1_AREA_OP6_FRONTAL_OPERCULUM_LEFT,Area Op6 (Frontal Operculum) left,left,Area Op6 (Frontal Operculum),Area Op6 (Frontal Operculum) left,左侧Op6区（额叶岛盖）,resolved,
JULICH_BRAIN_CYTOARCHITECTONIC_ATLAS_V3_1_AREA_OP5_FRONTAL_OPERCULUM_RIGHT,Area Op5 (Frontal Operculum) right,right,Area Op5 (Frontal Operculum),Area Op5 (Frontal Operculum) right,右侧Op5区（额叶岛盖）,resolved,
JULICH_BRAIN_CYTOARCHITECTONIC_ATLAS_V3_1_AREA_OP5_FRONTAL_OPERCULUM_LEFT,Area Op5 (Frontal Operculum) left,left,Area Op5 (Frontal Operculum),Area Op5 (Frontal Operculum) left,左侧Op5区（额叶岛盖）,resolved,
JULICH_BRAIN_CYTOARCHITECTONIC_ATLAS_V3_1_AREA_OP7_FRONTAL_OPERCULUM_RIGHT,Area Op7 (Frontal Operculum) right,right,Area Op7 (Frontal Operculum),Area Op7 (Frontal Operculum) right,右侧Op7区（额叶岛盖）,resolved,
JULICH_BRAIN_CYTOARCHITECTONIC_ATLAS_V3_1_AREA_OP7_FRONTAL_OPERCULUM_LEFT,Area Op7 (Frontal Operculum) left,left,Area Op7 (Frontal Operculum),Area Op7 (Frontal Operculum) left,左侧Op7区（额叶岛盖）,resolved,
JULICH_BRAIN_CYTOARCHITECTONIC_ATLAS_V3_1_AREA_OP9_FRONTAL_OPERCULUM_RIGHT,Area Op9 (Frontal Operculum) right,right,Area Op9 (Frontal Operculum),Area Op9 (Frontal Operculum) right,右侧Op9区（额叶岛盖）,resolved,
JULICH_BRAIN_CYTOARCHITECTONIC_ATLAS_V3_1_AREA_OP9_FRONTAL_OPERCULUM_LEFT,Area Op9 (Frontal Operculum) left,left,Area Op9 (Frontal Operculum),Area Op9 (Frontal Operculum) left,左侧Op9区（额叶岛盖）,resolved,
JULICH_BRAIN_CYTOARCHITECTONIC_ATLAS_V3_1_AREA_OP8_FRONTAL_OPERCULUM_RIGHT,Area Op8 (Frontal Operculum) right,right,Area Op8 (Frontal Operculum),Area Op8 (Frontal Operculum) right,右侧Op8区（额叶岛盖）,resolved,
JULICH_BRAIN_CYTOARCHITECTONIC_ATLAS_V3_1_AREA_OP8_FRONTAL_OPERCULUM_LEFT,Area Op8 (Frontal Operculum) left,left,Area Op8 (Frontal Operculum),Area Op8 (Frontal Operculum) left,左侧Op8区（额叶岛盖）,resolved,
JULICH_BRAIN_CYTOARCHITECTONIC_ATLAS_V3_1_AREA_IFS4_IFS_RIGHT,Area IFS4 (IFS) right,right,Area IFS4 (IFS),Area IFS4 (IFS) right,右侧IFS4区（额下沟）,resolved,
JULICH_BRAIN_CYTOARCHITECTONIC_ATLAS_V3_1_AREA_IFS4_IFS_LEFT,Area IFS4 (IFS) left,left,Area IFS4 (IFS),Area IFS4 (IFS) left,左侧IFS4区（额下沟）,resolved,
JULICH_BRAIN_CYTOARCHITECTONIC_ATLAS_V3_1_AREA_IFS2_IFS_RIGHT,Area IFS2 (IFS) right,right,Area IFS2 (IFS),Area IFS2 (IFS) right,右侧IFS2区（额下沟）,resolved,
JULICH_BRAIN_CYTOARCHITECTONIC_ATLAS_V3_1_AREA_IFS2_IFS_LEFT,Area IFS2 (IFS) left,left,Area IFS2 (IFS),Area IFS2 (IFS) left,左侧IFS2区（额下沟）,resolved,
JULICH_BRAIN_CYTOARCHITECTONIC_ATLAS_V3_1_AREA_IFS1_IFS_RIGHT,Area IFS1 (IFS) right,right,Area IFS1 (IFS),Area IFS1 (IFS) right,右侧IFS1区（额下沟）,resolved,
JULICH_BRAIN_CYTOARCHITECTONIC_ATLAS_V3_1_AREA_IFS1_IFS_LEFT,Area IFS1 (IFS) left,left,Area IFS1 (IFS),Area IFS1 (IFS) left,左侧IFS1区（额下沟）,resolved,
JULICH_BRAIN_CYTOARCHITECTONIC_ATLAS_V3_1_AREA_IFJ2_IFS_PRECS_RIGHT,"Area IFJ2 (IFS, PreCS) right",right,"Area IFJ2 (IFS, PreCS)","Area IFJ2 (IFS, PreCS) right",右侧IFJ2区（额下沟，中央前沟）,resolved,
JULICH_BRAIN_CYTOARCHITECTONIC_ATLAS_V3_1_AREA_IFJ2_IFS_PRECS_LEFT,"Area IFJ2 (IFS, PreCS) left",left,"Area IFJ2 (IFS, PreCS)","Area IFJ2 (IFS, PreCS) left",左侧IFJ2区（额下沟，中央前沟）,resolved,
JULICH_BRAIN_CYTOARCHITECTONIC_ATLAS_V3_1_AREA_IFS3_IFS_RIGHT,Area IFS3 (IFS) right,right,Area IFS3 (IFS),Area IFS3 (IFS) right,右侧IFS3区（额下沟）,resolved,
JULICH_BRAIN_CYTOARCHITECTONIC_ATLAS_V3_1_AREA_IFS3_IFS_LEFT,Area IFS3 (IFS) left,left,Area IFS3 (IFS),Area IFS3 (IFS) left,左侧IFS3区（额下沟）,resolved,
JULICH_BRAIN_CYTOARCHITECTONIC_ATLAS_V3_1_AREA_IFJ1_IFS_PRECS_RIGHT,"Area IFJ1 (IFS, PreCS) right",right,"Area IFJ1 (IFS, PreCS)","Area IFJ1 (IFS, PreCS) right",右侧IFJ1区（额下沟，中央前沟）,resolved,
JULICH_BRAIN_CYTOARCHITECTONIC_ATLAS_V3_1_AREA_IFJ1_IFS_PRECS_LEFT,"Area IFJ1 (IFS, PreCS) left",left,"Area IFJ1 (IFS, PreCS)","Area IFJ1 (IFS, PreCS) left",左侧IFJ1区（额下沟，中央前沟）,resolved,
JULICH_BRAIN_CYTOARCHITECTONIC_ATLAS_V3_1_AREA_MFG2_MFG_RIGHT,Area MFG2 (MFG) right,right,Area MFG2 (MFG),Area MFG2 (MFG) right,右侧MFG2区（额中回）,resolved,
JULICH_BRAIN_CYTOARCHITECTONIC_ATLAS_V3_1_AREA_MFG2_MFG_LEFT,Area MFG2 (MFG) left,left,Area MFG2 (MFG),Area MFG2 (MFG) left,左侧MFG2区（额中回）,resolved,
JULICH_BRAIN_CYTOARCHITECTONIC_ATLAS_V3_1_AREA_44_IFG_RIGHT,Area 44 (IFG) right,right,Area 44 (IFG),Area 44 (IFG) right,右侧44区（额下回）,resolved,
JULICH_BRAIN_CYTOARCHITECTONIC_ATLAS_V3_1_AREA_44_IFG_LEFT,Area 44 (IFG) left,left,Area 44 (IFG),Area 44 (IFG) left,左侧44区（额下回）,resolved,
JULICH_BRAIN_CYTOARCHITECTONIC_ATLAS_V3_1_AREA_45_IFG_RIGHT,Area 45 (IFG) right,right,Area 45 (IFG),Area 45 (IFG) right,右侧45区（额下回）,resolved,
JULICH_BRAIN_CYTOARCHITECTONIC_ATLAS_V3_1_AREA_45_IFG_LEFT,Area 45 (IFG) left,left,Area 45 (IFG),Area 45 (IFG) left,左侧45区（额下回）,resolved,
JULICH_BRAIN_CYTOARCHITECTONIC_ATLAS_V3_1_AREA_8V2_MFG_RIGHT,Area 8v2 (MFG) right,right,Area 8v2 (MFG),Area 8v2 (MFG) right,右侧8v2区（额中回）,resolved,
JULICH_BRAIN_CYTOARCHITECTONIC_ATLAS_V3_1_AREA_8V2_MFG_LEFT,Area 8v2 (MFG) left,left,Area 8v2 (MFG),Area 8v2 (MFG) left,左侧8v2区（额中回）,resolved,
JULICH_BRAIN_CYTOARCHITECTONIC_ATLAS_V3_1_AREA_8V1_MFG_RIGHT,Area 8v1 (MFG) right,right,Area 8v1 (MFG),Area 8v1 (MFG) right,右侧8v1区（额中回）,resolved,
JULICH_BRAIN_CYTOARCHITECTONIC_ATLAS_V3_1_AREA_8V1_MFG_LEFT,Area 8v1 (MFG) left,left,Area 8v1 (MFG),Area 8v1 (MFG) left,左侧8v1区（额中回）,resolved,
JULICH_BRAIN_CYTOARCHITECTONIC_ATLAS_V3_1_AREA_MFG4_MFG_RIGHT,Area MFG4 (MFG) right,right,Area MFG4 (MFG),Area MFG4 (MFG) right,右侧MFG4区（额中回）,resolved,
JULICH_BRAIN_CYTOARCHITECTONIC_ATLAS_V3_1_AREA_MFG4_MFG_LEFT,Area MFG4 (MFG) left,left,Area MFG4 (MFG),Area MFG4 (MFG) left,左侧MFG4区（额中回）,resolved,
JULICH_BRAIN_CYTOARCHITECTONIC_ATLAS_V3_1_AREA_MFG1_MFG_RIGHT,Area MFG1 (MFG) right,right,Area MFG1 (MFG),Area MFG1 (MFG) right,右侧MFG1区（额中回）,resolved,
JULICH_BRAIN_CYTOARCHITECTONIC_ATLAS_V3_1_AREA_MFG1_MFG_LEFT,Area MFG1 (MFG) left,left,Area MFG1 (MFG),Area MFG1 (MFG) left,左侧MFG1区（额中回）,resolved,
JULICH_BRAIN_CYTOARCHITECTONIC_ATLAS_V3_1_AREA_SFS2_SFS_RIGHT,Area SFS2 (SFS) right,right,Area SFS2 (SFS),Area SFS2 (SFS) right,右侧SFS2区（额上沟）,resolved,
JULICH_BRAIN_CYTOARCHITECTONIC_ATLAS_V3_1_AREA_SFS2_SFS_LEFT,Area SFS2 (SFS) left,left,Area SFS2 (SFS),Area SFS2 (SFS) left,左侧SFS2区（额上沟）,resolved,
JULICH_BRAIN_CYTOARCHITECTONIC_ATLAS_V3_1_AREA_6D3_SFS_RIGHT,Area 6d3 (SFS) right,right,Area 6d3 (SFS),Area 6d3 (SFS) right,右侧6d3区（额上沟）,resolved,
JULICH_BRAIN_CYTOARCHITECTONIC_ATLAS_V3_1_AREA_6D3_SFS_LEFT,Area 6d3 (SFS) left,left,Area 6d3 (SFS),Area 6d3 (SFS) left,左侧6d3区（额上沟）,resolved,
JULICH_BRAIN_CYTOARCHITECTONIC_ATLAS_V3_1_AREA_SFS1_SFS_RIGHT,Area SFS1 (SFS) right,right,Area SFS1 (SFS),Area SFS1 (SFS) right,右侧SFS1区（额上沟）,resolved,
JULICH_BRAIN_CYTOARCHITECTONIC_ATLAS_V3_1_AREA_SFS1_SFS_LEFT,Area SFS1 (SFS) left,left,Area SFS1 (SFS),Area SFS1 (SFS) left,左侧SFS1区（额上沟）,resolved,
JULICH_BRAIN_CYTOARCHITECTONIC_ATLAS_V3_1_AREA_SFG3_SFG_RIGHT,Area SFG3 (SFG) right,right,Area SFG3 (SFG),Area SFG3 (SFG) right,右侧SFG3区（额上回）,resolved,
JULICH_BRAIN_CYTOARCHITECTONIC_ATLAS_V3_1_AREA_SFG3_SFG_LEFT,Area SFG3 (SFG) left,left,Area SFG3 (SFG),Area SFG3 (SFG) left,左侧SFG3区（额上回）,resolved,
JULICH_BRAIN_CYTOARCHITECTONIC_ATLAS_V3_1_AREA_MFG5_MFG_IFG_RIGHT,"Area MFG5 (MFG, IFG) right",right,"Area MFG5 (MFG, IFG)","Area MFG5 (MFG, IFG) right",右侧MFG5区（额中回，额下回）,resolved,
JULICH_BRAIN_CYTOARCHITECTONIC_ATLAS_V3_1_AREA_MFG5_MFG_IFG_LEFT,"Area MFG5 (MFG, IFG) left",left,"Area MFG5 (MFG, IFG)","Area MFG5 (MFG, IFG) left",左侧MFG5区（额中回，额下回）,resolved,
JULICH_BRAIN_CYTOARCHITECTONIC_ATLAS_V3_1_AREA_SFG2_SFG_RIGHT,Area SFG2 (SFG) right,right,Area SFG2 (SFG),Area SFG2 (SFG) right,右侧SFG2区（额上回）,resolved,
JULICH_BRAIN_CYTOARCHITECTONIC_ATLAS_V3_1_AREA_SFG2_SFG_LEFT,Area SFG2 (SFG) left,left,Area SFG2 (SFG),Area SFG2 (SFG) left,左侧SFG2区（额上回）,resolved,
JULICH_BRAIN_CYTOARCHITECTONIC_ATLAS_V3_1_AREA_8D2_SFG_RIGHT,Area 8d2 (SFG) right,right,Area 8d2 (SFG),Area 8d2 (SFG) right,右侧8d2区（额上回）,resolved,
JULICH_BRAIN_CYTOARCHITECTONIC_ATLAS_V3_1_AREA_8D2_SFG_LEFT,Area 8d2 (SFG) left,left,Area 8d2 (SFG),Area 8d2 (SFG) left,左侧8d2区（额上回）,resolved,
JULICH_BRAIN_CYTOARCHITECTONIC_ATLAS_V3_1_AREA_8D1_SFG_RIGHT,Area 8d1 (SFG) right,right,Area 8d1 (SFG),Area 8d1 (SFG) right,右侧8d1区（额上回）,resolved,
JULICH_BRAIN_CYTOARCHITECTONIC_ATLAS_V3_1_AREA_8D1_SFG_LEFT,Area 8d1 (SFG) left,left,Area 8d1 (SFG),Area 8d1 (SFG) left,左侧8d1区（额上回）,resolved,
JULICH_BRAIN_CYTOARCHITECTONIC_ATLAS_V3_1_AREA_SFG4_SFG_RIGHT,Area SFG4 (SFG) right,right,Area SFG4 (SFG),Area SFG4 (SFG) right,右侧SFG4区（额上回）,resolved,
JULICH_BRAIN_CYTOARCHITECTONIC_ATLAS_V3_1_AREA_SFG4_SFG_LEFT,Area SFG4 (SFG) left,left,Area SFG4 (SFG),Area SFG4 (SFG) left,左侧SFG4区（额上回）,resolved,
JULICH_BRAIN_CYTOARCHITECTONIC_ATLAS_V3_1_AREA_FO6_OFC_RIGHT,Area Fo6 (OFC) right,right,Area Fo6 (OFC),Area Fo6 (OFC) right,右侧Fo6区（眶额皮质）,resolved,
JULICH_BRAIN_CYTOARCHITECTONIC_ATLAS_V3_1_AREA_FO6_OFC_LEFT,Area Fo6 (OFC) left,left,Area Fo6 (OFC),Area Fo6 (OFC) left,左侧Fo6区（眶额皮质）,resolved,
JULICH_BRAIN_CYTOARCHITECTONIC_ATLAS_V3_1_AREA_FO5_OFC_RIGHT,Area Fo5 (OFC) right,right,Area Fo5 (OFC),Area Fo5 (OFC) right,右侧Fo5区（眶额皮质）,resolved,
JULICH_BRAIN_CYTOARCHITECTONIC_ATLAS_V3_1_AREA_FO5_OFC_LEFT,Area Fo5 (OFC) left,left,Area Fo5 (OFC),Area Fo5 (OFC) left,左侧Fo5区（眶额皮质）,resolved,
JULICH_BRAIN_CYTOARCHITECTONIC_ATLAS_V3_1_AREA_FO7_OFC_RIGHT,Area Fo7 (OFC) right,right,Area Fo7 (OFC),Area Fo7 (OFC) right,右侧Fo7区（眶额皮质）,resolved,
JULICH_BRAIN_CYTOARCHITECTONIC_ATLAS_V3_1_AREA_FO7_OFC_LEFT,Area Fo7 (OFC) left,left,Area Fo7 (OFC),Area Fo7 (OFC) left,左侧Fo7区（眶额皮质）,resolved,
JULICH_BRAIN_CYTOARCHITECTONIC_ATLAS_V3_1_AREA_FO4_OFC_RIGHT,Area Fo4 (OFC) right,right,Area Fo4 (OFC),Area Fo4 (OFC) right,右侧Fo4区（眶额皮质）,resolved,
JULICH_BRAIN_CYTOARCHITECTONIC_ATLAS_V3_1_AREA_FO4_OFC_LEFT,Area Fo4 (OFC) left,left,Area Fo4 (OFC),Area Fo4 (OFC) left,左侧Fo4区（眶额皮质）,resolved,
JULICH_BRAIN_CYTOARCHITECTONIC_ATLAS_V3_1_AREA_IG3_INSULA_RIGHT,Area Ig3 (Insula) right,right,Area Ig3 (Insula),Area Ig3 (Insula) right,右侧Ig3区（岛叶）,resolved,
JULICH_BRAIN_CYTOARCHITECTONIC_ATLAS_V3_1_AREA_IG3_INSULA_LEFT,Area Ig3 (Insula) left,left,Area Ig3 (Insula),Area Ig3 (Insula) left,左侧Ig3区（岛叶）,resolved,
JULICH_BRAIN_CYTOARCHITECTONIC_ATLAS_V3_1_AREA_IG1_INSULA_RIGHT,Area Ig1 (Insula) right,right,Area Ig1 (Insula),Area Ig1 (Insula) right,右侧Ig1区（岛叶）,resolved,
JULICH_BRAIN_CYTOARCHITECTONIC_ATLAS_V3_1_AREA_IG1_INSULA_LEFT,Area Ig1 (Insula) left,left,Area Ig1 (Insula),Area Ig1 (Insula) left,左侧Ig1区（岛叶）,resolved,
JULICH_BRAIN_CYTOARCHITECTONIC_ATLAS_V3_1_AREA_IG2_INSULA_RIGHT,Area Ig2 (Insula) right,right,Area Ig2 (Insula),Area Ig2 (Insula) right,右侧Ig2区（岛叶）,resolved,
JULICH_BRAIN_CYTOARCHITECTONIC_ATLAS_V3_1_AREA_IG2_INSULA_LEFT,Area Ig2 (Insula) left,left,Area Ig2 (Insula),Area Ig2 (Insula) left,左侧Ig2区（岛叶）,resolved,
JULICH_BRAIN_CYTOARCHITECTONIC_ATLAS_V3_1_AREA_IA2_INSULA_RIGHT,Area Ia2 (Insula) right,right,Area Ia2 (Insula),Area Ia2 (Insula) right,右侧Ia2区（岛叶）,resolved,
JULICH_BRAIN_CYTOARCHITECTONIC_ATLAS_V3_1_AREA_IA2_INSULA_LEFT,Area Ia2 (Insula) left,left,Area Ia2 (Insula),Area Ia2 (Insula) left,左侧Ia2区（岛叶）,resolved,
JULICH_BRAIN_CYTOARCHITECTONIC_ATLAS_V3_1_AREA_IA1_INSULA_RIGHT,Area Ia1 (Insula) right,right,Area Ia1 (Insula),Area Ia1 (Insula) right,右侧Ia1区（岛叶）,resolved,
JULICH_BRAIN_CYTOARCHITECTONIC_ATLAS_V3_1_AREA_IA1_INSULA_LEFT,Area Ia1 (Insula) left,left,Area Ia1 (Insula),Area Ia1 (Insula) left,左侧Ia1区（岛叶）,resolved,
JULICH_BRAIN_CYTOARCHITECTONIC_ATLAS_V3_1_AREA_IA3_INSULA_RIGHT,Area Ia3 (Insula) right,right,Area Ia3 (Insula),Area Ia3 (Insula) right,右侧Ia3区（岛叶）,resolved,
JULICH_BRAIN_CYTOARCHITECTONIC_ATLAS_V3_1_AREA_IA3_INSULA_LEFT,Area Ia3 (Insula) left,left,Area Ia3 (Insula),Area Ia3 (Insula) left,左侧Ia3区（岛叶）,resolved,
JULICH_BRAIN_CYTOARCHITECTONIC_ATLAS_V3_1_AREA_ID2_INSULA_RIGHT,Area Id2 (Insula) right,right,Area Id2 (Insula),Area Id2 (Insula) right,右侧Id2区（岛叶）,resolved,
JULICH_BRAIN_CYTOARCHITECTONIC_ATLAS_V3_1_AREA_ID2_INSULA_LEFT,Area Id2 (Insula) left,left,Area Id2 (Insula),Area Id2 (Insula) left,左侧Id2区（岛叶）,resolved,
JULICH_BRAIN_CYTOARCHITECTONIC_ATLAS_V3_1_AREA_ID8_INSULA_RIGHT,Area Id8 (Insula) right,right,Area Id8 (Insula),Area Id8 (Insula) right,右侧Id8区（岛叶）,resolved,
JULICH_BRAIN_CYTOARCHITECTONIC_ATLAS_V3_1_AREA_ID8_INSULA_LEFT,Area Id8 (Insula) left,left,Area Id8 (Insula),Area Id8 (Insula) left,左侧Id8区（岛叶）,resolved,
JULICH_BRAIN_CYTOARCHITECTONIC_ATLAS_V3_1_AREA_ID1_INSULA_RIGHT,Area Id1 (Insula) right,right,Area Id1 (Insula),Area Id1 (Insula) right,右侧Id1区（岛叶）,resolved,
JULICH_BRAIN_CYTOARCHITECTONIC_ATLAS_V3_1_AREA_ID1_INSULA_LEFT,Area Id1 (Insula) left,left,Area Id1 (Insula),Area Id1 (Insula) left,左侧Id1区（岛叶）,resolved,
JULICH_BRAIN_CYTOARCHITECTONIC_ATLAS_V3_1_AREA_ID9_INSULA_RIGHT,Area Id9 (Insula) right,right,Area Id9 (Insula),Area Id9 (Insula) right,右侧Id9区（岛叶）,resolved,
JULICH_BRAIN_CYTOARCHITECTONIC_ATLAS_V3_1_AREA_ID9_INSULA_LEFT,Area Id9 (Insula) left,left,Area Id9 (Insula),Area Id9 (Insula) left,左侧Id9区（岛叶）,resolved,
JULICH_BRAIN_CYTOARCHITECTONIC_ATLAS_V3_1_AREA_ID7_INSULA_RIGHT,Area Id7 (Insula) right,right,Area Id7 (Insula),Area Id7 (Insula) right,右侧Id7区（岛叶）,resolved,
JULICH_BRAIN_CYTOARCHITECTONIC_ATLAS_V3_1_AREA_ID7_INSULA_LEFT,Area Id7 (Insula) left,left,Area Id7 (Insula),Area Id7 (Insula) left,左侧Id7区（岛叶）,resolved,
JULICH_BRAIN_CYTOARCHITECTONIC_ATLAS_V3_1_AREA_ID5_INSULA_RIGHT,Area Id5 (Insula) right,right,Area Id5 (Insula),Area Id5 (Insula) right,右侧Id5区（岛叶）,resolved,
JULICH_BRAIN_CYTOARCHITECTONIC_ATLAS_V3_1_AREA_ID5_INSULA_LEFT,Area Id5 (Insula) left,left,Area Id5 (Insula),Area Id5 (Insula) left,左侧Id5区（岛叶）,resolved,
JULICH_BRAIN_CYTOARCHITECTONIC_ATLAS_V3_1_AREA_ID6_INSULA_RIGHT,Area Id6 (Insula) right,right,Area Id6 (Insula),Area Id6 (Insula) right,右侧Id6区（岛叶）,resolved,
JULICH_BRAIN_CYTOARCHITECTONIC_ATLAS_V3_1_AREA_ID6_INSULA_LEFT,Area Id6 (Insula) left,left,Area Id6 (Insula),Area Id6 (Insula) left,左侧Id6区（岛叶）,resolved,
JULICH_BRAIN_CYTOARCHITECTONIC_ATLAS_V3_1_AREA_ID10_INSULA_RIGHT,Area Id10 (Insula) right,right,Area Id10 (Insula),Area Id10 (Insula) right,右侧Id10区（岛叶）,resolved,
JULICH_BRAIN_CYTOARCHITECTONIC_ATLAS_V3_1_AREA_ID10_INSULA_LEFT,Area Id10 (Insula) left,left,Area Id10 (Insula),Area Id10 (Insula) left,左侧Id10区（岛叶）,resolved,
JULICH_BRAIN_CYTOARCHITECTONIC_ATLAS_V3_1_AREA_ID4_INSULA_RIGHT,Area Id4 (Insula) right,right,Area Id4 (Insula),Area Id4 (Insula) right,右侧Id4区（岛叶）,resolved,
JULICH_BRAIN_CYTOARCHITECTONIC_ATLAS_V3_1_AREA_ID4_INSULA_LEFT,Area Id4 (Insula) left,left,Area Id4 (Insula),Area Id4 (Insula) left,左侧Id4区（岛叶）,resolved,
JULICH_BRAIN_CYTOARCHITECTONIC_ATLAS_V3_1_AREA_ID3_INSULA_RIGHT,Area Id3 (Insula) right,right,Area Id3 (Insula),Area Id3 (Insula) right,右侧Id3区（岛叶）,resolved,
JULICH_BRAIN_CYTOARCHITECTONIC_ATLAS_V3_1_AREA_ID3_INSULA_LEFT,Area Id3 (Insula) left,left,Area Id3 (Insula),Area Id3 (Insula) left,左侧Id3区（岛叶）,resolved,
JULICH_BRAIN_CYTOARCHITECTONIC_ATLAS_V3_1_AREA_STS2_STS_RIGHT,Area STS2 (STS) right,right,Area STS2 (STS),Area STS2 (STS) right,右侧STS2区（颞上沟）,resolved,
JULICH_BRAIN_CYTOARCHITECTONIC_ATLAS_V3_1_AREA_STS2_STS_LEFT,Area STS2 (STS) left,left,Area STS2 (STS),Area STS2 (STS) left,左侧STS2区（颞上沟）,resolved,
JULICH_BRAIN_CYTOARCHITECTONIC_ATLAS_V3_1_AREA_STS1_STS_RIGHT,Area STS1 (STS) right,right,Area STS1 (STS),Area STS1 (STS) right,右侧STS1区（颞上沟）,resolved,
JULICH_BRAIN_CYTOARCHITECTONIC_ATLAS_V3_1_AREA_STS1_STS_LEFT,Area STS1 (STS) left,left,Area STS1 (STS),Area STS1 (STS) left,左侧STS1区（颞上沟）,resolved,
JULICH_BRAIN_CYTOARCHITECTONIC_ATLAS_V3_1_AREA_OTS1_OTS_RIGHT,Area OTS1 (OTS) right,right,Area OTS1 (OTS),Area OTS1 (OTS) right,右侧OTS1区（枕颞沟）,resolved,
JULICH_BRAIN_CYTOARCHITECTONIC_ATLAS_V3_1_AREA_OTS1_OTS_LEFT,Area OTS1 (OTS) left,left,Area OTS1 (OTS),Area OTS1 (OTS) left,左侧OTS1区（枕颞沟）,resolved,
JULICH_BRAIN_CYTOARCHITECTONIC_ATLAS_V3_1_AREA_TE_3_STG_RIGHT,Area Te 3 (STG) right,right,Area Te 3 (STG),Area Te 3 (STG) right,右侧Te 3区（颞上回）,resolved,
JULICH_BRAIN_CYTOARCHITECTONIC_ATLAS_V3_1_AREA_TE_3_STG_LEFT,Area Te 3 (STG) left,left,Area Te 3 (STG),Area Te 3 (STG) left,左侧Te 3区（颞上回）,resolved,
JULICH_BRAIN_CYTOARCHITECTONIC_ATLAS_V3_1_AREA_TE_2_2_STG_RIGHT,Area Te 2.2 (STG) right,right,Area Te 2.2 (STG),Area Te 2.2 (STG) right,右侧Te 2.2区（颞上回）,resolved,
JULICH_BRAIN_CYTOARCHITECTONIC_ATLAS_V3_1_AREA_TE_2_2_STG_LEFT,Area Te 2.2 (STG) left,left,Area Te 2.2 (STG),Area Te 2.2 (STG) left,左侧Te 2.2区（颞上回）,resolved,
JULICH_BRAIN_CYTOARCHITECTONIC_ATLAS_V3_1_AREA_TE_2_1_STG_RIGHT,Area Te 2.1 (STG) right,right,Area Te 2.1 (STG),Area Te 2.1 (STG) right,右侧Te 2.1区（颞上回）,resolved,
JULICH_BRAIN_CYTOARCHITECTONIC_ATLAS_V3_1_AREA_TE_2_1_STG_LEFT,Area Te 2.1 (STG) left,left,Area Te 2.1 (STG),Area Te 2.1 (STG) left,左侧Te 2.1区（颞上回）,resolved,
JULICH_BRAIN_CYTOARCHITECTONIC_ATLAS_V3_1_AREA_TE_1_1_HESCHL_RIGHT,Area Te 1.1 (HESCHL) right,right,Area Te 1.1 (HESCHL),Area Te 1.1 (HESCHL) right,右侧Te 1.1区（颞横回）,resolved,
JULICH_BRAIN_CYTOARCHITECTONIC_ATLAS_V3_1_AREA_TE_1_1_HESCHL_LEFT,Area Te 1.1 (HESCHL) left,left,Area Te 1.1 (HESCHL),Area Te 1.1 (HESCHL) left,左侧Te 1.1区（颞横回）,resolved,
JULICH_BRAIN_CYTOARCHITECTONIC_ATLAS_V3_1_AREA_TE_1_2_HESCHL_RIGHT,Area Te 1.2 (HESCHL) right,right,Area Te 1.2 (HESCHL),Area Te 1.2 (HESCHL) right,右侧Te 1.2区（颞横回）,resolved,
JULICH_BRAIN_CYTOARCHITECTONIC_ATLAS_V3_1_AREA_TE_1_2_HESCHL_LEFT,Area Te 1.2 (HESCHL) left,left,Area Te 1.2 (HESCHL),Area Te 1.2 (HESCHL) left,左侧Te 1.2区（颞横回）,resolved,
JULICH_BRAIN_CYTOARCHITECTONIC_ATLAS_V3_1_AREA_TE_1_0_HESCHL_RIGHT,Area Te 1.0 (HESCHL) right,right,Area Te 1.0 (HESCHL),Area Te 1.0 (HESCHL) right,右侧Te 1.0区（颞横回）,resolved,
JULICH_BRAIN_CYTOARCHITECTONIC_ATLAS_V3_1_AREA_TE_1_0_HESCHL_LEFT,Area Te 1.0 (HESCHL) left,left,Area Te 1.0 (HESCHL),Area Te 1.0 (HESCHL) left,左侧Te 1.0区（颞横回）,resolved,
JULICH_BRAIN_CYTOARCHITECTONIC_ATLAS_V3_1_AREA_PH1_PHG_RIGHT,Area Ph1 (PhG) right,right,Area Ph1 (PhG),Area Ph1 (PhG) right,右侧Ph1区（海马旁回）,resolved,
JULICH_BRAIN_CYTOARCHITECTONIC_ATLAS_V3_1_AREA_PH1_PHG_LEFT,Area Ph1 (PhG) left,left,Area Ph1 (PhG),Area Ph1 (PhG) left,左侧Ph1区（海马旁回）,resolved,
JULICH_BRAIN_CYTOARCHITECTONIC_ATLAS_V3_1_AREA_PH2_PHG_RIGHT,Area Ph2 (PhG) right,right,Area Ph2 (PhG),Area Ph2 (PhG) right,右侧Ph2区（海马旁回）,resolved,
JULICH_BRAIN_CYTOARCHITECTONIC_ATLAS_V3_1_AREA_PH2_PHG_LEFT,Area Ph2 (PhG) left,left,Area Ph2 (PhG),Area Ph2 (PhG) left,左侧Ph2区（海马旁回）,resolved,
JULICH_BRAIN_CYTOARCHITECTONIC_ATLAS_V3_1_AREA_PH3_PHG_RIGHT,Area Ph3 (PhG) right,right,Area Ph3 (PhG),Area Ph3 (PhG) right,右侧Ph3区（海马旁回）,resolved,
JULICH_BRAIN_CYTOARCHITECTONIC_ATLAS_V3_1_AREA_PH3_PHG_LEFT,Area Ph3 (PhG) left,left,Area Ph3 (PhG),Area Ph3 (PhG) left,左侧Ph3区（海马旁回）,resolved,
JULICH_BRAIN_CYTOARCHITECTONIC_ATLAS_V3_1_AREA_COS1_COS_RIGHT,Area CoS1 (CoS) right,right,Area CoS1 (CoS),Area CoS1 (CoS) right,右侧CoS1区（侧副沟）,resolved,
JULICH_BRAIN_CYTOARCHITECTONIC_ATLAS_V3_1_AREA_COS1_COS_LEFT,Area CoS1 (CoS) left,left,Area CoS1 (CoS),Area CoS1 (CoS) left,左侧CoS1区（侧副沟）,resolved,
JULICH_BRAIN_CYTOARCHITECTONIC_ATLAS_V3_1_AREA_TI_STG_RIGHT,Area TI (STG) right,right,Area TI (STG),Area TI (STG) right,右侧TI区（颞上回）,resolved,
JULICH_BRAIN_CYTOARCHITECTONIC_ATLAS_V3_1_AREA_TI_STG_LEFT,Area TI (STG) left,left,Area TI (STG),Area TI (STG) left,左侧TI区（颞上回）,resolved,
JULICH_BRAIN_CYTOARCHITECTONIC_ATLAS_V3_1_AREA_TEI_STG_RIGHT,Area TeI (STG) right,right,Area TeI (STG),Area TeI (STG) right,右侧TeI区（颞上回）,resolved,
JULICH_BRAIN_CYTOARCHITECTONIC_ATLAS_V3_1_AREA_TEI_STG_LEFT,Area TeI (STG) left,left,Area TeI (STG),Area TeI (STG) left,左侧TeI区（颞上回）,resolved,
JULICH_BRAIN_CYTOARCHITECTONIC_ATLAS_V3_1_AREA_FG5_FUSG_RIGHT,Area FG5 (FusG) right,right,Area FG5 (FusG),Area FG5 (FusG) right,右侧FG5区（梭状回）,resolved,
JULICH_BRAIN_CYTOARCHITECTONIC_ATLAS_V3_1_AREA_FG5_FUSG_LEFT,Area FG5 (FusG) left,left,Area FG5 (FusG),Area FG5 (FusG) left,左侧FG5区（梭状回）,resolved,
JULICH_BRAIN_CYTOARCHITECTONIC_ATLAS_V3_1_AREA_FG2_FUSG_RIGHT,Area FG2 (FusG) right,right,Area FG2 (FusG),Area FG2 (FusG) right,右侧FG2区（梭状回）,resolved,
JULICH_BRAIN_CYTOARCHITECTONIC_ATLAS_V3_1_AREA_FG2_FUSG_LEFT,Area FG2 (FusG) left,left,Area FG2 (FusG),Area FG2 (FusG) left,左侧FG2区（梭状回）,resolved,
JULICH_BRAIN_CYTOARCHITECTONIC_ATLAS_V3_1_AREA_FG3_FUSG_RIGHT,Area FG3 (FusG) right,right,Area FG3 (FusG),Area FG3 (FusG) right,右侧FG3区（梭状回）,resolved,
JULICH_BRAIN_CYTOARCHITECTONIC_ATLAS_V3_1_AREA_FG3_FUSG_LEFT,Area FG3 (FusG) left,left,Area FG3 (FusG),Area FG3 (FusG) left,左侧FG3区（梭状回）,resolved,
JULICH_BRAIN_CYTOARCHITECTONIC_ATLAS_V3_1_AREA_FG1_FUSG_RIGHT,Area FG1 (FusG) right,right,Area FG1 (FusG),Area FG1 (FusG) right,右侧FG1区（梭状回）,resolved,
JULICH_BRAIN_CYTOARCHITECTONIC_ATLAS_V3_1_AREA_FG1_FUSG_LEFT,Area FG1 (FusG) left,left,Area FG1 (FusG),Area FG1 (FusG) left,左侧FG1区（梭状回）,resolved,
JULICH_BRAIN_CYTOARCHITECTONIC_ATLAS_V3_1_AREA_FG4_FUSG_RIGHT,Area FG4 (FusG) right,right,Area FG4 (FusG),Area FG4 (FusG) right,右侧FG4区（梭状回）,resolved,
JULICH_BRAIN_CYTOARCHITECTONIC_ATLAS_V3_1_AREA_FG4_FUSG_LEFT,Area FG4 (FusG) left,left,Area FG4 (FusG),Area FG4 (FusG) left,左侧FG4区（梭状回）,resolved,
JULICH_BRAIN_CYTOARCHITECTONIC_ATLAS_V3_1_AREA_TPJ_STG_SMG_RIGHT,"Area TPJ (STG, SMG) right",right,"Area TPJ (STG, SMG)","Area TPJ (STG, SMG) right",右侧TPJ区（颞上回，缘上回）,resolved,
JULICH_BRAIN_CYTOARCHITECTONIC_ATLAS_V3_1_AREA_TPJ_STG_SMG_LEFT,"Area TPJ (STG, SMG) left",left,"Area TPJ (STG, SMG)","Area TPJ (STG, SMG) left",左侧TPJ区（颞上回，缘上回）,resolved,
JULICH_BRAIN_CYTOARCHITECTONIC_ATLAS_V3_1_AREA_HOC2_V2_18_RIGHT,"Area hOc2 (V2, 18) right",right,"Area hOc2 (V2, 18)","Area hOc2 (V2, 18) right",右侧hOc2区（V2，18）,resolved,
JULICH_BRAIN_CYTOARCHITECTONIC_ATLAS_V3_1_AREA_HOC2_V2_18_LEFT,"Area hOc2 (V2, 18) left",left,"Area hOc2 (V2, 18)","Area hOc2 (V2, 18) left",左侧hOc2区（V2，18）,resolved,
JULICH_BRAIN_CYTOARCHITECTONIC_ATLAS_V3_1_AREA_HOC1_V1_17_CALCS_RIGHT,"Area hOc1 (V1, 17, CalcS) right",right,"Area hOc1 (V1, 17, CalcS)","Area hOc1 (V1, 17, CalcS) right",右侧hOc1区（V1，17，距状沟）,resolved,
JULICH_BRAIN_CYTOARCHITECTONIC_ATLAS_V3_1_AREA_HOC1_V1_17_CALCS_LEFT,"Area hOc1 (V1, 17, CalcS) left",left,"Area hOc1 (V1, 17, CalcS)","Area hOc1 (V1, 17, CalcS) left",左侧hOc1区（V1，17，距状沟）,resolved,
JULICH_BRAIN_CYTOARCHITECTONIC_ATLAS_V3_1_AREA_HOC6_POS_RIGHT,Area hOc6 (POS) right,right,Area hOc6 (POS),Area hOc6 (POS) right,右侧hOc6区（顶枕沟）,resolved,
JULICH_BRAIN_CYTOARCHITECTONIC_ATLAS_V3_1_AREA_HOC6_POS_LEFT,Area hOc6 (POS) left,left,Area hOc6 (POS),Area hOc6 (POS) left,左侧hOc6区（顶枕沟）,resolved,
JULICH_BRAIN_CYTOARCHITECTONIC_ATLAS_V3_1_AREA_HOC4D_CUNEUS_RIGHT,Area hOc4d (Cuneus) right,right,Area hOc4d (Cuneus),Area hOc4d (Cuneus) right,右侧hOc4d区（楔叶）,resolved,
JULICH_BRAIN_CYTOARCHITECTONIC_ATLAS_V3_1_AREA_HOC4D_CUNEUS_LEFT,Area hOc4d (Cuneus) left,left,Area hOc4d (Cuneus),Area hOc4d (Cuneus) left,左侧hOc4d区（楔叶）,resolved,
JULICH_BRAIN_CYTOARCHITECTONIC_ATLAS_V3_1_AREA_HOC3D_CUNEUS_RIGHT,Area hOc3d (Cuneus) right,right,Area hOc3d (Cuneus),Area hOc3d (Cuneus) right,右侧hOc3d区（楔叶）,resolved,
JULICH_BRAIN_CYTOARCHITECTONIC_ATLAS_V3_1_AREA_HOC3D_CUNEUS_LEFT,Area hOc3d (Cuneus) left,left,Area hOc3d (Cuneus),Area hOc3d (Cuneus) left,左侧hOc3d区（楔叶）,resolved,
JULICH_BRAIN_CYTOARCHITECTONIC_ATLAS_V3_1_AREA_HOC3V_LINGG_RIGHT,Area hOc3v (LingG) right,right,Area hOc3v (LingG),Area hOc3v (LingG) right,右侧hOc3v区（舌回）,resolved,
JULICH_BRAIN_CYTOARCHITECTONIC_ATLAS_V3_1_AREA_HOC3V_LINGG_LEFT,Area hOc3v (LingG) left,left,Area hOc3v (LingG),Area hOc3v (LingG) left,左侧hOc3v区（舌回）,resolved,
JULICH_BRAIN_CYTOARCHITECTONIC_ATLAS_V3_1_AREA_HOC4V_LINGG_RIGHT,Area hOc4v (LingG) right,right,Area hOc4v (LingG),Area hOc4v (LingG) right,右侧hOc4v区（舌回）,resolved,
JULICH_BRAIN_CYTOARCHITECTONIC_ATLAS_V3_1_AREA_HOC4V_LINGG_LEFT,Area hOc4v (LingG) left,left,Area hOc4v (LingG),Area hOc4v (LingG) left,左侧hOc4v区（舌回）,resolved,
JULICH_BRAIN_CYTOARCHITECTONIC_ATLAS_V3_1_AREA_HOC4LP_LOC_RIGHT,Area hOc4lp (LOC) right,right,Area hOc4lp (LOC),Area hOc4lp (LOC) right,右侧hOc4lp区（外侧枕叶皮质）,resolved,
JULICH_BRAIN_CYTOARCHITECTONIC_ATLAS_V3_1_AREA_HOC4LP_LOC_LEFT,Area hOc4lp (LOC) left,left,Area hOc4lp (LOC),Area hOc4lp (LOC) left,左侧hOc4lp区（外侧枕叶皮质）,resolved,
JULICH_BRAIN_CYTOARCHITECTONIC_ATLAS_V3_1_AREA_HOC5_LOC_RIGHT,Area hOc5 (LOC) right,right,Area hOc5 (LOC),Area hOc5 (LOC) right,右侧hOc5区（外侧枕叶皮质）,resolved,
JULICH_BRAIN_CYTOARCHITECTONIC_ATLAS_V3_1_AREA_HOC5_LOC_LEFT,Area hOc5 (LOC) left,left,Area hOc5 (LOC),Area hOc5 (LOC) left,左侧hOc5区（外侧枕叶皮质）,resolved,
JULICH_BRAIN_CYTOARCHITECTONIC_ATLAS_V3_1_AREA_HOC4LA_LOC_RIGHT,Area hOc4la (LOC) right,right,Area hOc4la (LOC),Area hOc4la (LOC) right,右侧hOc4la区（外侧枕叶皮质）,resolved,
JULICH_BRAIN_CYTOARCHITECTONIC_ATLAS_V3_1_AREA_HOC4LA_LOC_LEFT,Area hOc4la (LOC) left,left,Area hOc4la (LOC),Area hOc4la (LOC) left,左侧hOc4la区（外侧枕叶皮质）,resolved,
JULICH_BRAIN_CYTOARCHITECTONIC_ATLAS_V3_1_AREA_P24C_PD24CD_PACC_RIGHT,Area p24c.pd24cd (pACC) right,right,Area p24c.pd24cd (pACC),Area p24c.pd24cd (pACC) right,右侧p24c.pd24cd区（膝前部前扣带皮质）,resolved,
JULICH_BRAIN_CYTOARCHITECTONIC_ATLAS_V3_1_AREA_P24C_PD24CV_PACC_RIGHT,Area p24c.pd24cv (pACC) right,right,Area p24c.pd24cv (pACC),Area p24c.pd24cv (pACC) right,右侧p24c.pd24cv区（膝前部前扣带皮质）,resolved,
JULICH_BRAIN_CYTOARCHITECTONIC_ATLAS_V3_1_AREA_P24C_PV24C_PACC_RIGHT,Area p24c.pv24c (pACC) right,right,Area p24c.pv24c (pACC),Area p24c.pv24c (pACC) right,右侧p24c.pv24c区（膝前部前扣带皮质）,resolved,
JULICH_BRAIN_CYTOARCHITECTONIC_ATLAS_V3_1_AREA_P24C_PD24CD_PACC_LEFT,Area p24c.pd24cd (pACC) left,left,Area p24c.pd24cd (pACC),Area p24c.pd24cd (pACC) left,左侧p24c.pd24cd区（膝前部前扣带皮质）,resolved,
JULICH_BRAIN_CYTOARCHITECTONIC_ATLAS_V3_1_AREA_P24C_PD24CV_PACC_LEFT,Area p24c.pd24cv (pACC) left,left,Area p24c.pd24cv (pACC),Area p24c.pd24cv (pACC) left,左侧p24c.pd24cv区（膝前部前扣带皮质）,resolved,
JULICH_BRAIN_CYTOARCHITECTONIC_ATLAS_V3_1_AREA_P24C_PV24C_PACC_LEFT,Area p24c.pv24c (pACC) left,left,Area p24c.pv24c (pACC),Area p24c.pv24c (pACC) left,左侧p24c.pv24c区（膝前部前扣带皮质）,resolved,
JULICH_BRAIN_CYTOARCHITECTONIC_ATLAS_V3_1_AREA_25_25A_SACC_RIGHT,Area 25.25a (sACC) right,right,Area 25.25a (sACC),Area 25.25a (sACC) right,右侧25.25a区（膝下前扣带皮质）,resolved,
JULICH_BRAIN_CYTOARCHITECTONIC_ATLAS_V3_1_AREA_25_25P_SACC_RIGHT,Area 25.25p (sACC) right,right,Area 25.25p (sACC),Area 25.25p (sACC) right,右侧25.25p区（膝下前扣带皮质）,resolved,
JULICH_BRAIN_CYTOARCHITECTONIC_ATLAS_V3_1_AREA_25_25A_SACC_LEFT,Area 25.25a (sACC) left,left,Area 25.25a (sACC),Area 25.25a (sACC) left,左侧25.25a区（膝下前扣带皮质）,resolved,
JULICH_BRAIN_CYTOARCHITECTONIC_ATLAS_V3_1_AREA_25_25P_SACC_LEFT,Area 25.25p (sACC) left,left,Area 25.25p (sACC),Area 25.25p (sACC) left,左侧25.25p区（膝下前扣带皮质）,resolved,
JULICH_BRAIN_CYTOARCHITECTONIC_ATLAS_V3_1_AREA_P24AB_P24A_PACC_RIGHT,Area p24ab.p24a (pACC) right,right,Area p24ab.p24a (pACC),Area p24ab.p24a (pACC) right,右侧p24ab.p24a区（膝前部前扣带皮质）,resolved,
JULICH_BRAIN_CYTOARCHITECTONIC_ATLAS_V3_1_AREA_P24AB_P24B_PACC_RIGHT,Area p24ab.p24b (pACC) right,right,Area p24ab.p24b (pACC),Area p24ab.p24b (pACC) right,右侧p24ab.p24b区（膝前部前扣带皮质）,resolved,
JULICH_BRAIN_CYTOARCHITECTONIC_ATLAS_V3_1_AREA_P24AB_P24A_PACC_LEFT,Area p24ab.p24a (pACC) left,left,Area p24ab.p24a (pACC),Area p24ab.p24a (pACC) left,左侧p24ab.p24a区（膝前部前扣带皮质）,resolved,
JULICH_BRAIN_CYTOARCHITECTONIC_ATLAS_V3_1_AREA_P24AB_P24B_PACC_LEFT,Area p24ab.p24b (pACC) left,left,Area p24ab.p24b (pACC),Area p24ab.p24b (pACC) left,左侧p24ab.p24b区（膝前部前扣带皮质）,resolved,
JULICH_BRAIN_CYTOARCHITECTONIC_ATLAS_V3_1_AREA_S32_SACC_RIGHT,Area s32 (sACC) right,right,Area s32 (sACC),Area s32 (sACC) right,右侧s32区（膝下前扣带皮质）,resolved,
JULICH_BRAIN_CYTOARCHITECTONIC_ATLAS_V3_1_AREA_S32_SACC_LEFT,Area s32 (sACC) left,left,Area s32 (sACC),Area s32 (sACC) left,左侧s32区（膝下前扣带皮质）,resolved,
JULICH_BRAIN_CYTOARCHITECTONIC_ATLAS_V3_1_AREA_33_ACC_RIGHT,Area 33 (ACC) right,right,Area 33 (ACC),Area 33 (ACC) right,右侧33区（前扣带皮质）,resolved,
JULICH_BRAIN_CYTOARCHITECTONIC_ATLAS_V3_1_AREA_33_ACC_LEFT,Area 33 (ACC) left,left,Area 33 (ACC),Area 33 (ACC) left,左侧33区（前扣带皮质）,resolved,
JULICH_BRAIN_CYTOARCHITECTONIC_ATLAS_V3_1_AREA_P32_PACC_RIGHT,Area p32 (pACC) right,right,Area p32 (pACC),Area p32 (pACC) right,右侧p32区（膝前部前扣带皮质）,resolved,
JULICH_BRAIN_CYTOARCHITECTONIC_ATLAS_V3_1_AREA_P32_PACC_LEFT,Area p32 (pACC) left,left,Area p32 (pACC),Area p32 (pACC) left,左侧p32区（膝前部前扣带皮质）,resolved,
JULICH_BRAIN_CYTOARCHITECTONIC_ATLAS_V3_1_AREA_S24_S24A_SACC_RIGHT,Area s24.s24a (sACC) right,right,Area s24.s24a (sACC),Area s24.s24a (sACC) right,右侧s24.s24a区（膝下前扣带皮质）,resolved,
JULICH_BRAIN_CYTOARCHITECTONIC_ATLAS_V3_1_AREA_S24_S24B_SACC_RIGHT,Area s24.s24b (sACC) right,right,Area s24.s24b (sACC),Area s24.s24b (sACC) right,右侧s24.s24b区（膝下前扣带皮质）,resolved,
JULICH_BRAIN_CYTOARCHITECTONIC_ATLAS_V3_1_AREA_S24_S24A_SACC_LEFT,Area s24.s24a (sACC) left,left,Area s24.s24a (sACC),Area s24.s24a (sACC) left,左侧s24.s24a区（膝下前扣带皮质）,resolved,
JULICH_BRAIN_CYTOARCHITECTONIC_ATLAS_V3_1_AREA_S24_S24B_SACC_LEFT,Area s24.s24b (sACC) left,left,Area s24.s24b (sACC),Area s24.s24b (sACC) left,左侧s24.s24b区（膝下前扣带皮质）,resolved,
JULICH_BRAIN_CYTOARCHITECTONIC_ATLAS_V3_1_AREA_PIRT_TIT_PIRIFORMCORTEXMESIAL_PIRIFORM_TEMPORAL_AREA_INCISURA_TEMPORALIS_RIGHT,"Area PirT.Tit (PiriformCortexMesial, Piriform temporal Area, Incisura temporalis) right",right,"Area PirT.Tit (PiriformCortexMesial, Piriform temporal Area, Incisura temporalis)","Area PirT.Tit (PiriformCortexMesial, Piriform temporal Area, Incisura temporalis) right",右侧PirT.Tit区（梨状皮质内侧部，梨状皮质颞区，颞切迹）,resolved,
JULICH_BRAIN_CYTOARCHITECTONIC_ATLAS_V3_1_AREA_PIRT_TU_PIRIFORMCORTEXMESIAL_PIRIFORM_TEMPORAL_AREA_UNCUS_RIGHT,"Area PirT.Tu (PiriformCortexMesial, Piriform temporal Area, Uncus) right",right,"Area PirT.Tu (PiriformCortexMesial, Piriform temporal Area, Uncus)","Area PirT.Tu (PiriformCortexMesial, Piriform temporal Area, Uncus) right",右侧PirT.Tu区（梨状皮质内侧部，梨状皮质颞区，钩回）,resolved,
JULICH_BRAIN_CYTOARCHITECTONIC_ATLAS_V3_1_AREA_PIRT_TIT_PIRIFORMCORTEXMESIAL_PIRIFORM_TEMPORAL_AREA_INCISURA_TEMPORALIS_LEFT,"Area PirT.Tit (PiriformCortexMesial, Piriform temporal Area, Incisura temporalis) left",left,"Area PirT.Tit (PiriformCortexMesial, Piriform temporal Area, Incisura temporalis)","Area PirT.Tit (PiriformCortexMesial, Piriform temporal Area, Incisura temporalis) left",左侧PirT.Tit区（梨状皮质内侧部，梨状皮质颞区，颞切迹）,resolved,
JULICH_BRAIN_CYTOARCHITECTONIC_ATLAS_V3_1_AREA_PIRT_TU_PIRIFORMCORTEXMESIAL_PIRIFORM_TEMPORAL_AREA_UNCUS_LEFT,"Area PirT.Tu (PiriformCortexMesial, Piriform temporal Area, Uncus) left",left,"Area PirT.Tu (PiriformCortexMesial, Piriform temporal Area, Uncus)","Area PirT.Tu (PiriformCortexMesial, Piriform temporal Area, Uncus) left",左侧PirT.Tu区（梨状皮质内侧部，梨状皮质颞区，钩回）,resolved,
JULICH_BRAIN_CYTOARCHITECTONIC_ATLAS_V3_1_AREA_PIRTB_TBD_PIRIFORMCORTEXMESIAL_PIRIFORM_TEMPOROBASAL_AREA_DORSAL_PART_RIGHT,"Area PirTB.TBd (PiriformCortexMesial, Piriform temporobasal Area, dorsal part) right",right,"Area PirTB.TBd (PiriformCortexMesial, Piriform temporobasal Area, dorsal part)","Area PirTB.TBd (PiriformCortexMesial, Piriform temporobasal Area, dorsal part) right",右侧PirTB.TBd区（梨状皮质内侧部，梨状皮质颞底区，背侧部）,resolved,
JULICH_BRAIN_CYTOARCHITECTONIC_ATLAS_V3_1_AREA_PIRTB_TBV_PIRIFORMCORTEXMESIAL_PIRIFORM_TEMPOROBASAL_AREA_VENTRAL_PART_RIGHT,"Area PirTB.TBv (PiriformCortexMesial, Piriform temporobasal Area, ventral part) right",right,"Area PirTB.TBv (PiriformCortexMesial, Piriform temporobasal Area, ventral part)","Area PirTB.TBv (PiriformCortexMesial, Piriform temporobasal Area, ventral part) right",右侧PirTB.TBv区（梨状皮质内侧部，梨状皮质颞底区，腹侧部）,resolved,
JULICH_BRAIN_CYTOARCHITECTONIC_ATLAS_V3_1_AREA_PIRTB_TBD_PIRIFORMCORTEXMESIAL_PIRIFORM_TEMPOROBASAL_AREA_DORSAL_PART_LEFT,"Area PirTB.TBd (PiriformCortexMesial, Piriform temporobasal Area, dorsal part) left",left,"Area PirTB.TBd (PiriformCortexMesial, Piriform temporobasal Area, dorsal part)","Area PirTB.TBd (PiriformCortexMesial, Piriform temporobasal Area, dorsal part) left",左侧PirTB.TBd区（梨状皮质内侧部，梨状皮质颞底区，背侧部）,resolved,
JULICH_BRAIN_CYTOARCHITECTONIC_ATLAS_V3_1_AREA_PIRTB_TBV_PIRIFORMCORTEXMESIAL_PIRIFORM_TEMPOROBASAL_AREA_VENTRAL_PART_LEFT,"Area PirTB.TBv (PiriformCortexMesial, Piriform temporobasal Area, ventral part) left",left,"Area PirTB.TBv (PiriformCortexMesial, Piriform temporobasal Area, ventral part)","Area PirTB.TBv (PiriformCortexMesial, Piriform temporobasal Area, ventral part) left",左侧PirTB.TBv区（梨状皮质内侧部，梨状皮质颞底区，腹侧部）,resolved,
JULICH_BRAIN_CYTOARCHITECTONIC_ATLAS_V3_1_HATA_HIPPOCAMPUS_RIGHT,HATA (Hippocampus) right,right,HATA (Hippocampus),HATA (Hippocampus) right,右侧HATA（海马）,resolved,
JULICH_BRAIN_CYTOARCHITECTONIC_ATLAS_V3_1_HATA_HIPPOCAMPUS_LEFT,HATA (Hippocampus) left,left,HATA (Hippocampus),HATA (Hippocampus) left,左侧HATA（海马）,resolved,
JULICH_BRAIN_CYTOARCHITECTONIC_ATLAS_V3_1_CA3_HIPPOCAMPUS_RIGHT,CA3 (Hippocampus) right,right,CA3 (Hippocampus),CA3 (Hippocampus) right,右侧CA3（海马）,resolved,
JULICH_BRAIN_CYTOARCHITECTONIC_ATLAS_V3_1_CA3_HIPPOCAMPUS_LEFT,CA3 (Hippocampus) left,left,CA3 (Hippocampus),CA3 (Hippocampus) left,左侧CA3（海马）,resolved,
JULICH_BRAIN_CYTOARCHITECTONIC_ATLAS_V3_1_TRS_HIPPOCAMPUS_TRANSSUBICULUM_RIGHT,"TrS (Hippocampus, Transsubiculum) right",right,"TrS (Hippocampus, Transsubiculum)","TrS (Hippocampus, Transsubiculum) right",右侧TrS（海马，下托过渡区）,resolved,
JULICH_BRAIN_CYTOARCHITECTONIC_ATLAS_V3_1_TRS_HIPPOCAMPUS_TRANSSUBICULUM_LEFT,"TrS (Hippocampus, Transsubiculum) left",left,"TrS (Hippocampus, Transsubiculum)","TrS (Hippocampus, Transsubiculum) left",左侧TrS（海马，下托过渡区）,resolved,
JULICH_BRAIN_CYTOARCHITECTONIC_ATLAS_V3_1_SUBC_PAS_HIPPOCAMPUS_PARASUBICULUM_RIGHT,"Subc.PaS (Hippocampus, Parasubiculum) right",right,"Subc.PaS (Hippocampus, Parasubiculum)","Subc.PaS (Hippocampus, Parasubiculum) right",右侧Subc.PaS（海马，旁下托）,resolved,
JULICH_BRAIN_CYTOARCHITECTONIC_ATLAS_V3_1_SUBC_PRES_HIPPOCAMPUS_PRESUBICULUM_RIGHT,"Subc.PreS (Hippocampus, Presubiculum) right",right,"Subc.PreS (Hippocampus, Presubiculum)","Subc.PreS (Hippocampus, Presubiculum) right",右侧Subc.PreS（海马，前下托）,resolved,
JULICH_BRAIN_CYTOARCHITECTONIC_ATLAS_V3_1_SUBC_PROS_HIPPOCAMPUS_PROSUBICULUM_RIGHT,"Subc.ProS (Hippocampus, Prosubiculum) right",right,"Subc.ProS (Hippocampus, Prosubiculum)","Subc.ProS (Hippocampus, Prosubiculum) right",右侧Subc.ProS（海马，原下托）,resolved,
JULICH_BRAIN_CYTOARCHITECTONIC_ATLAS_V3_1_SUBC_SUB_HIPPOCAMPUS_SUBICULUM_RIGHT,"Subc.Sub (Hippocampus, Subiculum) right",right,"Subc.Sub (Hippocampus, Subiculum)","Subc.Sub (Hippocampus, Subiculum) right",右侧Subc.Sub（海马，下托）,resolved,
JULICH_BRAIN_CYTOARCHITECTONIC_ATLAS_V3_1_SUBC_PAS_HIPPOCAMPUS_PARASUBICULUM_LEFT,"Subc.PaS (Hippocampus, Parasubiculum) left",left,"Subc.PaS (Hippocampus, Parasubiculum)","Subc.PaS (Hippocampus, Parasubiculum) left",左侧Subc.PaS（海马，旁下托）,resolved,
JULICH_BRAIN_CYTOARCHITECTONIC_ATLAS_V3_1_SUBC_PRES_HIPPOCAMPUS_PRESUBICULUM_LEFT,"Subc.PreS (Hippocampus, Presubiculum) left",left,"Subc.PreS (Hippocampus, Presubiculum)","Subc.PreS (Hippocampus, Presubiculum) left",左侧Subc.PreS（海马，前下托）,resolved,
JULICH_BRAIN_CYTOARCHITECTONIC_ATLAS_V3_1_SUBC_PROS_HIPPOCAMPUS_PROSUBICULUM_LEFT,"Subc.ProS (Hippocampus, Prosubiculum) left",left,"Subc.ProS (Hippocampus, Prosubiculum)","Subc.ProS (Hippocampus, Prosubiculum) left",左侧Subc.ProS（海马，原下托）,resolved,
JULICH_BRAIN_CYTOARCHITECTONIC_ATLAS_V3_1_SUBC_SUB_HIPPOCAMPUS_SUBICULUM_LEFT,"Subc.Sub (Hippocampus, Subiculum) left",left,"Subc.Sub (Hippocampus, Subiculum)","Subc.Sub (Hippocampus, Subiculum) left",左侧Subc.Sub（海马，下托）,resolved,
JULICH_BRAIN_CYTOARCHITECTONIC_ATLAS_V3_1_DG_HIPPOCAMPUS_RIGHT,DG (Hippocampus) right,right,DG (Hippocampus),DG (Hippocampus) right,右侧DG（海马）,resolved,
JULICH_BRAIN_CYTOARCHITECTONIC_ATLAS_V3_1_DG_HIPPOCAMPUS_LEFT,DG (Hippocampus) left,left,DG (Hippocampus),DG (Hippocampus) left,左侧DG（海马）,resolved,
JULICH_BRAIN_CYTOARCHITECTONIC_ATLAS_V3_1_CA2_HIPPOCAMPUS_RIGHT,CA2 (Hippocampus) right,right,CA2 (Hippocampus),CA2 (Hippocampus) right,右侧CA2（海马）,resolved,
JULICH_BRAIN_CYTOARCHITECTONIC_ATLAS_V3_1_CA2_HIPPOCAMPUS_LEFT,CA2 (Hippocampus) left,left,CA2 (Hippocampus),CA2 (Hippocampus) left,左侧CA2（海马）,resolved,
JULICH_BRAIN_CYTOARCHITECTONIC_ATLAS_V3_1_AREA_EC_HIPPOCAMPAL_REGION_ENTORHINAL_CORTEX_RIGHT,"Area EC (Hippocampal Region, Entorhinal Cortex) right",right,"Area EC (Hippocampal Region, Entorhinal Cortex)","Area EC (Hippocampal Region, Entorhinal Cortex) right",右侧EC区（海马区，内嗅皮质）,resolved,
JULICH_BRAIN_CYTOARCHITECTONIC_ATLAS_V3_1_AREA_EC_HIPPOCAMPAL_REGION_ENTORHINAL_CORTEX_LEFT,"Area EC (Hippocampal Region, Entorhinal Cortex) left",left,"Area EC (Hippocampal Region, Entorhinal Cortex)","Area EC (Hippocampal Region, Entorhinal Cortex) left",左侧EC区（海马区，内嗅皮质）,resolved,
JULICH_BRAIN_CYTOARCHITECTONIC_ATLAS_V3_1_CA1_HIPPOCAMPUS_RIGHT,CA1 (Hippocampus) right,right,CA1 (Hippocampus),CA1 (Hippocampus) right,右侧CA1（海马）,resolved,
JULICH_BRAIN_CYTOARCHITECTONIC_ATLAS_V3_1_CA1_HIPPOCAMPUS_LEFT,CA1 (Hippocampus) left,left,CA1 (Hippocampus),CA1 (Hippocampus) left,左侧CA1（海马）,resolved,
JULICH_BRAIN_CYTOARCHITECTONIC_ATLAS_V3_1_TUTI_BASAL_FOREBRAIN_TERMINAL_ISLANDS_RIGHT,"TuTi (Basal Forebrain, Terminal islands) right",right,"TuTi (Basal Forebrain, Terminal islands)","TuTi (Basal Forebrain, Terminal islands) right",右侧TuTi（基底前脑，终末岛群）,resolved,
JULICH_BRAIN_CYTOARCHITECTONIC_ATLAS_V3_1_TUTI_BASAL_FOREBRAIN_TERMINAL_ISLANDS_LEFT,"TuTi (Basal Forebrain, Terminal islands) left",left,"TuTi (Basal Forebrain, Terminal islands)","TuTi (Basal Forebrain, Terminal islands) left",左侧TuTi（基底前脑，终末岛群）,resolved,
JULICH_BRAIN_CYTOARCHITECTONIC_ATLAS_V3_1_TU_BASAL_FOREBRAIN_TUBERCULUM_RIGHT,"Tu (Basal Forebrain, Tuberculum) right",right,"Tu (Basal Forebrain, Tuberculum)","Tu (Basal Forebrain, Tuberculum) right",右侧Tu（基底前脑，嗅结节）,resolved,
JULICH_BRAIN_CYTOARCHITECTONIC_ATLAS_V3_1_TU_BASAL_FOREBRAIN_TUBERCULUM_LEFT,"Tu (Basal Forebrain, Tuberculum) left",left,"Tu (Basal Forebrain, Tuberculum)","Tu (Basal Forebrain, Tuberculum) left",左侧Tu（基底前脑，嗅结节）,resolved,
JULICH_BRAIN_CYTOARCHITECTONIC_ATLAS_V3_1_SNC_MIDBRAIN_SUBSTANTIA_NIGRA_PARS_COMPACTA_RIGHT,"SNC (Midbrain, Substantia Nigra pars compacta) right",right,"SNC (Midbrain, Substantia Nigra pars compacta)","SNC (Midbrain, Substantia Nigra pars compacta) right",右侧SNC（中脑，黑质致密部）,resolved,
JULICH_BRAIN_CYTOARCHITECTONIC_ATLAS_V3_1_SNC_MIDBRAIN_SUBSTANTIA_NIGRA_PARS_COMPACTA_LEFT,"SNC (Midbrain, Substantia Nigra pars compacta) left",left,"SNC (Midbrain, Substantia Nigra pars compacta)","SNC (Midbrain, Substantia Nigra pars compacta) left",左侧SNC（中脑，黑质致密部）,resolved,
JULICH_BRAIN_CYTOARCHITECTONIC_ATLAS_V3_1_SNR_MIDBRAIN_SUBSTANTIA_NIGRA_PARS_RETICULATA_RIGHT,"SNR (Midbrain, Substantia Nigra pars reticulata) right",right,"SNR (Midbrain, Substantia Nigra pars reticulata)","SNR (Midbrain, Substantia Nigra pars reticulata) right",右侧SNR（中脑，黑质网状部）,resolved,
JULICH_BRAIN_CYTOARCHITECTONIC_ATLAS_V3_1_SNR_MIDBRAIN_SUBSTANTIA_NIGRA_PARS_RETICULATA_LEFT,"SNR (Midbrain, Substantia Nigra pars reticulata) left",left,"SNR (Midbrain, Substantia Nigra pars reticulata)","SNR (Midbrain, Substantia Nigra pars reticulata) left",左侧SNR（中脑，黑质网状部）,resolved,
JULICH_BRAIN_CYTOARCHITECTONIC_ATLAS_V3_1_NRP_MIDBRAIN_NUCLEUS_RUBER_PARVOCELLULAR_PART_RIGHT,"NRp (Midbrain, Nucleus Ruber, parvocellular part) right",right,"NRp (Midbrain, Nucleus Ruber, parvocellular part)","NRp (Midbrain, Nucleus Ruber, parvocellular part) right",右侧NRp（中脑，红核，小细胞部）,resolved,
JULICH_BRAIN_CYTOARCHITECTONIC_ATLAS_V3_1_NRP_MIDBRAIN_NUCLEUS_RUBER_PARVOCELLULAR_PART_LEFT,"NRp (Midbrain, Nucleus Ruber, parvocellular part) left",left,"NRp (Midbrain, Nucleus Ruber, parvocellular part)","NRp (Midbrain, Nucleus Ruber, parvocellular part) left",左侧NRp（中脑，红核，小细胞部）,resolved,
JULICH_BRAIN_CYTOARCHITECTONIC_ATLAS_V3_1_NRM_MIDBRAIN_NUCLEUS_RUBER_MAGNOCELLULAR_PART_RIGHT,"NRm (Midbrain, Nucleus Ruber, magnocellular part) right",right,"NRm (Midbrain, Nucleus Ruber, magnocellular part)","NRm (Midbrain, Nucleus Ruber, magnocellular part) right",右侧NRm（中脑，红核，大细胞部）,resolved,
JULICH_BRAIN_CYTOARCHITECTONIC_ATLAS_V3_1_NRM_MIDBRAIN_NUCLEUS_RUBER_MAGNOCELLULAR_PART_LEFT,"NRm (Midbrain, Nucleus Ruber, magnocellular part) left",left,"NRm (Midbrain, Nucleus Ruber, magnocellular part)","NRm (Midbrain, Nucleus Ruber, magnocellular part) left",左侧NRm（中脑，红核，大细胞部）,resolved,
JULICH_BRAIN_CYTOARCHITECTONIC_ATLAS_V3_1_NINTERP_CEREBELLUM_INTERPOSED_NUCLEUS_RIGHT,"Ninterp (Cerebellum, Interposed Nucleus) right",right,"Ninterp (Cerebellum, Interposed Nucleus)","Ninterp (Cerebellum, Interposed Nucleus) right",右侧Ninterp（小脑，中间核）,resolved,
JULICH_BRAIN_CYTOARCHITECTONIC_ATLAS_V3_1_NINTERP_CEREBELLUM_INTERPOSED_NUCLEUS_LEFT,"Ninterp (Cerebellum, Interposed Nucleus) left",left,"Ninterp (Cerebellum, Interposed Nucleus)","Ninterp (Cerebellum, Interposed Nucleus) left",左侧Ninterp（小脑，中间核）,resolved,
JULICH_BRAIN_CYTOARCHITECTONIC_ATLAS_V3_1_NDENTV_CEREBELLUM_VENTRAL_DENTATE_NUCLEUS_RIGHT,"Ndentv (Cerebellum, Ventral Dentate Nucleus) right",right,"Ndentv (Cerebellum, Ventral Dentate Nucleus)","Ndentv (Cerebellum, Ventral Dentate Nucleus) right",右侧Ndentv（小脑，齿状核腹侧部）,resolved,
JULICH_BRAIN_CYTOARCHITECTONIC_ATLAS_V3_1_NDENTV_CEREBELLUM_VENTRAL_DENTATE_NUCLEUS_LEFT,"Ndentv (Cerebellum, Ventral Dentate Nucleus) left",left,"Ndentv (Cerebellum, Ventral Dentate Nucleus)","Ndentv (Cerebellum, Ventral Dentate Nucleus) left",左侧Ndentv（小脑，齿状核腹侧部）,resolved,
JULICH_BRAIN_CYTOARCHITECTONIC_ATLAS_V3_1_NDENTD_CEREBELLUM_DORSAL_DENTATE_NUCLEUS_RIGHT,"Ndentd (Cerebellum, Dorsal Dentate Nucleus) right",right,"Ndentd (Cerebellum, Dorsal Dentate Nucleus)","Ndentd (Cerebellum, Dorsal Dentate Nucleus) right",右侧Ndentd（小脑，齿状核背侧部）,resolved,
JULICH_BRAIN_CYTOARCHITECTONIC_ATLAS_V3_1_NDENTD_CEREBELLUM_DORSAL_DENTATE_NUCLEUS_LEFT,"Ndentd (Cerebellum, Dorsal Dentate Nucleus) left",left,"Ndentd (Cerebellum, Dorsal Dentate Nucleus)","Ndentd (Cerebellum, Dorsal Dentate Nucleus) left",左侧Ndentd（小脑，齿状核背侧部）,resolved,
JULICH_BRAIN_CYTOARCHITECTONIC_ATLAS_V3_1_NFAST_CEREBELLUM_FASTIGIAL_NUCLEUS_RIGHT,"Nfast (Cerebellum, Fastigial Nucleus) right",right,"Nfast (Cerebellum, Fastigial Nucleus)","Nfast (Cerebellum, Fastigial Nucleus) right",右侧Nfast（小脑，顶核）,resolved,
JULICH_BRAIN_CYTOARCHITECTONIC_ATLAS_V3_1_NFAST_CEREBELLUM_FASTIGIAL_NUCLEUS_LEFT,"Nfast (Cerebellum, Fastigial Nucleus) left",left,"Nfast (Cerebellum, Fastigial Nucleus)","Nfast (Cerebellum, Fastigial Nucleus) left",左侧Nfast（小脑，顶核）,resolved,
JULICH_BRAIN_CYTOARCHITECTONIC_ATLAS_V3_1_STN_SUBTHALAMUS_RIGHT,STN (Subthalamus) right,right,STN (Subthalamus),STN (Subthalamus) right,右侧STN（底丘脑）,resolved,
JULICH_BRAIN_CYTOARCHITECTONIC_ATLAS_V3_1_STN_SUBTHALAMUS_LEFT,STN (Subthalamus) left,left,STN (Subthalamus),STN (Subthalamus) left,左侧STN（底丘脑）,resolved,
JULICH_BRAIN_CYTOARCHITECTONIC_ATLAS_V3_1_RT_THALAMUS_RETICULAR_NUCLEUS_RIGHT,"Rt (Thalamus, reticular Nucleus) right",right,"Rt (Thalamus, reticular Nucleus)","Rt (Thalamus, reticular Nucleus) right",右侧Rt（丘脑，网状核）,resolved,
JULICH_BRAIN_CYTOARCHITECTONIC_ATLAS_V3_1_RT_THALAMUS_RETICULAR_NUCLEUS_LEFT,"Rt (Thalamus, reticular Nucleus) left",left,"Rt (Thalamus, reticular Nucleus)","Rt (Thalamus, reticular Nucleus) left",左侧Rt（丘脑，网状核）,resolved,
JULICH_BRAIN_CYTOARCHITECTONIC_ATLAS_V3_1_ZI_THALAMUS_ZONA_INCERTA_RIGHT,"ZI (Thalamus, zona incerta) right",right,"ZI (Thalamus, zona incerta)","ZI (Thalamus, zona incerta) right",右侧ZI（丘脑，未定带）,resolved,
JULICH_BRAIN_CYTOARCHITECTONIC_ATLAS_V3_1_ZI_THALAMUS_ZONA_INCERTA_LEFT,"ZI (Thalamus, zona incerta) left",left,"ZI (Thalamus, zona incerta)","ZI (Thalamus, zona incerta) left",左侧ZI（丘脑，未定带）,resolved,
JULICH_BRAIN_CYTOARCHITECTONIC_ATLAS_V3_1_CGM_METATHALAMUS_RIGHT,CGM (Metathalamus) right,right,CGM (Metathalamus),CGM (Metathalamus) right,右侧CGM（后丘脑）,resolved,
JULICH_BRAIN_CYTOARCHITECTONIC_ATLAS_V3_1_CGM_METATHALAMUS_LEFT,CGM (Metathalamus) left,left,CGM (Metathalamus),CGM (Metathalamus) left,左侧CGM（后丘脑）,resolved,
JULICH_BRAIN_CYTOARCHITECTONIC_ATLAS_V3_1_CGL_METATHALAMUS_RIGHT,CGL (Metathalamus) right,right,CGL (Metathalamus),CGL (Metathalamus) right,右侧CGL（后丘脑）,resolved,
JULICH_BRAIN_CYTOARCHITECTONIC_ATLAS_V3_1_CGL_METATHALAMUS_LEFT,CGL (Metathalamus) left,left,CGL (Metathalamus),CGL (Metathalamus) left,左侧CGL（后丘脑）,resolved,
JULICH_BRAIN_CYTOARCHITECTONIC_ATLAS_V3_1_MV_THALAMUS_MEDIOVENTRAL_NUCLEUS_RIGHT,"MV (Thalamus, medioventral Nucleus) right",right,"MV (Thalamus, medioventral Nucleus)","MV (Thalamus, medioventral Nucleus) right",右侧MV（丘脑，内侧腹核）,resolved,
JULICH_BRAIN_CYTOARCHITECTONIC_ATLAS_V3_1_MV_THALAMUS_MEDIOVENTRAL_NUCLEUS_LEFT,"MV (Thalamus, medioventral Nucleus) left",left,"MV (Thalamus, medioventral Nucleus)","MV (Thalamus, medioventral Nucleus) left",左侧MV（丘脑，内侧腹核）,resolved,
JULICH_BRAIN_CYTOARCHITECTONIC_ATLAS_V3_1_MD_THALAMUS_MEDIODORSAL_NUCLEUS_RIGHT,"MD (Thalamus, mediodorsal Nucleus) right",right,"MD (Thalamus, mediodorsal Nucleus)","MD (Thalamus, mediodorsal Nucleus) right",右侧MD（丘脑，背内侧核）,resolved,
JULICH_BRAIN_CYTOARCHITECTONIC_ATLAS_V3_1_MD_THALAMUS_MEDIODORSAL_NUCLEUS_LEFT,"MD (Thalamus, mediodorsal Nucleus) left",left,"MD (Thalamus, mediodorsal Nucleus)","MD (Thalamus, mediodorsal Nucleus) left",左侧MD（丘脑，背内侧核）,resolved,
JULICH_BRAIN_CYTOARCHITECTONIC_ATLAS_V3_1_PV_THALAMUS_PARAVENTRICULAR_NUCLEUS_RIGHT,"Pv (Thalamus, paraventricular Nucleus) right",right,"Pv (Thalamus, paraventricular Nucleus)","Pv (Thalamus, paraventricular Nucleus) right",右侧Pv（丘脑，室旁核）,resolved,
JULICH_BRAIN_CYTOARCHITECTONIC_ATLAS_V3_1_PV_THALAMUS_PARAVENTRICULAR_NUCLEUS_LEFT,"Pv (Thalamus, paraventricular Nucleus) left",left,"Pv (Thalamus, paraventricular Nucleus)","Pv (Thalamus, paraventricular Nucleus) left",左侧Pv（丘脑，室旁核）,resolved,
JULICH_BRAIN_CYTOARCHITECTONIC_ATLAS_V3_1_PO_THALAMUS_POSTERIOR_NUCLEUS_RIGHT,"Po (Thalamus, posterior Nucleus) right",right,"Po (Thalamus, posterior Nucleus)","Po (Thalamus, posterior Nucleus) right",右侧Po（丘脑，后核）,resolved,
JULICH_BRAIN_CYTOARCHITECTONIC_ATLAS_V3_1_PO_THALAMUS_POSTERIOR_NUCLEUS_LEFT,"Po (Thalamus, posterior Nucleus) left",left,"Po (Thalamus, posterior Nucleus)","Po (Thalamus, posterior Nucleus) left",左侧Po（丘脑，后核）,resolved,
JULICH_BRAIN_CYTOARCHITECTONIC_ATLAS_V3_1_PUM_THALAMUS_MEDIAL_PULVINAR_RIGHT,"PUm (Thalamus, medial pulvinar) right",right,"PUm (Thalamus, medial pulvinar)","PUm (Thalamus, medial pulvinar) right",右侧PUm（丘脑，内侧枕核）,resolved,
JULICH_BRAIN_CYTOARCHITECTONIC_ATLAS_V3_1_PUM_THALAMUS_MEDIAL_PULVINAR_LEFT,"PUm (Thalamus, medial pulvinar) left",left,"PUm (Thalamus, medial pulvinar)","PUm (Thalamus, medial pulvinar) left",左侧PUm（丘脑，内侧枕核）,resolved,
JULICH_BRAIN_CYTOARCHITECTONIC_ATLAS_V3_1_PUL_THALAMUS_LATERAL_PULVINAR_RIGHT,"PUl (Thalamus, lateral pulvinar) right",right,"PUl (Thalamus, lateral pulvinar)","PUl (Thalamus, lateral pulvinar) right",右侧PUl（丘脑，外侧枕核）,resolved,
JULICH_BRAIN_CYTOARCHITECTONIC_ATLAS_V3_1_PUL_THALAMUS_LATERAL_PULVINAR_LEFT,"PUl (Thalamus, lateral pulvinar) left",left,"PUl (Thalamus, lateral pulvinar)","PUl (Thalamus, lateral pulvinar) left",左侧PUl（丘脑，外侧枕核）,resolved,
JULICH_BRAIN_CYTOARCHITECTONIC_ATLAS_V3_1_LI_THALAMUS_LIMITANS_NUCLEUS_RIGHT,"Li (Thalamus, limitans Nucleus) right",right,"Li (Thalamus, limitans Nucleus)","Li (Thalamus, limitans Nucleus) right",右侧Li（丘脑，界核）,resolved,
JULICH_BRAIN_CYTOARCHITECTONIC_ATLAS_V3_1_LI_THALAMUS_LIMITANS_NUCLEUS_LEFT,"Li (Thalamus, limitans Nucleus) left",left,"Li (Thalamus, limitans Nucleus)","Li (Thalamus, limitans Nucleus) left",左侧Li（丘脑，界核）,resolved,
JULICH_BRAIN_CYTOARCHITECTONIC_ATLAS_V3_1_SG_THALAMUS_SUPRAGENICULATE_NUCLEUS_RIGHT,"Sg (Thalamus, suprageniculate Nucleus) right",right,"Sg (Thalamus, suprageniculate Nucleus)","Sg (Thalamus, suprageniculate Nucleus) right",右侧Sg（丘脑，膝上核）,resolved,
JULICH_BRAIN_CYTOARCHITECTONIC_ATLAS_V3_1_SG_THALAMUS_SUPRAGENICULATE_NUCLEUS_LEFT,"Sg (Thalamus, suprageniculate Nucleus) left",left,"Sg (Thalamus, suprageniculate Nucleus)","Sg (Thalamus, suprageniculate Nucleus) left",左侧Sg（丘脑，膝上核）,resolved,
JULICH_BRAIN_CYTOARCHITECTONIC_ATLAS_V3_1_LP_THALAMUS_LATERAL_POSTERIOR_NUCLEUS_RIGHT,"LP (Thalamus, lateral posterior Nucleus) right",right,"LP (Thalamus, lateral posterior Nucleus)","LP (Thalamus, lateral posterior Nucleus) right",右侧LP（丘脑，外侧后核）,resolved,
JULICH_BRAIN_CYTOARCHITECTONIC_ATLAS_V3_1_LP_THALAMUS_LATERAL_POSTERIOR_NUCLEUS_LEFT,"LP (Thalamus, lateral posterior Nucleus) left",left,"LP (Thalamus, lateral posterior Nucleus)","LP (Thalamus, lateral posterior Nucleus) left",左侧LP（丘脑，外侧后核）,resolved,
JULICH_BRAIN_CYTOARCHITECTONIC_ATLAS_V3_1_PUI_THALAMUS_INFERIOR_PULVINAR_RIGHT,"PUi (Thalamus, inferior pulvinar) right",right,"PUi (Thalamus, inferior pulvinar)","PUi (Thalamus, inferior pulvinar) right",右侧PUi（丘脑，下枕核）,resolved,
JULICH_BRAIN_CYTOARCHITECTONIC_ATLAS_V3_1_PUI_THALAMUS_INFERIOR_PULVINAR_LEFT,"PUi (Thalamus, inferior pulvinar) left",left,"PUi (Thalamus, inferior pulvinar)","PUi (Thalamus, inferior pulvinar) left",左侧PUi（丘脑，下枕核）,resolved,
JULICH_BRAIN_CYTOARCHITECTONIC_ATLAS_V3_1_PUA_THALAMUS_ANTERIOR_PULVINAR_RIGHT,"PUa (Thalamus, anterior pulvinar) right",right,"PUa (Thalamus, anterior pulvinar)","PUa (Thalamus, anterior pulvinar) right",右侧PUa（丘脑，前枕核）,resolved,
JULICH_BRAIN_CYTOARCHITECTONIC_ATLAS_V3_1_PUA_THALAMUS_ANTERIOR_PULVINAR_LEFT,"PUa (Thalamus, anterior pulvinar) left",left,"PUa (Thalamus, anterior pulvinar)","PUa (Thalamus, anterior pulvinar) left",左侧PUa（丘脑，前枕核）,resolved,
JULICH_BRAIN_CYTOARCHITECTONIC_ATLAS_V3_1_LD_THALAMUS_LATERAL_DORSAL_NUCLEUS_RIGHT,"LD (Thalamus, lateral dorsal Nucleus) right",right,"LD (Thalamus, lateral dorsal Nucleus)","LD (Thalamus, lateral dorsal Nucleus) right",右侧LD（丘脑，外侧背核）,resolved,
JULICH_BRAIN_CYTOARCHITECTONIC_ATLAS_V3_1_LD_THALAMUS_LATERAL_DORSAL_NUCLEUS_LEFT,"LD (Thalamus, lateral dorsal Nucleus) left",left,"LD (Thalamus, lateral dorsal Nucleus)","LD (Thalamus, lateral dorsal Nucleus) left",左侧LD（丘脑，外侧背核）,resolved,
JULICH_BRAIN_CYTOARCHITECTONIC_ATLAS_V3_1_AV_THALAMUS_ANTEROVENTRAL_NUCLEUS_RIGHT,"AV (Thalamus, anteroventral Nucleus) right",right,"AV (Thalamus, anteroventral Nucleus)","AV (Thalamus, anteroventral Nucleus) right",右侧AV（丘脑，前腹侧核）,resolved,
JULICH_BRAIN_CYTOARCHITECTONIC_ATLAS_V3_1_AV_THALAMUS_ANTEROVENTRAL_NUCLEUS_LEFT,"AV (Thalamus, anteroventral Nucleus) left",left,"AV (Thalamus, anteroventral Nucleus)","AV (Thalamus, anteroventral Nucleus) left",左侧AV（丘脑，前腹侧核）,resolved,
JULICH_BRAIN_CYTOARCHITECTONIC_ATLAS_V3_1_AM_THALAMUS_ANTEROMEDIAL_NUCLEUS_RIGHT,"AM (Thalamus, anteromedial Nucleus) right",right,"AM (Thalamus, anteromedial Nucleus)","AM (Thalamus, anteromedial Nucleus) right",右侧AM（丘脑，前内侧核）,resolved,
JULICH_BRAIN_CYTOARCHITECTONIC_ATLAS_V3_1_AM_THALAMUS_ANTEROMEDIAL_NUCLEUS_LEFT,"AM (Thalamus, anteromedial Nucleus) left",left,"AM (Thalamus, anteromedial Nucleus)","AM (Thalamus, anteromedial Nucleus) left",左侧AM（丘脑，前内侧核）,resolved,
JULICH_BRAIN_CYTOARCHITECTONIC_ATLAS_V3_1_VPMPC_THALAMUS_VENTRAL_POSTERIOR_MEDIAL_NUCLEUS_PARVOCELLULAR_PART_RIGHT,"VPMpc (Thalamus, ventral posterior medial Nucleus, parvocellular part) right",right,"VPMpc (Thalamus, ventral posterior medial Nucleus, parvocellular part)","VPMpc (Thalamus, ventral posterior medial Nucleus, parvocellular part) right",右侧VPMpc（丘脑，腹后内侧核，小细胞部）,resolved,
JULICH_BRAIN_CYTOARCHITECTONIC_ATLAS_V3_1_VPMPC_THALAMUS_VENTRAL_POSTERIOR_MEDIAL_NUCLEUS_PARVOCELLULAR_PART_LEFT,"VPMpc (Thalamus, ventral posterior medial Nucleus, parvocellular part) left",left,"VPMpc (Thalamus, ventral posterior medial Nucleus, parvocellular part)","VPMpc (Thalamus, ventral posterior medial Nucleus, parvocellular part) left",左侧VPMpc（丘脑，腹后内侧核，小细胞部）,resolved,
JULICH_BRAIN_CYTOARCHITECTONIC_ATLAS_V3_1_VPI_THALAMUS_VENTROPOSTERIOR_INFERIOR_NUCLEUS_RIGHT,"VPi (Thalamus, ventroposterior inferior Nucleus) right",right,"VPi (Thalamus, ventroposterior inferior Nucleus)","VPi (Thalamus, ventroposterior inferior Nucleus) right",右侧VPi（丘脑，腹后下核）,resolved,
JULICH_BRAIN_CYTOARCHITECTONIC_ATLAS_V3_1_VPI_THALAMUS_VENTROPOSTERIOR_INFERIOR_NUCLEUS_LEFT,"VPi (Thalamus, ventroposterior inferior Nucleus) left",left,"VPi (Thalamus, ventroposterior inferior Nucleus)","VPi (Thalamus, ventroposterior inferior Nucleus) left",左侧VPi（丘脑，腹后下核）,resolved,
JULICH_BRAIN_CYTOARCHITECTONIC_ATLAS_V3_1_VPL_THALAMUS_VENTRAL_POSTERIOR_LATERAL_NUCLEUS_RIGHT,"VPL (Thalamus, ventral posterior lateral Nucleus) right",right,"VPL (Thalamus, ventral posterior lateral Nucleus)","VPL (Thalamus, ventral posterior lateral Nucleus) right",右侧VPL（丘脑，腹后外侧核）,resolved,
JULICH_BRAIN_CYTOARCHITECTONIC_ATLAS_V3_1_VPL_THALAMUS_VENTRAL_POSTERIOR_LATERAL_NUCLEUS_LEFT,"VPL (Thalamus, ventral posterior lateral Nucleus) left",left,"VPL (Thalamus, ventral posterior lateral Nucleus)","VPL (Thalamus, ventral posterior lateral Nucleus) left",左侧VPL（丘脑，腹后外侧核）,resolved,
JULICH_BRAIN_CYTOARCHITECTONIC_ATLAS_V3_1_VLP_THALAMUS_VENTRAL_LATERAL_POSTERIOR_NUCLEUS_RIGHT,"VLP (Thalamus, ventral lateral posterior Nucleus) right",right,"VLP (Thalamus, ventral lateral posterior Nucleus)","VLP (Thalamus, ventral lateral posterior Nucleus) right",右侧VLP（丘脑，腹外侧后核）,resolved,
JULICH_BRAIN_CYTOARCHITECTONIC_ATLAS_V3_1_VLP_THALAMUS_VENTRAL_LATERAL_POSTERIOR_NUCLEUS_LEFT,"VLP (Thalamus, ventral lateral posterior Nucleus) left",left,"VLP (Thalamus, ventral lateral posterior Nucleus)","VLP (Thalamus, ventral lateral posterior Nucleus) left",左侧VLP（丘脑，腹外侧后核）,resolved,
JULICH_BRAIN_CYTOARCHITECTONIC_ATLAS_V3_1_VIM_THALAMUS_VENTRAL_INTERMEDIATE_NUCLEUS_RIGHT,"VIM (Thalamus, ventral intermediate Nucleus) right",right,"VIM (Thalamus, ventral intermediate Nucleus)","VIM (Thalamus, ventral intermediate Nucleus) right",右侧VIM（丘脑，腹中间核）,resolved,
JULICH_BRAIN_CYTOARCHITECTONIC_ATLAS_V3_1_VIM_THALAMUS_VENTRAL_INTERMEDIATE_NUCLEUS_LEFT,"VIM (Thalamus, ventral intermediate Nucleus) left",left,"VIM (Thalamus, ventral intermediate Nucleus)","VIM (Thalamus, ventral intermediate Nucleus) left",左侧VIM（丘脑，腹中间核）,resolved,
JULICH_BRAIN_CYTOARCHITECTONIC_ATLAS_V3_1_VM_THALAMUS_VENTRAL_MEDIAL_NUCLEUS_RIGHT,"VM (Thalamus, ventral medial Nucleus) right",right,"VM (Thalamus, ventral medial Nucleus)","VM (Thalamus, ventral medial Nucleus) right",右侧VM（丘脑，腹内侧核）,resolved,
JULICH_BRAIN_CYTOARCHITECTONIC_ATLAS_V3_1_VM_THALAMUS_VENTRAL_MEDIAL_NUCLEUS_LEFT,"VM (Thalamus, ventral medial Nucleus) left",left,"VM (Thalamus, ventral medial Nucleus)","VM (Thalamus, ventral medial Nucleus) left",左侧VM（丘脑，腹内侧核）,resolved,
JULICH_BRAIN_CYTOARCHITECTONIC_ATLAS_V3_1_VA_THALAMUS_VENTRAL_ANTERIOR_NUCLEUS_VENTRAL_RIGHT,"VA (Thalamus, ventral anterior Nucleus (ventral)) right",right,"VA (Thalamus, ventral anterior Nucleus (ventral))","VA (Thalamus, ventral anterior Nucleus (ventral)) right",右侧VA（丘脑，腹前核（腹侧部））,resolved,
JULICH_BRAIN_CYTOARCHITECTONIC_ATLAS_V3_1_VA_THALAMUS_VENTRAL_ANTERIOR_NUCLEUS_VENTRAL_LEFT,"VA (Thalamus, ventral anterior Nucleus (ventral)) left",left,"VA (Thalamus, ventral anterior Nucleus (ventral))","VA (Thalamus, ventral anterior Nucleus (ventral)) left",左侧VA（丘脑，腹前核（腹侧部））,resolved,
JULICH_BRAIN_CYTOARCHITECTONIC_ATLAS_V3_1_VLA_THALAMUS_VENTRAL_LATERAL_ANTERIOR_NUCLEUS_RIGHT,"VLA (Thalamus, ventral lateral anterior Nucleus) right",right,"VLA (Thalamus, ventral lateral anterior Nucleus)","VLA (Thalamus, ventral lateral anterior Nucleus) right",右侧VLA（丘脑，腹外侧前核）,resolved,
JULICH_BRAIN_CYTOARCHITECTONIC_ATLAS_V3_1_VLA_THALAMUS_VENTRAL_LATERAL_ANTERIOR_NUCLEUS_LEFT,"VLA (Thalamus, ventral lateral anterior Nucleus) left",left,"VLA (Thalamus, ventral lateral anterior Nucleus)","VLA (Thalamus, ventral lateral anterior Nucleus) left",左侧VLA（丘脑，腹外侧前核）,resolved,
JULICH_BRAIN_CYTOARCHITECTONIC_ATLAS_V3_1_VAMC_THALAMUS_VENTRAL_ANTERIOR_NUCLEUS_MAGNOCELLULAR_PART_RIGHT,"VAmc (Thalamus, ventral anterior Nucleus, magnocellular part) right",right,"VAmc (Thalamus, ventral anterior Nucleus, magnocellular part)","VAmc (Thalamus, ventral anterior Nucleus, magnocellular part) right",右侧VAmc（丘脑，腹前核，大细胞部）,resolved,
JULICH_BRAIN_CYTOARCHITECTONIC_ATLAS_V3_1_VAMC_THALAMUS_VENTRAL_ANTERIOR_NUCLEUS_MAGNOCELLULAR_PART_LEFT,"VAmc (Thalamus, ventral anterior Nucleus, magnocellular part) left",left,"VAmc (Thalamus, ventral anterior Nucleus, magnocellular part)","VAmc (Thalamus, ventral anterior Nucleus, magnocellular part) left",左侧VAmc（丘脑，腹前核，大细胞部）,resolved,
JULICH_BRAIN_CYTOARCHITECTONIC_ATLAS_V3_1_VPM_THALAMUS_VENTRAL_POSTERIOR_MEDIAL_NUCLEUS_RIGHT,"VPM (Thalamus, ventral posterior medial Nucleus) right",right,"VPM (Thalamus, ventral posterior medial Nucleus)","VPM (Thalamus, ventral posterior medial Nucleus) right",右侧VPM（丘脑，腹后内侧核）,resolved,
JULICH_BRAIN_CYTOARCHITECTONIC_ATLAS_V3_1_VPM_THALAMUS_VENTRAL_POSTERIOR_MEDIAL_NUCLEUS_LEFT,"VPM (Thalamus, ventral posterior medial Nucleus) left",left,"VPM (Thalamus, ventral posterior medial Nucleus)","VPM (Thalamus, ventral posterior medial Nucleus) left",左侧VPM（丘脑，腹后内侧核）,resolved,
JULICH_BRAIN_CYTOARCHITECTONIC_ATLAS_V3_1_SPF_THALAMUS_SUBPARAFASCICULAR_NUCLEUS_RIGHT,"sPf (Thalamus, subparafascicular Nucleus) right",right,"sPf (Thalamus, subparafascicular Nucleus)","sPf (Thalamus, subparafascicular Nucleus) right",右侧sPf（丘脑，束旁下核）,resolved,
JULICH_BRAIN_CYTOARCHITECTONIC_ATLAS_V3_1_SPF_THALAMUS_SUBPARAFASCICULAR_NUCLEUS_LEFT,"sPf (Thalamus, subparafascicular Nucleus) left",left,"sPf (Thalamus, subparafascicular Nucleus)","sPf (Thalamus, subparafascicular Nucleus) left",左侧sPf（丘脑，束旁下核）,resolved,
JULICH_BRAIN_CYTOARCHITECTONIC_ATLAS_V3_1_PF_THALAMUS_PARAFASCICULAR_NUCLEUS_RIGHT,"Pf (Thalamus, parafascicular Nucleus) right",right,"Pf (Thalamus, parafascicular Nucleus)","Pf (Thalamus, parafascicular Nucleus) right",右侧Pf（丘脑，束旁核）,resolved,
JULICH_BRAIN_CYTOARCHITECTONIC_ATLAS_V3_1_PF_THALAMUS_PARAFASCICULAR_NUCLEUS_LEFT,"Pf (Thalamus, parafascicular Nucleus) left",left,"Pf (Thalamus, parafascicular Nucleus)","Pf (Thalamus, parafascicular Nucleus) left",左侧Pf（丘脑，束旁核）,resolved,
JULICH_BRAIN_CYTOARCHITECTONIC_ATLAS_V3_1_CM_THALAMUS_CENTROMEDIAN_NUCLEUS_RIGHT,"CM (Thalamus, centromedian Nucleus) right",right,"CM (Thalamus, centromedian Nucleus)","CM (Thalamus, centromedian Nucleus) right",右侧CM（丘脑，中央中核）,resolved,
JULICH_BRAIN_CYTOARCHITECTONIC_ATLAS_V3_1_CM_THALAMUS_CENTROMEDIAN_NUCLEUS_LEFT,"CM (Thalamus, centromedian Nucleus) left",left,"CM (Thalamus, centromedian Nucleus)","CM (Thalamus, centromedian Nucleus) left",左侧CM（丘脑，中央中核）,resolved,
JULICH_BRAIN_CYTOARCHITECTONIC_ATLAS_V3_1_CL_THALAMUS_ANTERIOR_INTRALAMINAR_NUCLEI_RIGHT,"CL (Thalamus, anterior intralaminar nuclei) right",right,"CL (Thalamus, anterior intralaminar nuclei)","CL (Thalamus, anterior intralaminar nuclei) right",右侧CL（丘脑，前部板内核群）,resolved,
JULICH_BRAIN_CYTOARCHITECTONIC_ATLAS_V3_1_CL_THALAMUS_ANTERIOR_INTRALAMINAR_NUCLEI_LEFT,"CL (Thalamus, anterior intralaminar nuclei) left",left,"CL (Thalamus, anterior intralaminar nuclei)","CL (Thalamus, anterior intralaminar nuclei) left",左侧CL（丘脑，前部板内核群）,resolved,
