source_id,source_name,candidate_g1,candidate_g1_geometry_class,feasibility_bucket,geometry_available,geometry_path,space_compatibility,direct_validation_feasible,blocking_reason,recommended_next_action
NGIQ-BR-00000336,"AcbM (Ventral Striatum, Medial Accumbens) left",Left Nucleus Accumbens,NO_GEOMETRY,NO_GEOMETRY,NO,,REGISTRATION_REQUIRED,NO,aseg volume 不在仓库；BN volume 为 G3 代理（circular 风险）,获取 aseg/权威 volume 或外部资产
NGIQ-BR-00000341,Ch 4 (Basal Forebrain) right,Right Basal Forebrain,NO_GEOMETRY,NO_GEOMETRY,NO,,REGISTRATION_REQUIRED,NO,Desikan/aseg/Brainnetome 均无 Basal Forebrain surrogate —— MISSING_REQUIRED_ASSET,获取 aseg/权威 volume 或外部资产
NGIQ-BR-00000342,Ch 4 (Basal Forebrain) left,Left Basal Forebrain,NO_GEOMETRY,NO_GEOMETRY,NO,,REGISTRATION_REQUIRED,NO,Desikan/aseg/Brainnetome 均无 Basal Forebrain surrogate —— MISSING_REQUIRED_ASSET,获取 aseg/权威 volume 或外部资产
NGIQ-BR-00000343,"BST (Basal Forebrain, Bed Nucleus) right",Right Basal Forebrain,NO_GEOMETRY,NO_GEOMETRY,NO,,REGISTRATION_REQUIRED,NO,Desikan/aseg/Brainnetome 均无 Basal Forebrain surrogate —— MISSING_REQUIRED_ASSET,获取 aseg/权威 volume 或外部资产
NGIQ-BR-00000344,"BST (Basal Forebrain, Bed Nucleus) left",Left Basal Forebrain,NO_GEOMETRY,NO_GEOMETRY,NO,,REGISTRATION_REQUIRED,NO,Desikan/aseg/Brainnetome 均无 Basal Forebrain surrogate —— MISSING_REQUIRED_ASSET,获取 aseg/权威 volume 或外部资产
NGIQ-BR-00000345,Ch 123 (Basal Forebrain) right,Right Basal Forebrain,NO_GEOMETRY,NO_GEOMETRY,NO,,REGISTRATION_REQUIRED,NO,Desikan/aseg/Brainnetome 均无 Basal Forebrain surrogate —— MISSING_REQUIRED_ASSET,获取 aseg/权威 volume 或外部资产
NGIQ-BR-00000346,Ch 123 (Basal Forebrain) left,Left Basal Forebrain,NO_GEOMETRY,NO_GEOMETRY,NO,,REGISTRATION_REQUIRED,NO,Desikan/aseg/Brainnetome 均无 Basal Forebrain surrogate —— MISSING_REQUIRED_ASSET,获取 aseg/权威 volume 或外部资产
NGIQ-BR-00000370,VTM (Amygdala) left,Left Amygdala,NO_GEOMETRY,NO_GEOMETRY,NO,,REGISTRATION_REQUIRED,NO,aseg volume 不在仓库（仅 Macro96 清单）；需 FS aseg 或外部 volume,获取 aseg/权威 volume 或外部资产
NGIQ-BR-00000382,Area 5L (SPL) left,Left Superior Parietal Lobule,AUTHORITATIVE_NATIVE_G1_GEOMETRY,REGISTRATION_REQUIRED,YES,D:\Tool\Coding\IDE\PyCharm\NeuroGraphIQ_KG_marco\backend\data\atlases\freesurfer\fsaverage,REGISTRATION_REQUIRED,NO,有 DK surface 但 Julich 为 volume（2009c），需 surface/volume 桥接,构建 surface↔volume 桥后直接验证
NGIQ-BR-00000383,Area 7M (SPL) right,Right Superior Parietal Lobule,AUTHORITATIVE_NATIVE_G1_GEOMETRY,REGISTRATION_REQUIRED,YES,D:\Tool\Coding\IDE\PyCharm\NeuroGraphIQ_KG_marco\backend\data\atlases\freesurfer\fsaverage,REGISTRATION_REQUIRED,NO,有 DK surface 但 Julich 为 volume（2009c），需 surface/volume 桥接,构建 surface↔volume 桥后直接验证
NGIQ-BR-00000385,Area 7PC (SPL) right,Right Superior Parietal Lobule,AUTHORITATIVE_NATIVE_G1_GEOMETRY,REGISTRATION_REQUIRED,YES,D:\Tool\Coding\IDE\PyCharm\NeuroGraphIQ_KG_marco\backend\data\atlases\freesurfer\fsaverage,REGISTRATION_REQUIRED,NO,有 DK surface 但 Julich 为 volume（2009c），需 surface/volume 桥接,构建 surface↔volume 桥后直接验证
NGIQ-BR-00000386,Area 7PC (SPL) left,Left Superior Parietal Lobule,AUTHORITATIVE_NATIVE_G1_GEOMETRY,REGISTRATION_REQUIRED,YES,D:\Tool\Coding\IDE\PyCharm\NeuroGraphIQ_KG_marco\backend\data\atlases\freesurfer\fsaverage,REGISTRATION_REQUIRED,NO,有 DK surface 但 Julich 为 volume（2009c），需 surface/volume 桥接,构建 surface↔volume 桥后直接验证
NGIQ-BR-00000389,Area 7P (SPL) right,Right Superior Parietal Lobule,AUTHORITATIVE_NATIVE_G1_GEOMETRY,REGISTRATION_REQUIRED,YES,D:\Tool\Coding\IDE\PyCharm\NeuroGraphIQ_KG_marco\backend\data\atlases\freesurfer\fsaverage,REGISTRATION_REQUIRED,NO,有 DK surface 但 Julich 为 volume（2009c），需 surface/volume 桥接,构建 surface↔volume 桥后直接验证
NGIQ-BR-00000393,Area 7A (SPL) right,Right Superior Parietal Lobule,AUTHORITATIVE_NATIVE_G1_GEOMETRY,REGISTRATION_REQUIRED,YES,D:\Tool\Coding\IDE\PyCharm\NeuroGraphIQ_KG_marco\backend\data\atlases\freesurfer\fsaverage,REGISTRATION_REQUIRED,NO,有 DK surface 但 Julich 为 volume（2009c），需 surface/volume 桥接,构建 surface↔volume 桥后直接验证
NGIQ-BR-00000394,Area 7A (SPL) left,Left Superior Parietal Lobule,AUTHORITATIVE_NATIVE_G1_GEOMETRY,REGISTRATION_REQUIRED,YES,D:\Tool\Coding\IDE\PyCharm\NeuroGraphIQ_KG_marco\backend\data\atlases\freesurfer\fsaverage,REGISTRATION_REQUIRED,NO,有 DK surface 但 Julich 为 volume（2009c），需 surface/volume 桥接,构建 surface↔volume 桥后直接验证
NGIQ-BR-00000395,Area 3b (PostCG) right,Right Postcentral Gyrus,AUTHORITATIVE_NATIVE_G1_GEOMETRY,REGISTRATION_REQUIRED,YES,D:\Tool\Coding\IDE\PyCharm\NeuroGraphIQ_KG_marco\backend\data\atlases\freesurfer\fsaverage,REGISTRATION_REQUIRED,NO,有 DK surface 但 Julich 为 volume（2009c），需 surface/volume 桥接,构建 surface↔volume 桥后直接验证
NGIQ-BR-00000396,Area 3b (PostCG) left,Left Postcentral Gyrus,AUTHORITATIVE_NATIVE_G1_GEOMETRY,REGISTRATION_REQUIRED,YES,D:\Tool\Coding\IDE\PyCharm\NeuroGraphIQ_KG_marco\backend\data\atlases\freesurfer\fsaverage,REGISTRATION_REQUIRED,NO,有 DK surface 但 Julich 为 volume（2009c），需 surface/volume 桥接,构建 surface↔volume 桥后直接验证
NGIQ-BR-00000397,Area 1 (PostCG) right,Right Postcentral Gyrus,AUTHORITATIVE_NATIVE_G1_GEOMETRY,REGISTRATION_REQUIRED,YES,D:\Tool\Coding\IDE\PyCharm\NeuroGraphIQ_KG_marco\backend\data\atlases\freesurfer\fsaverage,REGISTRATION_REQUIRED,NO,有 DK surface 但 Julich 为 volume（2009c），需 surface/volume 桥接,构建 surface↔volume 桥后直接验证
NGIQ-BR-00000398,Area 1 (PostCG) left,Left Postcentral Gyrus,AUTHORITATIVE_NATIVE_G1_GEOMETRY,REGISTRATION_REQUIRED,YES,D:\Tool\Coding\IDE\PyCharm\NeuroGraphIQ_KG_marco\backend\data\atlases\freesurfer\fsaverage,REGISTRATION_REQUIRED,NO,有 DK surface 但 Julich 为 volume（2009c），需 surface/volume 桥接,构建 surface↔volume 桥后直接验证
NGIQ-BR-00000401,Area 3a (PostCG) right,Right Postcentral Gyrus,AUTHORITATIVE_NATIVE_G1_GEOMETRY,REGISTRATION_REQUIRED,YES,D:\Tool\Coding\IDE\PyCharm\NeuroGraphIQ_KG_marco\backend\data\atlases\freesurfer\fsaverage,REGISTRATION_REQUIRED,NO,有 DK surface 但 Julich 为 volume（2009c），需 surface/volume 桥接,构建 surface↔volume 桥后直接验证
NGIQ-BR-00000402,Area 3a (PostCG) left,Left Postcentral Gyrus,AUTHORITATIVE_NATIVE_G1_GEOMETRY,REGISTRATION_REQUIRED,YES,D:\Tool\Coding\IDE\PyCharm\NeuroGraphIQ_KG_marco\backend\data\atlases\freesurfer\fsaverage,REGISTRATION_REQUIRED,NO,有 DK surface 但 Julich 为 volume（2009c），需 surface/volume 桥接,构建 surface↔volume 桥后直接验证
NGIQ-BR-00000411,Area PF (IPL) right,Right Inferior Parietal Lobule,AUTHORITATIVE_NATIVE_G1_GEOMETRY,REGISTRATION_REQUIRED,YES,D:\Tool\Coding\IDE\PyCharm\NeuroGraphIQ_KG_marco\backend\data\atlases\freesurfer\fsaverage,REGISTRATION_REQUIRED,NO,有 DK surface 但 Julich 为 volume（2009c），需 surface/volume 桥接,构建 surface↔volume 桥后直接验证
NGIQ-BR-00000412,Area PF (IPL) left,Left Inferior Parietal Lobule,AUTHORITATIVE_NATIVE_G1_GEOMETRY,REGISTRATION_REQUIRED,YES,D:\Tool\Coding\IDE\PyCharm\NeuroGraphIQ_KG_marco\backend\data\atlases\freesurfer\fsaverage,REGISTRATION_REQUIRED,NO,有 DK surface 但 Julich 为 volume（2009c），需 surface/volume 桥接,构建 surface↔volume 桥后直接验证
NGIQ-BR-00000414,Area PFcm (IPL) left,Left Inferior Parietal Lobule,AUTHORITATIVE_NATIVE_G1_GEOMETRY,REGISTRATION_REQUIRED,YES,D:\Tool\Coding\IDE\PyCharm\NeuroGraphIQ_KG_marco\backend\data\atlases\freesurfer\fsaverage,REGISTRATION_REQUIRED,NO,有 DK surface 但 Julich 为 volume（2009c），需 surface/volume 桥接,构建 surface↔volume 桥后直接验证
NGIQ-BR-00000415,Area PGa (IPL) right,Right Inferior Parietal Lobule,AUTHORITATIVE_NATIVE_G1_GEOMETRY,REGISTRATION_REQUIRED,YES,D:\Tool\Coding\IDE\PyCharm\NeuroGraphIQ_KG_marco\backend\data\atlases\freesurfer\fsaverage,REGISTRATION_REQUIRED,NO,有 DK surface 但 Julich 为 volume（2009c），需 surface/volume 桥接,构建 surface↔volume 桥后直接验证
NGIQ-BR-00000416,Area PGa (IPL) left,Left Inferior Parietal Lobule,AUTHORITATIVE_NATIVE_G1_GEOMETRY,REGISTRATION_REQUIRED,YES,D:\Tool\Coding\IDE\PyCharm\NeuroGraphIQ_KG_marco\backend\data\atlases\freesurfer\fsaverage,REGISTRATION_REQUIRED,NO,有 DK surface 但 Julich 为 volume（2009c），需 surface/volume 桥接,构建 surface↔volume 桥后直接验证
NGIQ-BR-00000418,Area PFt (IPL) left,Left Inferior Parietal Lobule,AUTHORITATIVE_NATIVE_G1_GEOMETRY,REGISTRATION_REQUIRED,YES,D:\Tool\Coding\IDE\PyCharm\NeuroGraphIQ_KG_marco\backend\data\atlases\freesurfer\fsaverage,REGISTRATION_REQUIRED,NO,有 DK surface 但 Julich 为 volume（2009c），需 surface/volume 桥接,构建 surface↔volume 桥后直接验证
NGIQ-BR-00000419,Area PFm (IPL) right,Right Inferior Parietal Lobule,AUTHORITATIVE_NATIVE_G1_GEOMETRY,REGISTRATION_REQUIRED,YES,D:\Tool\Coding\IDE\PyCharm\NeuroGraphIQ_KG_marco\backend\data\atlases\freesurfer\fsaverage,REGISTRATION_REQUIRED,NO,有 DK surface 但 Julich 为 volume（2009c），需 surface/volume 桥接,构建 surface↔volume 桥后直接验证
NGIQ-BR-00000420,Area PFm (IPL) left,Left Inferior Parietal Lobule,AUTHORITATIVE_NATIVE_G1_GEOMETRY,REGISTRATION_REQUIRED,YES,D:\Tool\Coding\IDE\PyCharm\NeuroGraphIQ_KG_marco\backend\data\atlases\freesurfer\fsaverage,REGISTRATION_REQUIRED,NO,有 DK surface 但 Julich 为 volume（2009c），需 surface/volume 桥接,构建 surface↔volume 桥后直接验证
NGIQ-BR-00000421,Area PGp (IPL) right,Right Inferior Parietal Lobule,AUTHORITATIVE_NATIVE_G1_GEOMETRY,REGISTRATION_REQUIRED,YES,D:\Tool\Coding\IDE\PyCharm\NeuroGraphIQ_KG_marco\backend\data\atlases\freesurfer\fsaverage,REGISTRATION_REQUIRED,NO,有 DK surface 但 Julich 为 volume（2009c），需 surface/volume 桥接,构建 surface↔volume 桥后直接验证
NGIQ-BR-00000422,Area PGp (IPL) left,Left Inferior Parietal Lobule,AUTHORITATIVE_NATIVE_G1_GEOMETRY,REGISTRATION_REQUIRED,YES,D:\Tool\Coding\IDE\PyCharm\NeuroGraphIQ_KG_marco\backend\data\atlases\freesurfer\fsaverage,REGISTRATION_REQUIRED,NO,有 DK surface 但 Julich 为 volume（2009c），需 surface/volume 桥接,构建 surface↔volume 桥后直接验证
NGIQ-BR-00000424,Area PFop (IPL) left,Left Inferior Parietal Lobule,AUTHORITATIVE_NATIVE_G1_GEOMETRY,REGISTRATION_REQUIRED,YES,D:\Tool\Coding\IDE\PyCharm\NeuroGraphIQ_KG_marco\backend\data\atlases\freesurfer\fsaverage,REGISTRATION_REQUIRED,NO,有 DK surface 但 Julich 为 volume（2009c），需 surface/volume 桥接,构建 surface↔volume 桥后直接验证
NGIQ-BR-00000443,Area 6v3 (PreCG) right,Right Precentral Gyrus,AUTHORITATIVE_NATIVE_G1_GEOMETRY,REGISTRATION_REQUIRED,YES,D:\Tool\Coding\IDE\PyCharm\NeuroGraphIQ_KG_marco\backend\data\atlases\freesurfer\fsaverage,REGISTRATION_REQUIRED,NO,有 DK surface 但 Julich 为 volume（2009c），需 surface/volume 桥接,构建 surface↔volume 桥后直接验证
NGIQ-BR-00000444,Area 6v3 (PreCG) left,Left Precentral Gyrus,AUTHORITATIVE_NATIVE_G1_GEOMETRY,REGISTRATION_REQUIRED,YES,D:\Tool\Coding\IDE\PyCharm\NeuroGraphIQ_KG_marco\backend\data\atlases\freesurfer\fsaverage,REGISTRATION_REQUIRED,NO,有 DK surface 但 Julich 为 volume（2009c），需 surface/volume 桥接,构建 surface↔volume 桥后直接验证
NGIQ-BR-00000452,Area 6d2 (PreCG) left,Left Precentral Gyrus,AUTHORITATIVE_NATIVE_G1_GEOMETRY,REGISTRATION_REQUIRED,YES,D:\Tool\Coding\IDE\PyCharm\NeuroGraphIQ_KG_marco\backend\data\atlases\freesurfer\fsaverage,REGISTRATION_REQUIRED,NO,有 DK surface 但 Julich 为 volume（2009c），需 surface/volume 桥接,构建 surface↔volume 桥后直接验证
NGIQ-BR-00000454,Area 6d1 (PreCG) left,Left Precentral Gyrus,AUTHORITATIVE_NATIVE_G1_GEOMETRY,REGISTRATION_REQUIRED,YES,D:\Tool\Coding\IDE\PyCharm\NeuroGraphIQ_KG_marco\backend\data\atlases\freesurfer\fsaverage,REGISTRATION_REQUIRED,NO,有 DK surface 但 Julich 为 volume（2009c），需 surface/volume 桥接,构建 surface↔volume 桥后直接验证
NGIQ-BR-00000471,Area 4a (PreCG) right,Right Precentral Gyrus,AUTHORITATIVE_NATIVE_G1_GEOMETRY,REGISTRATION_REQUIRED,YES,D:\Tool\Coding\IDE\PyCharm\NeuroGraphIQ_KG_marco\backend\data\atlases\freesurfer\fsaverage,REGISTRATION_REQUIRED,NO,有 DK surface 但 Julich 为 volume（2009c），需 surface/volume 桥接,构建 surface↔volume 桥后直接验证
NGIQ-BR-00000472,Area 4a (PreCG) left,Left Precentral Gyrus,AUTHORITATIVE_NATIVE_G1_GEOMETRY,REGISTRATION_REQUIRED,YES,D:\Tool\Coding\IDE\PyCharm\NeuroGraphIQ_KG_marco\backend\data\atlases\freesurfer\fsaverage,REGISTRATION_REQUIRED,NO,有 DK surface 但 Julich 为 volume（2009c），需 surface/volume 桥接,构建 surface↔volume 桥后直接验证
NGIQ-BR-00000499,Area 44 (IFG) right,"Right Inferior Frontal Gyrus, Pars Opercularis",AUTHORITATIVE_NATIVE_G1_GEOMETRY,REGISTRATION_REQUIRED,YES,D:\Tool\Coding\IDE\PyCharm\NeuroGraphIQ_KG_marco\backend\data\atlases\freesurfer\fsaverage,REGISTRATION_REQUIRED,NO,有 DK surface 但 Julich 为 volume（2009c），需 surface/volume 桥接,构建 surface↔volume 桥后直接验证
NGIQ-BR-00000500,Area 44 (IFG) left,"Left Inferior Frontal Gyrus, Pars Opercularis",AUTHORITATIVE_NATIVE_G1_GEOMETRY,REGISTRATION_REQUIRED,YES,D:\Tool\Coding\IDE\PyCharm\NeuroGraphIQ_KG_marco\backend\data\atlases\freesurfer\fsaverage,REGISTRATION_REQUIRED,NO,有 DK surface 但 Julich 为 volume（2009c），需 surface/volume 桥接,构建 surface↔volume 桥后直接验证
NGIQ-BR-00000501,Area 45 (IFG) right,"Right Inferior Frontal Gyrus, Pars Triangularis",AUTHORITATIVE_NATIVE_G1_GEOMETRY,REGISTRATION_REQUIRED,YES,D:\Tool\Coding\IDE\PyCharm\NeuroGraphIQ_KG_marco\backend\data\atlases\freesurfer\fsaverage,REGISTRATION_REQUIRED,NO,有 DK surface 但 Julich 为 volume（2009c），需 surface/volume 桥接,构建 surface↔volume 桥后直接验证
NGIQ-BR-00000502,Area 45 (IFG) left,"Left Inferior Frontal Gyrus, Pars Triangularis",AUTHORITATIVE_NATIVE_G1_GEOMETRY,REGISTRATION_REQUIRED,YES,D:\Tool\Coding\IDE\PyCharm\NeuroGraphIQ_KG_marco\backend\data\atlases\freesurfer\fsaverage,REGISTRATION_REQUIRED,NO,有 DK surface 但 Julich 为 volume（2009c），需 surface/volume 桥接,构建 surface↔volume 桥后直接验证
NGIQ-BR-00000523,Area 8d2 (SFG) right,Right Superior Frontal Gyrus,AUTHORITATIVE_NATIVE_G1_GEOMETRY,REGISTRATION_REQUIRED,YES,D:\Tool\Coding\IDE\PyCharm\NeuroGraphIQ_KG_marco\backend\data\atlases\freesurfer\fsaverage,REGISTRATION_REQUIRED,NO,有 DK surface 但 Julich 为 volume（2009c），需 surface/volume 桥接,构建 surface↔volume 桥后直接验证
NGIQ-BR-00000524,Area 8d2 (SFG) left,Left Superior Frontal Gyrus,AUTHORITATIVE_NATIVE_G1_GEOMETRY,REGISTRATION_REQUIRED,YES,D:\Tool\Coding\IDE\PyCharm\NeuroGraphIQ_KG_marco\backend\data\atlases\freesurfer\fsaverage,REGISTRATION_REQUIRED,NO,有 DK surface 但 Julich 为 volume（2009c），需 surface/volume 桥接,构建 surface↔volume 桥后直接验证
NGIQ-BR-00000525,Area 8d1 (SFG) right,Right Superior Frontal Gyrus,AUTHORITATIVE_NATIVE_G1_GEOMETRY,REGISTRATION_REQUIRED,YES,D:\Tool\Coding\IDE\PyCharm\NeuroGraphIQ_KG_marco\backend\data\atlases\freesurfer\fsaverage,REGISTRATION_REQUIRED,NO,有 DK surface 但 Julich 为 volume（2009c），需 surface/volume 桥接,构建 surface↔volume 桥后直接验证
NGIQ-BR-00000526,Area 8d1 (SFG) left,Left Superior Frontal Gyrus,AUTHORITATIVE_NATIVE_G1_GEOMETRY,REGISTRATION_REQUIRED,YES,D:\Tool\Coding\IDE\PyCharm\NeuroGraphIQ_KG_marco\backend\data\atlases\freesurfer\fsaverage,REGISTRATION_REQUIRED,NO,有 DK surface 但 Julich 为 volume（2009c），需 surface/volume 桥接,构建 surface↔volume 桥后直接验证
NGIQ-BR-00000537,Area Ig3 (Insula) right,Right Insula,AUTHORITATIVE_NATIVE_G1_GEOMETRY,REGISTRATION_REQUIRED,YES,D:\Tool\Coding\IDE\PyCharm\NeuroGraphIQ_KG_marco\backend\data\atlases\freesurfer\fsaverage,REGISTRATION_REQUIRED,NO,有 DK surface 但 Julich 为 volume（2009c），需 surface/volume 桥接,构建 surface↔volume 桥后直接验证
NGIQ-BR-00000538,Area Ig3 (Insula) left,Left Insula,AUTHORITATIVE_NATIVE_G1_GEOMETRY,REGISTRATION_REQUIRED,YES,D:\Tool\Coding\IDE\PyCharm\NeuroGraphIQ_KG_marco\backend\data\atlases\freesurfer\fsaverage,REGISTRATION_REQUIRED,NO,有 DK surface 但 Julich 为 volume（2009c），需 surface/volume 桥接,构建 surface↔volume 桥后直接验证
NGIQ-BR-00000539,Area Ig1 (Insula) right,Right Insula,AUTHORITATIVE_NATIVE_G1_GEOMETRY,REGISTRATION_REQUIRED,YES,D:\Tool\Coding\IDE\PyCharm\NeuroGraphIQ_KG_marco\backend\data\atlases\freesurfer\fsaverage,REGISTRATION_REQUIRED,NO,有 DK surface 但 Julich 为 volume（2009c），需 surface/volume 桥接,构建 surface↔volume 桥后直接验证
NGIQ-BR-00000540,Area Ig1 (Insula) left,Left Insula,AUTHORITATIVE_NATIVE_G1_GEOMETRY,REGISTRATION_REQUIRED,YES,D:\Tool\Coding\IDE\PyCharm\NeuroGraphIQ_KG_marco\backend\data\atlases\freesurfer\fsaverage,REGISTRATION_REQUIRED,NO,有 DK surface 但 Julich 为 volume（2009c），需 surface/volume 桥接,构建 surface↔volume 桥后直接验证
NGIQ-BR-00000541,Area Ig2 (Insula) right,Right Insula,AUTHORITATIVE_NATIVE_G1_GEOMETRY,REGISTRATION_REQUIRED,YES,D:\Tool\Coding\IDE\PyCharm\NeuroGraphIQ_KG_marco\backend\data\atlases\freesurfer\fsaverage,REGISTRATION_REQUIRED,NO,有 DK surface 但 Julich 为 volume（2009c），需 surface/volume 桥接,构建 surface↔volume 桥后直接验证
NGIQ-BR-00000542,Area Ig2 (Insula) left,Left Insula,AUTHORITATIVE_NATIVE_G1_GEOMETRY,REGISTRATION_REQUIRED,YES,D:\Tool\Coding\IDE\PyCharm\NeuroGraphIQ_KG_marco\backend\data\atlases\freesurfer\fsaverage,REGISTRATION_REQUIRED,NO,有 DK surface 但 Julich 为 volume（2009c），需 surface/volume 桥接,构建 surface↔volume 桥后直接验证
NGIQ-BR-00000545,Area Ia1 (Insula) right,Right Insula,AUTHORITATIVE_NATIVE_G1_GEOMETRY,REGISTRATION_REQUIRED,YES,D:\Tool\Coding\IDE\PyCharm\NeuroGraphIQ_KG_marco\backend\data\atlases\freesurfer\fsaverage,REGISTRATION_REQUIRED,NO,有 DK surface 但 Julich 为 volume（2009c），需 surface/volume 桥接,构建 surface↔volume 桥后直接验证
NGIQ-BR-00000546,Area Ia1 (Insula) left,Left Insula,AUTHORITATIVE_NATIVE_G1_GEOMETRY,REGISTRATION_REQUIRED,YES,D:\Tool\Coding\IDE\PyCharm\NeuroGraphIQ_KG_marco\backend\data\atlases\freesurfer\fsaverage,REGISTRATION_REQUIRED,NO,有 DK surface 但 Julich 为 volume（2009c），需 surface/volume 桥接,构建 surface↔volume 桥后直接验证
NGIQ-BR-00000549,Area Id2 (Insula) right,Right Insula,AUTHORITATIVE_NATIVE_G1_GEOMETRY,REGISTRATION_REQUIRED,YES,D:\Tool\Coding\IDE\PyCharm\NeuroGraphIQ_KG_marco\backend\data\atlases\freesurfer\fsaverage,REGISTRATION_REQUIRED,NO,有 DK surface 但 Julich 为 volume（2009c），需 surface/volume 桥接,构建 surface↔volume 桥后直接验证
NGIQ-BR-00000550,Area Id2 (Insula) left,Left Insula,AUTHORITATIVE_NATIVE_G1_GEOMETRY,REGISTRATION_REQUIRED,YES,D:\Tool\Coding\IDE\PyCharm\NeuroGraphIQ_KG_marco\backend\data\atlases\freesurfer\fsaverage,REGISTRATION_REQUIRED,NO,有 DK surface 但 Julich 为 volume（2009c），需 surface/volume 桥接,构建 surface↔volume 桥后直接验证
NGIQ-BR-00000555,Area Id9 (Insula) right,Right Insula,AUTHORITATIVE_NATIVE_G1_GEOMETRY,REGISTRATION_REQUIRED,YES,D:\Tool\Coding\IDE\PyCharm\NeuroGraphIQ_KG_marco\backend\data\atlases\freesurfer\fsaverage,REGISTRATION_REQUIRED,NO,有 DK surface 但 Julich 为 volume（2009c），需 surface/volume 桥接,构建 surface↔volume 桥后直接验证
NGIQ-BR-00000556,Area Id9 (Insula) left,Left Insula,AUTHORITATIVE_NATIVE_G1_GEOMETRY,REGISTRATION_REQUIRED,YES,D:\Tool\Coding\IDE\PyCharm\NeuroGraphIQ_KG_marco\backend\data\atlases\freesurfer\fsaverage,REGISTRATION_REQUIRED,NO,有 DK surface 但 Julich 为 volume（2009c），需 surface/volume 桥接,构建 surface↔volume 桥后直接验证
NGIQ-BR-00000559,Area Id5 (Insula) right,Right Insula,AUTHORITATIVE_NATIVE_G1_GEOMETRY,REGISTRATION_REQUIRED,YES,D:\Tool\Coding\IDE\PyCharm\NeuroGraphIQ_KG_marco\backend\data\atlases\freesurfer\fsaverage,REGISTRATION_REQUIRED,NO,有 DK surface 但 Julich 为 volume（2009c），需 surface/volume 桥接,构建 surface↔volume 桥后直接验证
NGIQ-BR-00000560,Area Id5 (Insula) left,Left Insula,AUTHORITATIVE_NATIVE_G1_GEOMETRY,REGISTRATION_REQUIRED,YES,D:\Tool\Coding\IDE\PyCharm\NeuroGraphIQ_KG_marco\backend\data\atlases\freesurfer\fsaverage,REGISTRATION_REQUIRED,NO,有 DK surface 但 Julich 为 volume（2009c），需 surface/volume 桥接,构建 surface↔volume 桥后直接验证
NGIQ-BR-00000561,Area Id6 (Insula) right,Right Insula,AUTHORITATIVE_NATIVE_G1_GEOMETRY,REGISTRATION_REQUIRED,YES,D:\Tool\Coding\IDE\PyCharm\NeuroGraphIQ_KG_marco\backend\data\atlases\freesurfer\fsaverage,REGISTRATION_REQUIRED,NO,有 DK surface 但 Julich 为 volume（2009c），需 surface/volume 桥接,构建 surface↔volume 桥后直接验证
NGIQ-BR-00000562,Area Id6 (Insula) left,Left Insula,AUTHORITATIVE_NATIVE_G1_GEOMETRY,REGISTRATION_REQUIRED,YES,D:\Tool\Coding\IDE\PyCharm\NeuroGraphIQ_KG_marco\backend\data\atlases\freesurfer\fsaverage,REGISTRATION_REQUIRED,NO,有 DK surface 但 Julich 为 volume（2009c），需 surface/volume 桥接,构建 surface↔volume 桥后直接验证
NGIQ-BR-00000563,Area Id10 (Insula) right,Right Insula,AUTHORITATIVE_NATIVE_G1_GEOMETRY,REGISTRATION_REQUIRED,YES,D:\Tool\Coding\IDE\PyCharm\NeuroGraphIQ_KG_marco\backend\data\atlases\freesurfer\fsaverage,REGISTRATION_REQUIRED,NO,有 DK surface 但 Julich 为 volume（2009c），需 surface/volume 桥接,构建 surface↔volume 桥后直接验证
NGIQ-BR-00000565,Area Id4 (Insula) right,Right Insula,AUTHORITATIVE_NATIVE_G1_GEOMETRY,REGISTRATION_REQUIRED,YES,D:\Tool\Coding\IDE\PyCharm\NeuroGraphIQ_KG_marco\backend\data\atlases\freesurfer\fsaverage,REGISTRATION_REQUIRED,NO,有 DK surface 但 Julich 为 volume（2009c），需 surface/volume 桥接,构建 surface↔volume 桥后直接验证
NGIQ-BR-00000566,Area Id4 (Insula) left,Left Insula,AUTHORITATIVE_NATIVE_G1_GEOMETRY,REGISTRATION_REQUIRED,YES,D:\Tool\Coding\IDE\PyCharm\NeuroGraphIQ_KG_marco\backend\data\atlases\freesurfer\fsaverage,REGISTRATION_REQUIRED,NO,有 DK surface 但 Julich 为 volume（2009c），需 surface/volume 桥接,构建 surface↔volume 桥后直接验证
NGIQ-BR-00000567,Area Id3 (Insula) right,Right Insula,AUTHORITATIVE_NATIVE_G1_GEOMETRY,REGISTRATION_REQUIRED,YES,D:\Tool\Coding\IDE\PyCharm\NeuroGraphIQ_KG_marco\backend\data\atlases\freesurfer\fsaverage,REGISTRATION_REQUIRED,NO,有 DK surface 但 Julich 为 volume（2009c），需 surface/volume 桥接,构建 surface↔volume 桥后直接验证
NGIQ-BR-00000568,Area Id3 (Insula) left,Left Insula,AUTHORITATIVE_NATIVE_G1_GEOMETRY,REGISTRATION_REQUIRED,YES,D:\Tool\Coding\IDE\PyCharm\NeuroGraphIQ_KG_marco\backend\data\atlases\freesurfer\fsaverage,REGISTRATION_REQUIRED,NO,有 DK surface 但 Julich 为 volume（2009c），需 surface/volume 桥接,构建 surface↔volume 桥后直接验证
NGIQ-BR-00000575,Area Te 3 (STG) right,Right Superior Temporal Gyrus,AUTHORITATIVE_NATIVE_G1_GEOMETRY,REGISTRATION_REQUIRED,YES,D:\Tool\Coding\IDE\PyCharm\NeuroGraphIQ_KG_marco\backend\data\atlases\freesurfer\fsaverage,REGISTRATION_REQUIRED,NO,有 DK surface 但 Julich 为 volume（2009c），需 surface/volume 桥接,构建 surface↔volume 桥后直接验证
NGIQ-BR-00000576,Area Te 3 (STG) left,Left Superior Temporal Gyrus,AUTHORITATIVE_NATIVE_G1_GEOMETRY,REGISTRATION_REQUIRED,YES,D:\Tool\Coding\IDE\PyCharm\NeuroGraphIQ_KG_marco\backend\data\atlases\freesurfer\fsaverage,REGISTRATION_REQUIRED,NO,有 DK surface 但 Julich 为 volume（2009c），需 surface/volume 桥接,构建 surface↔volume 桥后直接验证
NGIQ-BR-00000577,Area Te 2.2 (STG) right,Right Superior Temporal Gyrus,AUTHORITATIVE_NATIVE_G1_GEOMETRY,REGISTRATION_REQUIRED,YES,D:\Tool\Coding\IDE\PyCharm\NeuroGraphIQ_KG_marco\backend\data\atlases\freesurfer\fsaverage,REGISTRATION_REQUIRED,NO,有 DK surface 但 Julich 为 volume（2009c），需 surface/volume 桥接,构建 surface↔volume 桥后直接验证
NGIQ-BR-00000578,Area Te 2.2 (STG) left,Left Superior Temporal Gyrus,AUTHORITATIVE_NATIVE_G1_GEOMETRY,REGISTRATION_REQUIRED,YES,D:\Tool\Coding\IDE\PyCharm\NeuroGraphIQ_KG_marco\backend\data\atlases\freesurfer\fsaverage,REGISTRATION_REQUIRED,NO,有 DK surface 但 Julich 为 volume（2009c），需 surface/volume 桥接,构建 surface↔volume 桥后直接验证
NGIQ-BR-00000579,Area Te 2.1 (STG) right,Right Superior Temporal Gyrus,AUTHORITATIVE_NATIVE_G1_GEOMETRY,REGISTRATION_REQUIRED,YES,D:\Tool\Coding\IDE\PyCharm\NeuroGraphIQ_KG_marco\backend\data\atlases\freesurfer\fsaverage,REGISTRATION_REQUIRED,NO,有 DK surface 但 Julich 为 volume（2009c），需 surface/volume 桥接,构建 surface↔volume 桥后直接验证
NGIQ-BR-00000580,Area Te 2.1 (STG) left,Left Superior Temporal Gyrus,AUTHORITATIVE_NATIVE_G1_GEOMETRY,REGISTRATION_REQUIRED,YES,D:\Tool\Coding\IDE\PyCharm\NeuroGraphIQ_KG_marco\backend\data\atlases\freesurfer\fsaverage,REGISTRATION_REQUIRED,NO,有 DK surface 但 Julich 为 volume（2009c），需 surface/volume 桥接,构建 surface↔volume 桥后直接验证
NGIQ-BR-00000583,Area Te 1.2 (HESCHL) right,Right Transverse Temporal Gyrus,AUTHORITATIVE_NATIVE_G1_GEOMETRY,REGISTRATION_REQUIRED,YES,D:\Tool\Coding\IDE\PyCharm\NeuroGraphIQ_KG_marco\backend\data\atlases\freesurfer\fsaverage,REGISTRATION_REQUIRED,NO,有 DK surface 但 Julich 为 volume（2009c），需 surface/volume 桥接,构建 surface↔volume 桥后直接验证
NGIQ-BR-00000589,Area Ph2 (PhG) right,Right Parahippocampal Gyrus,NO_GEOMETRY,NO_GEOMETRY,NO,,REGISTRATION_REQUIRED,NO,无法定位家族 → NO_GEOMETRY,获取 aseg/权威 volume 或外部资产
NGIQ-BR-00000590,Area Ph2 (PhG) left,Left Parahippocampal Gyrus,NO_GEOMETRY,NO_GEOMETRY,NO,,REGISTRATION_REQUIRED,NO,无法定位家族 → NO_GEOMETRY,获取 aseg/权威 volume 或外部资产
NGIQ-BR-00000595,Area TI (STG) right,Right Superior Temporal Gyrus,AUTHORITATIVE_NATIVE_G1_GEOMETRY,REGISTRATION_REQUIRED,YES,D:\Tool\Coding\IDE\PyCharm\NeuroGraphIQ_KG_marco\backend\data\atlases\freesurfer\fsaverage,REGISTRATION_REQUIRED,NO,有 DK surface 但 Julich 为 volume（2009c），需 surface/volume 桥接,构建 surface↔volume 桥后直接验证
NGIQ-BR-00000596,Area TI (STG) left,Left Superior Temporal Gyrus,AUTHORITATIVE_NATIVE_G1_GEOMETRY,REGISTRATION_REQUIRED,YES,D:\Tool\Coding\IDE\PyCharm\NeuroGraphIQ_KG_marco\backend\data\atlases\freesurfer\fsaverage,REGISTRATION_REQUIRED,NO,有 DK surface 但 Julich 为 volume（2009c），需 surface/volume 桥接,构建 surface↔volume 桥后直接验证
NGIQ-BR-00000597,Area TeI (STG) right,Right Superior Temporal Gyrus,AUTHORITATIVE_NATIVE_G1_GEOMETRY,REGISTRATION_REQUIRED,YES,D:\Tool\Coding\IDE\PyCharm\NeuroGraphIQ_KG_marco\backend\data\atlases\freesurfer\fsaverage,REGISTRATION_REQUIRED,NO,有 DK surface 但 Julich 为 volume（2009c），需 surface/volume 桥接,构建 surface↔volume 桥后直接验证
NGIQ-BR-00000598,Area TeI (STG) left,Left Superior Temporal Gyrus,AUTHORITATIVE_NATIVE_G1_GEOMETRY,REGISTRATION_REQUIRED,YES,D:\Tool\Coding\IDE\PyCharm\NeuroGraphIQ_KG_marco\backend\data\atlases\freesurfer\fsaverage,REGISTRATION_REQUIRED,NO,有 DK surface 但 Julich 为 volume（2009c），需 surface/volume 桥接,构建 surface↔volume 桥后直接验证
NGIQ-BR-00000602,Area FG2 (FusG) left,Left Fusiform Gyrus,AUTHORITATIVE_NATIVE_G1_GEOMETRY,REGISTRATION_REQUIRED,YES,D:\Tool\Coding\IDE\PyCharm\NeuroGraphIQ_KG_marco\backend\data\atlases\freesurfer\fsaverage,REGISTRATION_REQUIRED,NO,有 DK surface 但 Julich 为 volume（2009c），需 surface/volume 桥接,构建 surface↔volume 桥后直接验证
NGIQ-BR-00000603,Area FG3 (FusG) right,Right Fusiform Gyrus,AUTHORITATIVE_NATIVE_G1_GEOMETRY,REGISTRATION_REQUIRED,YES,D:\Tool\Coding\IDE\PyCharm\NeuroGraphIQ_KG_marco\backend\data\atlases\freesurfer\fsaverage,REGISTRATION_REQUIRED,NO,有 DK surface 但 Julich 为 volume（2009c），需 surface/volume 桥接,构建 surface↔volume 桥后直接验证
NGIQ-BR-00000604,Area FG3 (FusG) left,Left Fusiform Gyrus,AUTHORITATIVE_NATIVE_G1_GEOMETRY,REGISTRATION_REQUIRED,YES,D:\Tool\Coding\IDE\PyCharm\NeuroGraphIQ_KG_marco\backend\data\atlases\freesurfer\fsaverage,REGISTRATION_REQUIRED,NO,有 DK surface 但 Julich 为 volume（2009c），需 surface/volume 桥接,构建 surface↔volume 桥后直接验证
NGIQ-BR-00000605,Area FG1 (FusG) right,Right Fusiform Gyrus,AUTHORITATIVE_NATIVE_G1_GEOMETRY,REGISTRATION_REQUIRED,YES,D:\Tool\Coding\IDE\PyCharm\NeuroGraphIQ_KG_marco\backend\data\atlases\freesurfer\fsaverage,REGISTRATION_REQUIRED,NO,有 DK surface 但 Julich 为 volume（2009c），需 surface/volume 桥接,构建 surface↔volume 桥后直接验证
NGIQ-BR-00000606,Area FG1 (FusG) left,Left Fusiform Gyrus,AUTHORITATIVE_NATIVE_G1_GEOMETRY,REGISTRATION_REQUIRED,YES,D:\Tool\Coding\IDE\PyCharm\NeuroGraphIQ_KG_marco\backend\data\atlases\freesurfer\fsaverage,REGISTRATION_REQUIRED,NO,有 DK surface 但 Julich 为 volume（2009c），需 surface/volume 桥接,构建 surface↔volume 桥后直接验证
NGIQ-BR-00000607,Area FG4 (FusG) right,Right Fusiform Gyrus,AUTHORITATIVE_NATIVE_G1_GEOMETRY,REGISTRATION_REQUIRED,YES,D:\Tool\Coding\IDE\PyCharm\NeuroGraphIQ_KG_marco\backend\data\atlases\freesurfer\fsaverage,REGISTRATION_REQUIRED,NO,有 DK surface 但 Julich 为 volume（2009c），需 surface/volume 桥接,构建 surface↔volume 桥后直接验证
NGIQ-BR-00000608,Area FG4 (FusG) left,Left Fusiform Gyrus,AUTHORITATIVE_NATIVE_G1_GEOMETRY,REGISTRATION_REQUIRED,YES,D:\Tool\Coding\IDE\PyCharm\NeuroGraphIQ_KG_marco\backend\data\atlases\freesurfer\fsaverage,REGISTRATION_REQUIRED,NO,有 DK surface 但 Julich 为 volume（2009c），需 surface/volume 桥接,构建 surface↔volume 桥后直接验证
NGIQ-BR-00000619,Area hOc3d (Cuneus) right,Right Cuneus,AUTHORITATIVE_NATIVE_G1_GEOMETRY,REGISTRATION_REQUIRED,YES,D:\Tool\Coding\IDE\PyCharm\NeuroGraphIQ_KG_marco\backend\data\atlases\freesurfer\fsaverage,REGISTRATION_REQUIRED,NO,有 DK surface 但 Julich 为 volume（2009c），需 surface/volume 桥接,构建 surface↔volume 桥后直接验证
NGIQ-BR-00000625,Area hOc4lp (LOC) right,Right Lateral Occipital Cortex,AUTHORITATIVE_NATIVE_G1_GEOMETRY,REGISTRATION_REQUIRED,YES,D:\Tool\Coding\IDE\PyCharm\NeuroGraphIQ_KG_marco\backend\data\atlases\freesurfer\fsaverage,REGISTRATION_REQUIRED,NO,有 DK surface 但 Julich 为 volume（2009c），需 surface/volume 桥接,构建 surface↔volume 桥后直接验证
NGIQ-BR-00000626,Area hOc4lp (LOC) left,Left Lateral Occipital Cortex,AUTHORITATIVE_NATIVE_G1_GEOMETRY,REGISTRATION_REQUIRED,YES,D:\Tool\Coding\IDE\PyCharm\NeuroGraphIQ_KG_marco\backend\data\atlases\freesurfer\fsaverage,REGISTRATION_REQUIRED,NO,有 DK surface 但 Julich 为 volume（2009c），需 surface/volume 桥接,构建 surface↔volume 桥后直接验证
NGIQ-BR-00000627,Area hOc5 (LOC) right,Right Lateral Occipital Cortex,AUTHORITATIVE_NATIVE_G1_GEOMETRY,REGISTRATION_REQUIRED,YES,D:\Tool\Coding\IDE\PyCharm\NeuroGraphIQ_KG_marco\backend\data\atlases\freesurfer\fsaverage,REGISTRATION_REQUIRED,NO,有 DK surface 但 Julich 为 volume（2009c），需 surface/volume 桥接,构建 surface↔volume 桥后直接验证
NGIQ-BR-00000629,Area hOc4la (LOC) right,Right Lateral Occipital Cortex,AUTHORITATIVE_NATIVE_G1_GEOMETRY,REGISTRATION_REQUIRED,YES,D:\Tool\Coding\IDE\PyCharm\NeuroGraphIQ_KG_marco\backend\data\atlases\freesurfer\fsaverage,REGISTRATION_REQUIRED,NO,有 DK surface 但 Julich 为 volume（2009c），需 surface/volume 桥接,构建 surface↔volume 桥后直接验证
NGIQ-BR-00000630,Area hOc4la (LOC) left,Left Lateral Occipital Cortex,AUTHORITATIVE_NATIVE_G1_GEOMETRY,REGISTRATION_REQUIRED,YES,D:\Tool\Coding\IDE\PyCharm\NeuroGraphIQ_KG_marco\backend\data\atlases\freesurfer\fsaverage,REGISTRATION_REQUIRED,NO,有 DK surface 但 Julich 为 volume（2009c），需 surface/volume 桥接,构建 surface↔volume 桥后直接验证
