hemisphere,dk_label_id,dk_label_name,dk_vertex_count,g1_entity_id,g1_name_en,alignment_status,alignment_method
left,1,bankssts,2137,,,NO_G1_TARGET,DETERMINISTIC_FREESURFER_LABEL_MAP
left,2,caudalanteriorcingulate,1439,NGIQ-BR-00000269,Left Caudal Anterior Cingulate Cortex,ALIGNED,DETERMINISTIC_FREESURFER_LABEL_MAP
left,3,caudalmiddlefrontal,3736,NGIQ-BR-00000270,Left Caudal Middle Frontal Gyrus,ALIGNED,DETERMINISTIC_FREESURFER_LABEL_MAP
left,5,cuneus,1630,NGIQ-BR-00000271,Left Cuneus,ALIGNED,DETERMINISTIC_FREESURFER_LABEL_MAP
left,6,entorhinal,1102,NGIQ-BR-00000272,Left Entorhinal Cortex,ALIGNED,DETERMINISTIC_FREESURFER_LABEL_MAP
left,7,fusiform,4714,NGIQ-BR-00000273,Left Fusiform Gyrus,ALIGNED,DETERMINISTIC_FREESURFER_LABEL_MAP
left,8,inferiorparietal,7871,NGIQ-BR-00000274,Left Inferior Parietal Lobule,ALIGNED,DETERMINISTIC_FREESURFER_LABEL_MAP
left,9,inferiortemporal,4415,NGIQ-BR-00000275,Left Inferior Temporal Gyrus,ALIGNED,DETERMINISTIC_FREESURFER_LABEL_MAP
left,10,isthmuscingulate,2531,NGIQ-BR-00000276,Left Isthmus Of Cingulate Gyrus,ALIGNED,DETERMINISTIC_FREESURFER_LABEL_MAP
left,11,lateraloccipital,6379,NGIQ-BR-00000277,Left Lateral Occipital Cortex,ALIGNED,DETERMINISTIC_FREESURFER_LABEL_MAP
left,12,lateralorbitofrontal,4188,NGIQ-BR-00000278,Left Lateral Orbitofrontal Cortex,ALIGNED,DETERMINISTIC_FREESURFER_LABEL_MAP
left,13,lingual,4205,NGIQ-BR-00000279,Left Lingual Gyrus,ALIGNED,DETERMINISTIC_FREESURFER_LABEL_MAP
left,14,medialorbitofrontal,2653,NGIQ-BR-00000280,Left Medial Orbitofrontal Cortex,ALIGNED,DETERMINISTIC_FREESURFER_LABEL_MAP
left,15,middletemporal,4452,NGIQ-BR-00000281,Left Middle Temporal Gyrus,ALIGNED,DETERMINISTIC_FREESURFER_LABEL_MAP
left,16,parahippocampal,1838,NGIQ-BR-00000282,Left Parahippocampal Gyrus,ALIGNED,DETERMINISTIC_FREESURFER_LABEL_MAP
left,17,paracentral,3294,NGIQ-BR-00000283,Left Paracentral Lobule,ALIGNED,DETERMINISTIC_FREESURFER_LABEL_MAP
left,18,parsopercularis,3119,NGIQ-BR-00000284,"Left Inferior Frontal Gyrus, Pars Opercularis",ALIGNED,DETERMINISTIC_FREESURFER_LABEL_MAP
left,19,parsorbitalis,956,NGIQ-BR-00000285,"Left Inferior Frontal Gyrus, Pars Orbitalis",ALIGNED,DETERMINISTIC_FREESURFER_LABEL_MAP
left,20,parstriangularis,2046,NGIQ-BR-00000286,"Left Inferior Frontal Gyrus, Pars Triangularis",ALIGNED,DETERMINISTIC_FREESURFER_LABEL_MAP
left,21,pericalcarine,1912,NGIQ-BR-00000287,Left Pericalcarine Cortex,ALIGNED,DETERMINISTIC_FREESURFER_LABEL_MAP
left,22,postcentral,9519,NGIQ-BR-00000288,Left Postcentral Gyrus,ALIGNED,DETERMINISTIC_FREESURFER_LABEL_MAP
left,23,posteriorcingulate,3266,NGIQ-BR-00000289,Left Posterior Cingulate Cortex,ALIGNED,DETERMINISTIC_FREESURFER_LABEL_MAP
left,24,precentral,10740,NGIQ-BR-00000290,Left Precentral Gyrus,ALIGNED,DETERMINISTIC_FREESURFER_LABEL_MAP
left,25,precuneus,7308,NGIQ-BR-00000291,Left Precuneus,ALIGNED,DETERMINISTIC_FREESURFER_LABEL_MAP
left,26,rostralanteriorcingulate,1350,NGIQ-BR-00000292,Left Rostral Anterior Cingulate Cortex,ALIGNED,DETERMINISTIC_FREESURFER_LABEL_MAP
left,27,rostralmiddlefrontal,7243,NGIQ-BR-00000293,Left Rostral Middle Frontal Cortex,ALIGNED,DETERMINISTIC_FREESURFER_LABEL_MAP
left,28,superiorfrontal,12179,NGIQ-BR-00000294,Left Superior Frontal Gyrus,ALIGNED,DETERMINISTIC_FREESURFER_LABEL_MAP
left,29,superiorparietal,10456,NGIQ-BR-00000295,Left Superior Parietal Lobule,ALIGNED,DETERMINISTIC_FREESURFER_LABEL_MAP
left,30,superiortemporal,7271,NGIQ-BR-00000296,Left Superior Temporal Gyrus,ALIGNED,DETERMINISTIC_FREESURFER_LABEL_MAP
left,31,supramarginal,8600,NGIQ-BR-00000297,Left Supramarginal Gyrus,ALIGNED,DETERMINISTIC_FREESURFER_LABEL_MAP
left,32,frontalpole,272,,,NO_G1_TARGET,DETERMINISTIC_FREESURFER_LABEL_MAP
left,33,temporalpole,839,,,NO_G1_TARGET,DETERMINISTIC_FREESURFER_LABEL_MAP
left,34,transversetemporal,1064,NGIQ-BR-00000298,Left Transverse Temporal Gyrus,ALIGNED,DETERMINISTIC_FREESURFER_LABEL_MAP
left,35,insula,5229,NGIQ-BR-00000299,Left Insula,ALIGNED,DETERMINISTIC_FREESURFER_LABEL_MAP
right,1,bankssts,2196,,,NO_G1_TARGET,DETERMINISTIC_FREESURFER_LABEL_MAP
right,2,caudalanteriorcingulate,1608,NGIQ-BR-00000300,Right Caudal Anterior Cingulate Cortex,ALIGNED,DETERMINISTIC_FREESURFER_LABEL_MAP
right,3,caudalmiddlefrontal,3494,NGIQ-BR-00000301,Right Caudal Middle Frontal Gyrus,ALIGNED,DETERMINISTIC_FREESURFER_LABEL_MAP
right,5,cuneus,1638,NGIQ-BR-00000302,Right Cuneus,ALIGNED,DETERMINISTIC_FREESURFER_LABEL_MAP
right,6,entorhinal,902,NGIQ-BR-00000303,Right Entorhinal Cortex,ALIGNED,DETERMINISTIC_FREESURFER_LABEL_MAP
right,7,fusiform,4661,NGIQ-BR-00000304,Right Fusiform Gyrus,ALIGNED,DETERMINISTIC_FREESURFER_LABEL_MAP
right,8,inferiorparietal,9676,NGIQ-BR-00000305,Right Inferior Parietal Lobule,ALIGNED,DETERMINISTIC_FREESURFER_LABEL_MAP
right,9,inferiortemporal,4198,NGIQ-BR-00000306,Right Inferior Temporal Gyrus,ALIGNED,DETERMINISTIC_FREESURFER_LABEL_MAP
right,10,isthmuscingulate,2388,NGIQ-BR-00000307,Right Isthmus Of Cingulate Gyrus,ALIGNED,DETERMINISTIC_FREESURFER_LABEL_MAP
right,11,lateraloccipital,5963,NGIQ-BR-00000308,Right Lateral Occipital Cortex,ALIGNED,DETERMINISTIC_FREESURFER_LABEL_MAP
right,12,lateralorbitofrontal,4354,NGIQ-BR-00000309,Right Lateral Orbitofrontal Cortex,ALIGNED,DETERMINISTIC_FREESURFER_LABEL_MAP
right,13,lingual,3894,NGIQ-BR-00000310,Right Lingual Gyrus,ALIGNED,DETERMINISTIC_FREESURFER_LABEL_MAP
right,14,medialorbitofrontal,2801,NGIQ-BR-00000311,Right Medial Orbitofrontal Cortex,ALIGNED,DETERMINISTIC_FREESURFER_LABEL_MAP
right,15,middletemporal,5057,NGIQ-BR-00000312,Right Middle Temporal Gyrus,ALIGNED,DETERMINISTIC_FREESURFER_LABEL_MAP
right,16,parahippocampal,1742,NGIQ-BR-00000313,Right Parahippocampal Gyrus,ALIGNED,DETERMINISTIC_FREESURFER_LABEL_MAP
right,17,paracentral,3831,NGIQ-BR-00000314,Right Paracentral Lobule,ALIGNED,DETERMINISTIC_FREESURFER_LABEL_MAP
right,18,parsopercularis,2472,NGIQ-BR-00000315,"Right Inferior Frontal Gyrus, Pars Opercularis",ALIGNED,DETERMINISTIC_FREESURFER_LABEL_MAP
right,19,parsorbitalis,946,NGIQ-BR-00000316,"Right Inferior Frontal Gyrus, Pars Orbitalis",ALIGNED,DETERMINISTIC_FREESURFER_LABEL_MAP
right,20,parstriangularis,2380,NGIQ-BR-00000317,"Right Inferior Frontal Gyrus, Pars Triangularis",ALIGNED,DETERMINISTIC_FREESURFER_LABEL_MAP
right,21,pericalcarine,1823,NGIQ-BR-00000318,Right Pericalcarine Cortex,ALIGNED,DETERMINISTIC_FREESURFER_LABEL_MAP
right,22,postcentral,9138,NGIQ-BR-00000319,Right Postcentral Gyrus,ALIGNED,DETERMINISTIC_FREESURFER_LABEL_MAP
right,23,posteriorcingulate,2994,NGIQ-BR-00000320,Right Posterior Cingulate Cortex,ALIGNED,DETERMINISTIC_FREESURFER_LABEL_MAP
right,24,precentral,10705,NGIQ-BR-00000321,Right Precentral Gyrus,ALIGNED,DETERMINISTIC_FREESURFER_LABEL_MAP
right,25,precuneus,7975,NGIQ-BR-00000322,Right Precuneus,ALIGNED,DETERMINISTIC_FREESURFER_LABEL_MAP
right,26,rostralanteriorcingulate,1051,NGIQ-BR-00000323,Right Rostral Anterior Cingulate Cortex,ALIGNED,DETERMINISTIC_FREESURFER_LABEL_MAP
right,27,rostralmiddlefrontal,7864,NGIQ-BR-00000324,Right Rostral Middle Frontal Cortex,ALIGNED,DETERMINISTIC_FREESURFER_LABEL_MAP
right,28,superiorfrontal,11878,NGIQ-BR-00000325,Right Superior Frontal Gyrus,ALIGNED,DETERMINISTIC_FREESURFER_LABEL_MAP
right,29,superiorparietal,10222,NGIQ-BR-00000326,Right Superior Parietal Lobule,ALIGNED,DETERMINISTIC_FREESURFER_LABEL_MAP
right,30,superiortemporal,6868,NGIQ-BR-00000327,Right Superior Temporal Gyrus,ALIGNED,DETERMINISTIC_FREESURFER_LABEL_MAP
right,31,supramarginal,8150,NGIQ-BR-00000328,Right Supramarginal Gyrus,ALIGNED,DETERMINISTIC_FREESURFER_LABEL_MAP
right,32,frontalpole,369,,,NO_G1_TARGET,DETERMINISTIC_FREESURFER_LABEL_MAP
right,33,temporalpole,817,,,NO_G1_TARGET,DETERMINISTIC_FREESURFER_LABEL_MAP
right,34,transversetemporal,781,NGIQ-BR-00000329,Right Transverse Temporal Gyrus,ALIGNED,DETERMINISTIC_FREESURFER_LABEL_MAP
right,35,insula,5090,NGIQ-BR-00000330,Right Insula,ALIGNED,DETERMINISTIC_FREESURFER_LABEL_MAP
