component_index,parcel_id,lut_name,official_hemisphere_code,hemisphere,canonical_g3_id,canonical_name,asset_file,asset_sha256,alignment_method,alignment_status
1,1,A8m_L,SFG_L_7_1,left,NGIQ-BR-00000001,SFG_L_7_1,BNA_PM_4D.nii.gz,b1318517f61d08f714c25e55ee580eb8a487c0b7ab1ddbcc7eac852e4e97f020,DETERMINISTIC_LUT_INDEX==PARCEL_ID==CANONICAL,ALIGNED
2,2,A8m_R,SFG_R_7_1,right,NGIQ-BR-00000002,SFG_R_7_1,BNA_PM_4D.nii.gz,b1318517f61d08f714c25e55ee580eb8a487c0b7ab1ddbcc7eac852e4e97f020,DETERMINISTIC_LUT_INDEX==PARCEL_ID==CANONICAL,ALIGNED
3,3,A8dl_L,SFG_L_7_2,left,NGIQ-BR-00000021,SFG_L_7_2,BNA_PM_4D.nii.gz,b1318517f61d08f714c25e55ee580eb8a487c0b7ab1ddbcc7eac852e4e97f020,DETERMINISTIC_LUT_INDEX==PARCEL_ID==CANONICAL,ALIGNED
4,4,A8dl_R,SFG_R_7_2,right,NGIQ-BR-00000022,SFG_R_7_2,BNA_PM_4D.nii.gz,b1318517f61d08f714c25e55ee580eb8a487c0b7ab1ddbcc7eac852e4e97f020,DETERMINISTIC_LUT_INDEX==PARCEL_ID==CANONICAL,ALIGNED
5,5,A9l_L,SFG_L_7_3,left,NGIQ-BR-00000023,SFG_L_7_3,BNA_PM_4D.nii.gz,b1318517f61d08f714c25e55ee580eb8a487c0b7ab1ddbcc7eac852e4e97f020,DETERMINISTIC_LUT_INDEX==PARCEL_ID==CANONICAL,ALIGNED
6,6,A9l_R,SFG_R_7_3,right,NGIQ-BR-00000024,SFG_R_7_3,BNA_PM_4D.nii.gz,b1318517f61d08f714c25e55ee580eb8a487c0b7ab1ddbcc7eac852e4e97f020,DETERMINISTIC_LUT_INDEX==PARCEL_ID==CANONICAL,ALIGNED
7,7,A6dl_L,SFG_L_7_4,left,NGIQ-BR-00000025,SFG_L_7_4,BNA_PM_4D.nii.gz,b1318517f61d08f714c25e55ee580eb8a487c0b7ab1ddbcc7eac852e4e97f020,DETERMINISTIC_LUT_INDEX==PARCEL_ID==CANONICAL,ALIGNED
8,8,A6dl_R,SFG_R_7_4,right,NGIQ-BR-00000026,SFG_R_7_4,BNA_PM_4D.nii.gz,b1318517f61d08f714c25e55ee580eb8a487c0b7ab1ddbcc7eac852e4e97f020,DETERMINISTIC_LUT_INDEX==PARCEL_ID==CANONICAL,ALIGNED
9,9,A6m_L,SFG_L_7_5,left,NGIQ-BR-00000027,SFG_L_7_5,BNA_PM_4D.nii.gz,b1318517f61d08f714c25e55ee580eb8a487c0b7ab1ddbcc7eac852e4e97f020,DETERMINISTIC_LUT_INDEX==PARCEL_ID==CANONICAL,ALIGNED
10,10,A6m_R,SFG_R_7_5,right,NGIQ-BR-00000028,SFG_R_7_5,BNA_PM_4D.nii.gz,b1318517f61d08f714c25e55ee580eb8a487c0b7ab1ddbcc7eac852e4e97f020,DETERMINISTIC_LUT_INDEX==PARCEL_ID==CANONICAL,ALIGNED
11,11,A9m_L,SFG_L_7_6,left,NGIQ-BR-00000029,SFG_L_7_6,BNA_PM_4D.nii.gz,b1318517f61d08f714c25e55ee580eb8a487c0b7ab1ddbcc7eac852e4e97f020,DETERMINISTIC_LUT_INDEX==PARCEL_ID==CANONICAL,ALIGNED
12,12,A9m_R,SFG_R_7_6,right,NGIQ-BR-00000030,SFG_R_7_6,BNA_PM_4D.nii.gz,b1318517f61d08f714c25e55ee580eb8a487c0b7ab1ddbcc7eac852e4e97f020,DETERMINISTIC_LUT_INDEX==PARCEL_ID==CANONICAL,ALIGNED
13,13,A10m_L,SFG_L_7_7,left,NGIQ-BR-00000031,SFG_L_7_7,BNA_PM_4D.nii.gz,b1318517f61d08f714c25e55ee580eb8a487c0b7ab1ddbcc7eac852e4e97f020,DETERMINISTIC_LUT_INDEX==PARCEL_ID==CANONICAL,ALIGNED
14,14,A10m_R,SFG_R_7_7,right,NGIQ-BR-00000032,SFG_R_7_7,BNA_PM_4D.nii.gz,b1318517f61d08f714c25e55ee580eb8a487c0b7ab1ddbcc7eac852e4e97f020,DETERMINISTIC_LUT_INDEX==PARCEL_ID==CANONICAL,ALIGNED
15,15,A9/46d_L,MFG_L_7_1,left,NGIQ-BR-00000033,MFG_L_7_1,BNA_PM_4D.nii.gz,b1318517f61d08f714c25e55ee580eb8a487c0b7ab1ddbcc7eac852e4e97f020,DETERMINISTIC_LUT_INDEX==PARCEL_ID==CANONICAL,ALIGNED
16,16,A9/46d_R,MFG_R_7_1,right,NGIQ-BR-00000034,MFG_R_7_1,BNA_PM_4D.nii.gz,b1318517f61d08f714c25e55ee580eb8a487c0b7ab1ddbcc7eac852e4e97f020,DETERMINISTIC_LUT_INDEX==PARCEL_ID==CANONICAL,ALIGNED
17,17,IFJ_L,MFG_L_7_2,left,NGIQ-BR-00000035,MFG_L_7_2,BNA_PM_4D.nii.gz,b1318517f61d08f714c25e55ee580eb8a487c0b7ab1ddbcc7eac852e4e97f020,DETERMINISTIC_LUT_INDEX==PARCEL_ID==CANONICAL,ALIGNED
18,18,IFJ_R,MFG_R_7_2,right,NGIQ-BR-00000036,MFG_R_7_2,BNA_PM_4D.nii.gz,b1318517f61d08f714c25e55ee580eb8a487c0b7ab1ddbcc7eac852e4e97f020,DETERMINISTIC_LUT_INDEX==PARCEL_ID==CANONICAL,ALIGNED
19,19,A46_L,MFG_L_7_3,left,NGIQ-BR-00000037,MFG_L_7_3,BNA_PM_4D.nii.gz,b1318517f61d08f714c25e55ee580eb8a487c0b7ab1ddbcc7eac852e4e97f020,DETERMINISTIC_LUT_INDEX==PARCEL_ID==CANONICAL,ALIGNED
20,20,A46_R,MFG_R_7_3,right,NGIQ-BR-00000038,MFG_R_7_3,BNA_PM_4D.nii.gz,b1318517f61d08f714c25e55ee580eb8a487c0b7ab1ddbcc7eac852e4e97f020,DETERMINISTIC_LUT_INDEX==PARCEL_ID==CANONICAL,ALIGNED
21,21,A9/46v_L,MFG_L_7_4,left,NGIQ-BR-00000039,MFG_L_7_4,BNA_PM_4D.nii.gz,b1318517f61d08f714c25e55ee580eb8a487c0b7ab1ddbcc7eac852e4e97f020,DETERMINISTIC_LUT_INDEX==PARCEL_ID==CANONICAL,ALIGNED
22,22,A9/46v_R,MFG_R_7_4,right,NGIQ-BR-00000040,MFG_R_7_4,BNA_PM_4D.nii.gz,b1318517f61d08f714c25e55ee580eb8a487c0b7ab1ddbcc7eac852e4e97f020,DETERMINISTIC_LUT_INDEX==PARCEL_ID==CANONICAL,ALIGNED
23,23,A8vl_L,MFG_L_7_5,left,NGIQ-BR-00000041,MFG_L_7_5,BNA_PM_4D.nii.gz,b1318517f61d08f714c25e55ee580eb8a487c0b7ab1ddbcc7eac852e4e97f020,DETERMINISTIC_LUT_INDEX==PARCEL_ID==CANONICAL,ALIGNED
24,24,A8vl_R,MFG_R_7_5,right,NGIQ-BR-00000042,MFG_R_7_5,BNA_PM_4D.nii.gz,b1318517f61d08f714c25e55ee580eb8a487c0b7ab1ddbcc7eac852e4e97f020,DETERMINISTIC_LUT_INDEX==PARCEL_ID==CANONICAL,ALIGNED
25,25,A6vl_L,MFG_L_7_6,left,NGIQ-BR-00000043,MFG_L_7_6,BNA_PM_4D.nii.gz,b1318517f61d08f714c25e55ee580eb8a487c0b7ab1ddbcc7eac852e4e97f020,DETERMINISTIC_LUT_INDEX==PARCEL_ID==CANONICAL,ALIGNED
26,26,A6vl_R,MFG_R_7_6,right,NGIQ-BR-00000044,MFG_R_7_6,BNA_PM_4D.nii.gz,b1318517f61d08f714c25e55ee580eb8a487c0b7ab1ddbcc7eac852e4e97f020,DETERMINISTIC_LUT_INDEX==PARCEL_ID==CANONICAL,ALIGNED
27,27,A10l_L,MFG_L_7_7,left,NGIQ-BR-00000045,MFG_L_7_7,BNA_PM_4D.nii.gz,b1318517f61d08f714c25e55ee580eb8a487c0b7ab1ddbcc7eac852e4e97f020,DETERMINISTIC_LUT_INDEX==PARCEL_ID==CANONICAL,ALIGNED
28,28,A10l_R,MFG_R_7_7,right,NGIQ-BR-00000046,MFG_R_7_7,BNA_PM_4D.nii.gz,b1318517f61d08f714c25e55ee580eb8a487c0b7ab1ddbcc7eac852e4e97f020,DETERMINISTIC_LUT_INDEX==PARCEL_ID==CANONICAL,ALIGNED
29,29,A44d_L,IFG_L_6_1,left,NGIQ-BR-00000003,IFG_L_6_1,BNA_PM_4D.nii.gz,b1318517f61d08f714c25e55ee580eb8a487c0b7ab1ddbcc7eac852e4e97f020,DETERMINISTIC_LUT_INDEX==PARCEL_ID==CANONICAL,ALIGNED
30,30,A44d_R,IFG_R_6_1,right,NGIQ-BR-00000004,IFG_R_6_1,BNA_PM_4D.nii.gz,b1318517f61d08f714c25e55ee580eb8a487c0b7ab1ddbcc7eac852e4e97f020,DETERMINISTIC_LUT_INDEX==PARCEL_ID==CANONICAL,ALIGNED
31,31,IFS_L,IFG_L_6_2,left,NGIQ-BR-00000047,IFG_L_6_2,BNA_PM_4D.nii.gz,b1318517f61d08f714c25e55ee580eb8a487c0b7ab1ddbcc7eac852e4e97f020,DETERMINISTIC_LUT_INDEX==PARCEL_ID==CANONICAL,ALIGNED
32,32,IFS_R,IFG_R_6_2,right,NGIQ-BR-00000048,IFG_R_6_2,BNA_PM_4D.nii.gz,b1318517f61d08f714c25e55ee580eb8a487c0b7ab1ddbcc7eac852e4e97f020,DETERMINISTIC_LUT_INDEX==PARCEL_ID==CANONICAL,ALIGNED
33,33,A45c_L,IFG_L_6_3,left,NGIQ-BR-00000049,IFG_L_6_3,BNA_PM_4D.nii.gz,b1318517f61d08f714c25e55ee580eb8a487c0b7ab1ddbcc7eac852e4e97f020,DETERMINISTIC_LUT_INDEX==PARCEL_ID==CANONICAL,ALIGNED
34,34,A45c_R,IFG_R_6_3,right,NGIQ-BR-00000050,IFG_R_6_3,BNA_PM_4D.nii.gz,b1318517f61d08f714c25e55ee580eb8a487c0b7ab1ddbcc7eac852e4e97f020,DETERMINISTIC_LUT_INDEX==PARCEL_ID==CANONICAL,ALIGNED
35,35,A45r_L,IFG_L_6_4,left,NGIQ-BR-00000051,IFG_L_6_4,BNA_PM_4D.nii.gz,b1318517f61d08f714c25e55ee580eb8a487c0b7ab1ddbcc7eac852e4e97f020,DETERMINISTIC_LUT_INDEX==PARCEL_ID==CANONICAL,ALIGNED
36,36,A45r_R,IFG_R_6_4,right,NGIQ-BR-00000052,IFG_R_6_4,BNA_PM_4D.nii.gz,b1318517f61d08f714c25e55ee580eb8a487c0b7ab1ddbcc7eac852e4e97f020,DETERMINISTIC_LUT_INDEX==PARCEL_ID==CANONICAL,ALIGNED
37,37,A44op_L,IFG_L_6_5,left,NGIQ-BR-00000053,IFG_L_6_5,BNA_PM_4D.nii.gz,b1318517f61d08f714c25e55ee580eb8a487c0b7ab1ddbcc7eac852e4e97f020,DETERMINISTIC_LUT_INDEX==PARCEL_ID==CANONICAL,ALIGNED
38,38,A44op_R,IFG_R_6_5,right,NGIQ-BR-00000054,IFG_R_6_5,BNA_PM_4D.nii.gz,b1318517f61d08f714c25e55ee580eb8a487c0b7ab1ddbcc7eac852e4e97f020,DETERMINISTIC_LUT_INDEX==PARCEL_ID==CANONICAL,ALIGNED
39,39,A44v_L,IFG_L_6_6,left,NGIQ-BR-00000055,IFG_L_6_6,BNA_PM_4D.nii.gz,b1318517f61d08f714c25e55ee580eb8a487c0b7ab1ddbcc7eac852e4e97f020,DETERMINISTIC_LUT_INDEX==PARCEL_ID==CANONICAL,ALIGNED
40,40,A44v_R,IFG_R_6_6,right,NGIQ-BR-00000056,IFG_R_6_6,BNA_PM_4D.nii.gz,b1318517f61d08f714c25e55ee580eb8a487c0b7ab1ddbcc7eac852e4e97f020,DETERMINISTIC_LUT_INDEX==PARCEL_ID==CANONICAL,ALIGNED
41,41,A14m_L,OrG_L_6_1,left,NGIQ-BR-00000057,OrG_L_6_1,BNA_PM_4D.nii.gz,b1318517f61d08f714c25e55ee580eb8a487c0b7ab1ddbcc7eac852e4e97f020,DETERMINISTIC_LUT_INDEX==PARCEL_ID==CANONICAL,ALIGNED
42,42,A14m_R,OrG_R_6_1,right,NGIQ-BR-00000058,OrG_R_6_1,BNA_PM_4D.nii.gz,b1318517f61d08f714c25e55ee580eb8a487c0b7ab1ddbcc7eac852e4e97f020,DETERMINISTIC_LUT_INDEX==PARCEL_ID==CANONICAL,ALIGNED
43,43,A12/47o_L,OrG_L_6_2,left,NGIQ-BR-00000059,OrG_L_6_2,BNA_PM_4D.nii.gz,b1318517f61d08f714c25e55ee580eb8a487c0b7ab1ddbcc7eac852e4e97f020,DETERMINISTIC_LUT_INDEX==PARCEL_ID==CANONICAL,ALIGNED
44,44,A12/47o_R,OrG_R_6_2,right,NGIQ-BR-00000060,OrG_R_6_2,BNA_PM_4D.nii.gz,b1318517f61d08f714c25e55ee580eb8a487c0b7ab1ddbcc7eac852e4e97f020,DETERMINISTIC_LUT_INDEX==PARCEL_ID==CANONICAL,ALIGNED
45,45,A11l_L,OrG_L_6_3,left,NGIQ-BR-00000061,OrG_L_6_3,BNA_PM_4D.nii.gz,b1318517f61d08f714c25e55ee580eb8a487c0b7ab1ddbcc7eac852e4e97f020,DETERMINISTIC_LUT_INDEX==PARCEL_ID==CANONICAL,ALIGNED
46,46,A11l_R,OrG_R_6_3,right,NGIQ-BR-00000062,OrG_R_6_3,BNA_PM_4D.nii.gz,b1318517f61d08f714c25e55ee580eb8a487c0b7ab1ddbcc7eac852e4e97f020,DETERMINISTIC_LUT_INDEX==PARCEL_ID==CANONICAL,ALIGNED
47,47,A11m_L,OrG_L_6_4,left,NGIQ-BR-00000063,OrG_L_6_4,BNA_PM_4D.nii.gz,b1318517f61d08f714c25e55ee580eb8a487c0b7ab1ddbcc7eac852e4e97f020,DETERMINISTIC_LUT_INDEX==PARCEL_ID==CANONICAL,ALIGNED
48,48,A11m_R,OrG_R_6_4,right,NGIQ-BR-00000064,OrG_R_6_4,BNA_PM_4D.nii.gz,b1318517f61d08f714c25e55ee580eb8a487c0b7ab1ddbcc7eac852e4e97f020,DETERMINISTIC_LUT_INDEX==PARCEL_ID==CANONICAL,ALIGNED
49,49,A13_L,OrG_L_6_5,left,NGIQ-BR-00000065,OrG_L_6_5,BNA_PM_4D.nii.gz,b1318517f61d08f714c25e55ee580eb8a487c0b7ab1ddbcc7eac852e4e97f020,DETERMINISTIC_LUT_INDEX==PARCEL_ID==CANONICAL,ALIGNED
50,50,A13_R,OrG_R_6_5,right,NGIQ-BR-00000066,OrG_R_6_5,BNA_PM_4D.nii.gz,b1318517f61d08f714c25e55ee580eb8a487c0b7ab1ddbcc7eac852e4e97f020,DETERMINISTIC_LUT_INDEX==PARCEL_ID==CANONICAL,ALIGNED
51,51,A12/47l_L,OrG_L_6_6,left,NGIQ-BR-00000067,OrG_L_6_6,BNA_PM_4D.nii.gz,b1318517f61d08f714c25e55ee580eb8a487c0b7ab1ddbcc7eac852e4e97f020,DETERMINISTIC_LUT_INDEX==PARCEL_ID==CANONICAL,ALIGNED
52,52,A12/47l_R,OrG_R_6_6,right,NGIQ-BR-00000068,OrG_R_6_6,BNA_PM_4D.nii.gz,b1318517f61d08f714c25e55ee580eb8a487c0b7ab1ddbcc7eac852e4e97f020,DETERMINISTIC_LUT_INDEX==PARCEL_ID==CANONICAL,ALIGNED
53,53,A4hf_L,PrG_L_6_1,left,NGIQ-BR-00000069,PrG_L_6_1,BNA_PM_4D.nii.gz,b1318517f61d08f714c25e55ee580eb8a487c0b7ab1ddbcc7eac852e4e97f020,DETERMINISTIC_LUT_INDEX==PARCEL_ID==CANONICAL,ALIGNED
54,54,A4hf_R,PrG_R_6_1,right,NGIQ-BR-00000070,PrG_R_6_1,BNA_PM_4D.nii.gz,b1318517f61d08f714c25e55ee580eb8a487c0b7ab1ddbcc7eac852e4e97f020,DETERMINISTIC_LUT_INDEX==PARCEL_ID==CANONICAL,ALIGNED
55,55,A6cdl_L,PrG_L_6_2,left,NGIQ-BR-00000071,PrG_L_6_2,BNA_PM_4D.nii.gz,b1318517f61d08f714c25e55ee580eb8a487c0b7ab1ddbcc7eac852e4e97f020,DETERMINISTIC_LUT_INDEX==PARCEL_ID==CANONICAL,ALIGNED
56,56,A6cdl_R,PrG_R_6_2,right,NGIQ-BR-00000072,PrG_R_6_2,BNA_PM_4D.nii.gz,b1318517f61d08f714c25e55ee580eb8a487c0b7ab1ddbcc7eac852e4e97f020,DETERMINISTIC_LUT_INDEX==PARCEL_ID==CANONICAL,ALIGNED
57,57,A4ul_L,PrG_L_6_3,left,NGIQ-BR-00000073,PrG_L_6_3,BNA_PM_4D.nii.gz,b1318517f61d08f714c25e55ee580eb8a487c0b7ab1ddbcc7eac852e4e97f020,DETERMINISTIC_LUT_INDEX==PARCEL_ID==CANONICAL,ALIGNED
58,58,A4ul_R,PrG_R_6_3,right,NGIQ-BR-00000074,PrG_R_6_3,BNA_PM_4D.nii.gz,b1318517f61d08f714c25e55ee580eb8a487c0b7ab1ddbcc7eac852e4e97f020,DETERMINISTIC_LUT_INDEX==PARCEL_ID==CANONICAL,ALIGNED
59,59,A4t_L,PrG_L_6_4,left,NGIQ-BR-00000075,PrG_L_6_4,BNA_PM_4D.nii.gz,b1318517f61d08f714c25e55ee580eb8a487c0b7ab1ddbcc7eac852e4e97f020,DETERMINISTIC_LUT_INDEX==PARCEL_ID==CANONICAL,ALIGNED
60,60,A4t_R,PrG_R_6_4,right,NGIQ-BR-00000076,PrG_R_6_4,BNA_PM_4D.nii.gz,b1318517f61d08f714c25e55ee580eb8a487c0b7ab1ddbcc7eac852e4e97f020,DETERMINISTIC_LUT_INDEX==PARCEL_ID==CANONICAL,ALIGNED
61,61,A4tl_L,PrG_L_6_5,left,NGIQ-BR-00000077,PrG_L_6_5,BNA_PM_4D.nii.gz,b1318517f61d08f714c25e55ee580eb8a487c0b7ab1ddbcc7eac852e4e97f020,DETERMINISTIC_LUT_INDEX==PARCEL_ID==CANONICAL,ALIGNED
62,62,A4tl_R,PrG_R_6_5,right,NGIQ-BR-00000078,PrG_R_6_5,BNA_PM_4D.nii.gz,b1318517f61d08f714c25e55ee580eb8a487c0b7ab1ddbcc7eac852e4e97f020,DETERMINISTIC_LUT_INDEX==PARCEL_ID==CANONICAL,ALIGNED
63,63,A6cvl_L,PrG_L_6_6,left,NGIQ-BR-00000079,PrG_L_6_6,BNA_PM_4D.nii.gz,b1318517f61d08f714c25e55ee580eb8a487c0b7ab1ddbcc7eac852e4e97f020,DETERMINISTIC_LUT_INDEX==PARCEL_ID==CANONICAL,ALIGNED
64,64,A6cvl_R,PrG_R_6_6,right,NGIQ-BR-00000080,PrG_R_6_6,BNA_PM_4D.nii.gz,b1318517f61d08f714c25e55ee580eb8a487c0b7ab1ddbcc7eac852e4e97f020,DETERMINISTIC_LUT_INDEX==PARCEL_ID==CANONICAL,ALIGNED
65,65,A1/2/3ll_L,PCL_L_2_1,left,NGIQ-BR-00000081,PCL_L_2_1,BNA_PM_4D.nii.gz,b1318517f61d08f714c25e55ee580eb8a487c0b7ab1ddbcc7eac852e4e97f020,DETERMINISTIC_LUT_INDEX==PARCEL_ID==CANONICAL,ALIGNED
66,66,A1/2/3ll_R,PCL_R_2_1,right,NGIQ-BR-00000082,PCL_R_2_1,BNA_PM_4D.nii.gz,b1318517f61d08f714c25e55ee580eb8a487c0b7ab1ddbcc7eac852e4e97f020,DETERMINISTIC_LUT_INDEX==PARCEL_ID==CANONICAL,ALIGNED
67,67,A4ll_L,PCL_L_2_2,left,NGIQ-BR-00000083,PCL_L_2_2,BNA_PM_4D.nii.gz,b1318517f61d08f714c25e55ee580eb8a487c0b7ab1ddbcc7eac852e4e97f020,DETERMINISTIC_LUT_INDEX==PARCEL_ID==CANONICAL,ALIGNED
68,68,A4ll_R,PCL_R_2_2,right,NGIQ-BR-00000084,PCL_R_2_2,BNA_PM_4D.nii.gz,b1318517f61d08f714c25e55ee580eb8a487c0b7ab1ddbcc7eac852e4e97f020,DETERMINISTIC_LUT_INDEX==PARCEL_ID==CANONICAL,ALIGNED
69,69,A38m_L,STG_L_6_1,left,NGIQ-BR-00000005,STG_L_6_1,BNA_PM_4D.nii.gz,b1318517f61d08f714c25e55ee580eb8a487c0b7ab1ddbcc7eac852e4e97f020,DETERMINISTIC_LUT_INDEX==PARCEL_ID==CANONICAL,ALIGNED
70,70,A38m_R,STG_R_6_1,right,NGIQ-BR-00000006,STG_R_6_1,BNA_PM_4D.nii.gz,b1318517f61d08f714c25e55ee580eb8a487c0b7ab1ddbcc7eac852e4e97f020,DETERMINISTIC_LUT_INDEX==PARCEL_ID==CANONICAL,ALIGNED
71,71,A41/42_L,STG_L_6_2,left,NGIQ-BR-00000085,STG_L_6_2,BNA_PM_4D.nii.gz,b1318517f61d08f714c25e55ee580eb8a487c0b7ab1ddbcc7eac852e4e97f020,DETERMINISTIC_LUT_INDEX==PARCEL_ID==CANONICAL,ALIGNED
72,72,A41/42_R,STG_R_6_2,right,NGIQ-BR-00000086,STG_R_6_2,BNA_PM_4D.nii.gz,b1318517f61d08f714c25e55ee580eb8a487c0b7ab1ddbcc7eac852e4e97f020,DETERMINISTIC_LUT_INDEX==PARCEL_ID==CANONICAL,ALIGNED
73,73,TE1.0/TE1.2_L,STG_L_6_3,left,NGIQ-BR-00000087,STG_L_6_3,BNA_PM_4D.nii.gz,b1318517f61d08f714c25e55ee580eb8a487c0b7ab1ddbcc7eac852e4e97f020,DETERMINISTIC_LUT_INDEX==PARCEL_ID==CANONICAL,ALIGNED
74,74,TE1.0/TE1.2_R,STG_R_6_3,right,NGIQ-BR-00000088,STG_R_6_3,BNA_PM_4D.nii.gz,b1318517f61d08f714c25e55ee580eb8a487c0b7ab1ddbcc7eac852e4e97f020,DETERMINISTIC_LUT_INDEX==PARCEL_ID==CANONICAL,ALIGNED
75,75,A22c_L,STG_L_6_4,left,NGIQ-BR-00000089,STG_L_6_4,BNA_PM_4D.nii.gz,b1318517f61d08f714c25e55ee580eb8a487c0b7ab1ddbcc7eac852e4e97f020,DETERMINISTIC_LUT_INDEX==PARCEL_ID==CANONICAL,ALIGNED
76,76,A22c_R,STG_R_6_4,right,NGIQ-BR-00000090,STG_R_6_4,BNA_PM_4D.nii.gz,b1318517f61d08f714c25e55ee580eb8a487c0b7ab1ddbcc7eac852e4e97f020,DETERMINISTIC_LUT_INDEX==PARCEL_ID==CANONICAL,ALIGNED
77,77,A38l_L,STG_L_6_5,left,NGIQ-BR-00000091,STG_L_6_5,BNA_PM_4D.nii.gz,b1318517f61d08f714c25e55ee580eb8a487c0b7ab1ddbcc7eac852e4e97f020,DETERMINISTIC_LUT_INDEX==PARCEL_ID==CANONICAL,ALIGNED
78,78,A38l_R,STG_R_6_5,right,NGIQ-BR-00000092,STG_R_6_5,BNA_PM_4D.nii.gz,b1318517f61d08f714c25e55ee580eb8a487c0b7ab1ddbcc7eac852e4e97f020,DETERMINISTIC_LUT_INDEX==PARCEL_ID==CANONICAL,ALIGNED
79,79,A22r_L,STG_L_6_6,left,NGIQ-BR-00000093,STG_L_6_6,BNA_PM_4D.nii.gz,b1318517f61d08f714c25e55ee580eb8a487c0b7ab1ddbcc7eac852e4e97f020,DETERMINISTIC_LUT_INDEX==PARCEL_ID==CANONICAL,ALIGNED
80,80,A22r_R,STG_R_6_6,right,NGIQ-BR-00000094,STG_R_6_6,BNA_PM_4D.nii.gz,b1318517f61d08f714c25e55ee580eb8a487c0b7ab1ddbcc7eac852e4e97f020,DETERMINISTIC_LUT_INDEX==PARCEL_ID==CANONICAL,ALIGNED
81,81,A21c_L,MTG_L_4_1,left,NGIQ-BR-00000007,MTG_L_4_1,BNA_PM_4D.nii.gz,b1318517f61d08f714c25e55ee580eb8a487c0b7ab1ddbcc7eac852e4e97f020,DETERMINISTIC_LUT_INDEX==PARCEL_ID==CANONICAL,ALIGNED
82,82,A21c_R,MTG_R_4_1,right,NGIQ-BR-00000008,MTG_R_4_1,BNA_PM_4D.nii.gz,b1318517f61d08f714c25e55ee580eb8a487c0b7ab1ddbcc7eac852e4e97f020,DETERMINISTIC_LUT_INDEX==PARCEL_ID==CANONICAL,ALIGNED
83,83,A21r_L,MTG_L_4_2,left,NGIQ-BR-00000095,MTG_L_4_2,BNA_PM_4D.nii.gz,b1318517f61d08f714c25e55ee580eb8a487c0b7ab1ddbcc7eac852e4e97f020,DETERMINISTIC_LUT_INDEX==PARCEL_ID==CANONICAL,ALIGNED
84,84,A21r_R,MTG_R_4_2,right,NGIQ-BR-00000096,MTG_R_4_2,BNA_PM_4D.nii.gz,b1318517f61d08f714c25e55ee580eb8a487c0b7ab1ddbcc7eac852e4e97f020,DETERMINISTIC_LUT_INDEX==PARCEL_ID==CANONICAL,ALIGNED
85,85,A37dl_L,MTG_L_4_3,left,NGIQ-BR-00000097,MTG_L_4_3,BNA_PM_4D.nii.gz,b1318517f61d08f714c25e55ee580eb8a487c0b7ab1ddbcc7eac852e4e97f020,DETERMINISTIC_LUT_INDEX==PARCEL_ID==CANONICAL,ALIGNED
86,86,A37dl_R,MTG_R_4_3,right,NGIQ-BR-00000098,MTG_R_4_3,BNA_PM_4D.nii.gz,b1318517f61d08f714c25e55ee580eb8a487c0b7ab1ddbcc7eac852e4e97f020,DETERMINISTIC_LUT_INDEX==PARCEL_ID==CANONICAL,ALIGNED
87,87,aSTS_L,MTG_L_4_4,left,NGIQ-BR-00000099,MTG_L_4_4,BNA_PM_4D.nii.gz,b1318517f61d08f714c25e55ee580eb8a487c0b7ab1ddbcc7eac852e4e97f020,DETERMINISTIC_LUT_INDEX==PARCEL_ID==CANONICAL,ALIGNED
88,88,aSTS_R,MTG_R_4_4,right,NGIQ-BR-00000100,MTG_R_4_4,BNA_PM_4D.nii.gz,b1318517f61d08f714c25e55ee580eb8a487c0b7ab1ddbcc7eac852e4e97f020,DETERMINISTIC_LUT_INDEX==PARCEL_ID==CANONICAL,ALIGNED
89,89,A20iv_L,ITG_L_7_1,left,NGIQ-BR-00000101,ITG_L_7_1,BNA_PM_4D.nii.gz,b1318517f61d08f714c25e55ee580eb8a487c0b7ab1ddbcc7eac852e4e97f020,DETERMINISTIC_LUT_INDEX==PARCEL_ID==CANONICAL,ALIGNED
90,90,A20iv_R,ITG_R_7_1,right,NGIQ-BR-00000102,ITG_R_7_1,BNA_PM_4D.nii.gz,b1318517f61d08f714c25e55ee580eb8a487c0b7ab1ddbcc7eac852e4e97f020,DETERMINISTIC_LUT_INDEX==PARCEL_ID==CANONICAL,ALIGNED
91,91,A37elv_L,ITG_L_7_2,left,NGIQ-BR-00000103,ITG_L_7_2,BNA_PM_4D.nii.gz,b1318517f61d08f714c25e55ee580eb8a487c0b7ab1ddbcc7eac852e4e97f020,DETERMINISTIC_LUT_INDEX==PARCEL_ID==CANONICAL,ALIGNED
92,92,A37elv_R,ITG_R_7_2,right,NGIQ-BR-00000104,ITG_R_7_2,BNA_PM_4D.nii.gz,b1318517f61d08f714c25e55ee580eb8a487c0b7ab1ddbcc7eac852e4e97f020,DETERMINISTIC_LUT_INDEX==PARCEL_ID==CANONICAL,ALIGNED
93,93,A20r_L,ITG_L_7_3,left,NGIQ-BR-00000105,ITG_L_7_3,BNA_PM_4D.nii.gz,b1318517f61d08f714c25e55ee580eb8a487c0b7ab1ddbcc7eac852e4e97f020,DETERMINISTIC_LUT_INDEX==PARCEL_ID==CANONICAL,ALIGNED
94,94,A20r_R,ITG_R_7_3,right,NGIQ-BR-00000106,ITG_R_7_3,BNA_PM_4D.nii.gz,b1318517f61d08f714c25e55ee580eb8a487c0b7ab1ddbcc7eac852e4e97f020,DETERMINISTIC_LUT_INDEX==PARCEL_ID==CANONICAL,ALIGNED
95,95,A20il_L,ITG_L_7_4,left,NGIQ-BR-00000107,ITG_L_7_4,BNA_PM_4D.nii.gz,b1318517f61d08f714c25e55ee580eb8a487c0b7ab1ddbcc7eac852e4e97f020,DETERMINISTIC_LUT_INDEX==PARCEL_ID==CANONICAL,ALIGNED
96,96,A20il_R,ITG_R_7_4,right,NGIQ-BR-00000108,ITG_R_7_4,BNA_PM_4D.nii.gz,b1318517f61d08f714c25e55ee580eb8a487c0b7ab1ddbcc7eac852e4e97f020,DETERMINISTIC_LUT_INDEX==PARCEL_ID==CANONICAL,ALIGNED
97,97,A37vl_L,ITG_L_7_5,left,NGIQ-BR-00000109,ITG_L_7_5,BNA_PM_4D.nii.gz,b1318517f61d08f714c25e55ee580eb8a487c0b7ab1ddbcc7eac852e4e97f020,DETERMINISTIC_LUT_INDEX==PARCEL_ID==CANONICAL,ALIGNED
98,98,A37vl_R,ITG_R_7_5,right,NGIQ-BR-00000110,ITG_R_7_5,BNA_PM_4D.nii.gz,b1318517f61d08f714c25e55ee580eb8a487c0b7ab1ddbcc7eac852e4e97f020,DETERMINISTIC_LUT_INDEX==PARCEL_ID==CANONICAL,ALIGNED
99,99,A20cl_L,ITG_L_7_6,left,NGIQ-BR-00000111,ITG_L_7_6,BNA_PM_4D.nii.gz,b1318517f61d08f714c25e55ee580eb8a487c0b7ab1ddbcc7eac852e4e97f020,DETERMINISTIC_LUT_INDEX==PARCEL_ID==CANONICAL,ALIGNED
100,100,A20cl_R,ITG_R_7_6,right,NGIQ-BR-00000112,ITG_R_7_6,BNA_PM_4D.nii.gz,b1318517f61d08f714c25e55ee580eb8a487c0b7ab1ddbcc7eac852e4e97f020,DETERMINISTIC_LUT_INDEX==PARCEL_ID==CANONICAL,ALIGNED
101,101,A20cv_L,ITG_L_7_7,left,NGIQ-BR-00000113,ITG_L_7_7,BNA_PM_4D.nii.gz,b1318517f61d08f714c25e55ee580eb8a487c0b7ab1ddbcc7eac852e4e97f020,DETERMINISTIC_LUT_INDEX==PARCEL_ID==CANONICAL,ALIGNED
102,102,A20cv_R,ITG_R_7_7,right,NGIQ-BR-00000114,ITG_R_7_7,BNA_PM_4D.nii.gz,b1318517f61d08f714c25e55ee580eb8a487c0b7ab1ddbcc7eac852e4e97f020,DETERMINISTIC_LUT_INDEX==PARCEL_ID==CANONICAL,ALIGNED
103,103,A20rv_L,FuG_L_3_1,left,NGIQ-BR-00000115,FuG_L_3_1,BNA_PM_4D.nii.gz,b1318517f61d08f714c25e55ee580eb8a487c0b7ab1ddbcc7eac852e4e97f020,DETERMINISTIC_LUT_INDEX==PARCEL_ID==CANONICAL,ALIGNED
104,104,A20rv_R,FuG_R_3_1,right,NGIQ-BR-00000116,FuG_R_3_1,BNA_PM_4D.nii.gz,b1318517f61d08f714c25e55ee580eb8a487c0b7ab1ddbcc7eac852e4e97f020,DETERMINISTIC_LUT_INDEX==PARCEL_ID==CANONICAL,ALIGNED
105,105,A37mv_L,FuG_L_3_2,left,NGIQ-BR-00000117,FuG_L_3_2,BNA_PM_4D.nii.gz,b1318517f61d08f714c25e55ee580eb8a487c0b7ab1ddbcc7eac852e4e97f020,DETERMINISTIC_LUT_INDEX==PARCEL_ID==CANONICAL,ALIGNED
106,106,A37mv_R,FuG_R_3_2,right,NGIQ-BR-00000118,FuG_R_3_2,BNA_PM_4D.nii.gz,b1318517f61d08f714c25e55ee580eb8a487c0b7ab1ddbcc7eac852e4e97f020,DETERMINISTIC_LUT_INDEX==PARCEL_ID==CANONICAL,ALIGNED
107,107,A37lv_L,FuG_L_3_3,left,NGIQ-BR-00000119,FuG_L_3_3,BNA_PM_4D.nii.gz,b1318517f61d08f714c25e55ee580eb8a487c0b7ab1ddbcc7eac852e4e97f020,DETERMINISTIC_LUT_INDEX==PARCEL_ID==CANONICAL,ALIGNED
108,108,A37lv_R,FuG_R_3_3,right,NGIQ-BR-00000120,FuG_R_3_3,BNA_PM_4D.nii.gz,b1318517f61d08f714c25e55ee580eb8a487c0b7ab1ddbcc7eac852e4e97f020,DETERMINISTIC_LUT_INDEX==PARCEL_ID==CANONICAL,ALIGNED
109,109,A35/36r_L,PhG_L_6_1,left,NGIQ-BR-00000121,Ent_L_6_1,BNA_PM_4D.nii.gz,b1318517f61d08f714c25e55ee580eb8a487c0b7ab1ddbcc7eac852e4e97f020,DETERMINISTIC_LUT_INDEX==PARCEL_ID==CANONICAL,ALIGNED
110,110,A35/36r_R,PhG_R_6_1,right,NGIQ-BR-00000122,Ent_R_6_1,BNA_PM_4D.nii.gz,b1318517f61d08f714c25e55ee580eb8a487c0b7ab1ddbcc7eac852e4e97f020,DETERMINISTIC_LUT_INDEX==PARCEL_ID==CANONICAL,ALIGNED
111,111,A35/36c_L,PhG_L_6_2,left,NGIQ-BR-00000123,Ent_L_6_2,BNA_PM_4D.nii.gz,b1318517f61d08f714c25e55ee580eb8a487c0b7ab1ddbcc7eac852e4e97f020,DETERMINISTIC_LUT_INDEX==PARCEL_ID==CANONICAL,ALIGNED
112,112,A35/36c_R,PhG_R_6_2,right,NGIQ-BR-00000124,Ent_R_6_2,BNA_PM_4D.nii.gz,b1318517f61d08f714c25e55ee580eb8a487c0b7ab1ddbcc7eac852e4e97f020,DETERMINISTIC_LUT_INDEX==PARCEL_ID==CANONICAL,ALIGNED
113,113,TL_L,PhG_L_6_3,left,NGIQ-BR-00000125,Ent_L_6_3,BNA_PM_4D.nii.gz,b1318517f61d08f714c25e55ee580eb8a487c0b7ab1ddbcc7eac852e4e97f020,DETERMINISTIC_LUT_INDEX==PARCEL_ID==CANONICAL,ALIGNED
114,114,TL_R,PhG_R_6_3,right,NGIQ-BR-00000126,Ent_R_6_3,BNA_PM_4D.nii.gz,b1318517f61d08f714c25e55ee580eb8a487c0b7ab1ddbcc7eac852e4e97f020,DETERMINISTIC_LUT_INDEX==PARCEL_ID==CANONICAL,ALIGNED
115,115,A28/34_L,PhG_L_6_4,left,NGIQ-BR-00000127,Ent_L_6_4,BNA_PM_4D.nii.gz,b1318517f61d08f714c25e55ee580eb8a487c0b7ab1ddbcc7eac852e4e97f020,DETERMINISTIC_LUT_INDEX==PARCEL_ID==CANONICAL,ALIGNED
116,116,A28/34_R,PhG_R_6_4,right,NGIQ-BR-00000128,Ent_R_6_4,BNA_PM_4D.nii.gz,b1318517f61d08f714c25e55ee580eb8a487c0b7ab1ddbcc7eac852e4e97f020,DETERMINISTIC_LUT_INDEX==PARCEL_ID==CANONICAL,ALIGNED
117,117,TI_L,PhG_L_6_5,left,NGIQ-BR-00000129,Ent_L_6_5,BNA_PM_4D.nii.gz,b1318517f61d08f714c25e55ee580eb8a487c0b7ab1ddbcc7eac852e4e97f020,DETERMINISTIC_LUT_INDEX==PARCEL_ID==CANONICAL,ALIGNED
118,118,TI_R,PhG_R_6_5,right,NGIQ-BR-00000130,Ent_R_6_5,BNA_PM_4D.nii.gz,b1318517f61d08f714c25e55ee580eb8a487c0b7ab1ddbcc7eac852e4e97f020,DETERMINISTIC_LUT_INDEX==PARCEL_ID==CANONICAL,ALIGNED
119,119,TH_L,PhG_L_6_6,left,NGIQ-BR-00000131,Ent_L_6_6,BNA_PM_4D.nii.gz,b1318517f61d08f714c25e55ee580eb8a487c0b7ab1ddbcc7eac852e4e97f020,DETERMINISTIC_LUT_INDEX==PARCEL_ID==CANONICAL,ALIGNED
120,120,TH_R,PhG_R_6_6,right,NGIQ-BR-00000132,Ent_R_6_6,BNA_PM_4D.nii.gz,b1318517f61d08f714c25e55ee580eb8a487c0b7ab1ddbcc7eac852e4e97f020,DETERMINISTIC_LUT_INDEX==PARCEL_ID==CANONICAL,ALIGNED
121,121,rpSTS_L,pSTS_L_2_1,left,NGIQ-BR-00000133,pSTS_L_2_1,BNA_PM_4D.nii.gz,b1318517f61d08f714c25e55ee580eb8a487c0b7ab1ddbcc7eac852e4e97f020,DETERMINISTIC_LUT_INDEX==PARCEL_ID==CANONICAL,ALIGNED
122,122,rpSTS_R,pSTS_R_2_1,right,NGIQ-BR-00000134,pSTS_R_2_1,BNA_PM_4D.nii.gz,b1318517f61d08f714c25e55ee580eb8a487c0b7ab1ddbcc7eac852e4e97f020,DETERMINISTIC_LUT_INDEX==PARCEL_ID==CANONICAL,ALIGNED
123,123,cpSTS_L,pSTS_L_2_2,left,NGIQ-BR-00000135,pSTS_L_2_2,BNA_PM_4D.nii.gz,b1318517f61d08f714c25e55ee580eb8a487c0b7ab1ddbcc7eac852e4e97f020,DETERMINISTIC_LUT_INDEX==PARCEL_ID==CANONICAL,ALIGNED
124,124,cpSTS_R,pSTS_R_2_2,right,NGIQ-BR-00000136,pSTS_R_2_2,BNA_PM_4D.nii.gz,b1318517f61d08f714c25e55ee580eb8a487c0b7ab1ddbcc7eac852e4e97f020,DETERMINISTIC_LUT_INDEX==PARCEL_ID==CANONICAL,ALIGNED
125,125,A7r_L,SPL_L_5_1,left,NGIQ-BR-00000009,SPL_L_5_1,BNA_PM_4D.nii.gz,b1318517f61d08f714c25e55ee580eb8a487c0b7ab1ddbcc7eac852e4e97f020,DETERMINISTIC_LUT_INDEX==PARCEL_ID==CANONICAL,ALIGNED
126,126,A7r_R,SPL_R_5_1,right,NGIQ-BR-00000010,SPL_R_5_1,BNA_PM_4D.nii.gz,b1318517f61d08f714c25e55ee580eb8a487c0b7ab1ddbcc7eac852e4e97f020,DETERMINISTIC_LUT_INDEX==PARCEL_ID==CANONICAL,ALIGNED
127,127,A7c_L,SPL_L_5_2,left,NGIQ-BR-00000137,SPL_L_5_2,BNA_PM_4D.nii.gz,b1318517f61d08f714c25e55ee580eb8a487c0b7ab1ddbcc7eac852e4e97f020,DETERMINISTIC_LUT_INDEX==PARCEL_ID==CANONICAL,ALIGNED
128,128,A7c_R,SPL_R_5_2,right,NGIQ-BR-00000138,SPL_R_5_2,BNA_PM_4D.nii.gz,b1318517f61d08f714c25e55ee580eb8a487c0b7ab1ddbcc7eac852e4e97f020,DETERMINISTIC_LUT_INDEX==PARCEL_ID==CANONICAL,ALIGNED
129,129,A5l_L,SPL_L_5_3,left,NGIQ-BR-00000139,SPL_L_5_3,BNA_PM_4D.nii.gz,b1318517f61d08f714c25e55ee580eb8a487c0b7ab1ddbcc7eac852e4e97f020,DETERMINISTIC_LUT_INDEX==PARCEL_ID==CANONICAL,ALIGNED
130,130,A5l_R,SPL_R_5_3,right,NGIQ-BR-00000140,SPL_R_5_3,BNA_PM_4D.nii.gz,b1318517f61d08f714c25e55ee580eb8a487c0b7ab1ddbcc7eac852e4e97f020,DETERMINISTIC_LUT_INDEX==PARCEL_ID==CANONICAL,ALIGNED
131,131,A7pc_L,SPL_L_5_4,left,NGIQ-BR-00000141,SPL_L_5_4,BNA_PM_4D.nii.gz,b1318517f61d08f714c25e55ee580eb8a487c0b7ab1ddbcc7eac852e4e97f020,DETERMINISTIC_LUT_INDEX==PARCEL_ID==CANONICAL,ALIGNED
132,132,A7pc_R,SPL_R_5_4,right,NGIQ-BR-00000142,SPL_R_5_4,BNA_PM_4D.nii.gz,b1318517f61d08f714c25e55ee580eb8a487c0b7ab1ddbcc7eac852e4e97f020,DETERMINISTIC_LUT_INDEX==PARCEL_ID==CANONICAL,ALIGNED
133,133,A7ip_L,SPL_L_5_5,left,NGIQ-BR-00000143,SPL_L_5_5,BNA_PM_4D.nii.gz,b1318517f61d08f714c25e55ee580eb8a487c0b7ab1ddbcc7eac852e4e97f020,DETERMINISTIC_LUT_INDEX==PARCEL_ID==CANONICAL,ALIGNED
134,134,A7ip_R,SPL_R_5_5,right,NGIQ-BR-00000144,SPL_R_5_5,BNA_PM_4D.nii.gz,b1318517f61d08f714c25e55ee580eb8a487c0b7ab1ddbcc7eac852e4e97f020,DETERMINISTIC_LUT_INDEX==PARCEL_ID==CANONICAL,ALIGNED
135,135,A39c_L,IPL_L_6_1,left,NGIQ-BR-00000011,IPL_L_6_1,BNA_PM_4D.nii.gz,b1318517f61d08f714c25e55ee580eb8a487c0b7ab1ddbcc7eac852e4e97f020,DETERMINISTIC_LUT_INDEX==PARCEL_ID==CANONICAL,ALIGNED
136,136,A39c_R,IPL_R_6_1,right,NGIQ-BR-00000012,IPL_R_6_1,BNA_PM_4D.nii.gz,b1318517f61d08f714c25e55ee580eb8a487c0b7ab1ddbcc7eac852e4e97f020,DETERMINISTIC_LUT_INDEX==PARCEL_ID==CANONICAL,ALIGNED
137,137,A39rd_L,IPL_L_6_2,left,NGIQ-BR-00000145,IPL_L_6_2,BNA_PM_4D.nii.gz,b1318517f61d08f714c25e55ee580eb8a487c0b7ab1ddbcc7eac852e4e97f020,DETERMINISTIC_LUT_INDEX==PARCEL_ID==CANONICAL,ALIGNED
138,138,A39rd_R,IPL_R_6_2,right,NGIQ-BR-00000146,IPL_R_6_2,BNA_PM_4D.nii.gz,b1318517f61d08f714c25e55ee580eb8a487c0b7ab1ddbcc7eac852e4e97f020,DETERMINISTIC_LUT_INDEX==PARCEL_ID==CANONICAL,ALIGNED
139,139,A40rd_L,IPL_L_6_3,left,NGIQ-BR-00000147,IPL_L_6_3,BNA_PM_4D.nii.gz,b1318517f61d08f714c25e55ee580eb8a487c0b7ab1ddbcc7eac852e4e97f020,DETERMINISTIC_LUT_INDEX==PARCEL_ID==CANONICAL,ALIGNED
140,140,A40rd_R,IPL_R_6_3,right,NGIQ-BR-00000148,IPL_R_6_3,BNA_PM_4D.nii.gz,b1318517f61d08f714c25e55ee580eb8a487c0b7ab1ddbcc7eac852e4e97f020,DETERMINISTIC_LUT_INDEX==PARCEL_ID==CANONICAL,ALIGNED
141,141,A40c_L,IPL_L_6_4,left,NGIQ-BR-00000149,IPL_L_6_4,BNA_PM_4D.nii.gz,b1318517f61d08f714c25e55ee580eb8a487c0b7ab1ddbcc7eac852e4e97f020,DETERMINISTIC_LUT_INDEX==PARCEL_ID==CANONICAL,ALIGNED
142,142,A40c_R,IPL_R_6_4,right,NGIQ-BR-00000150,IPL_R_6_4,BNA_PM_4D.nii.gz,b1318517f61d08f714c25e55ee580eb8a487c0b7ab1ddbcc7eac852e4e97f020,DETERMINISTIC_LUT_INDEX==PARCEL_ID==CANONICAL,ALIGNED
143,143,A39rv_L,IPL_L_6_5,left,NGIQ-BR-00000151,IPL_L_6_5,BNA_PM_4D.nii.gz,b1318517f61d08f714c25e55ee580eb8a487c0b7ab1ddbcc7eac852e4e97f020,DETERMINISTIC_LUT_INDEX==PARCEL_ID==CANONICAL,ALIGNED
144,144,A39rv_R,IPL_R_6_5,right,NGIQ-BR-00000152,IPL_R_6_5,BNA_PM_4D.nii.gz,b1318517f61d08f714c25e55ee580eb8a487c0b7ab1ddbcc7eac852e4e97f020,DETERMINISTIC_LUT_INDEX==PARCEL_ID==CANONICAL,ALIGNED
145,145,A40rv_L,IPL_L_6_6,left,NGIQ-BR-00000153,IPL_L_6_6,BNA_PM_4D.nii.gz,b1318517f61d08f714c25e55ee580eb8a487c0b7ab1ddbcc7eac852e4e97f020,DETERMINISTIC_LUT_INDEX==PARCEL_ID==CANONICAL,ALIGNED
146,146,A40rv_R,IPL_R_6_6,right,NGIQ-BR-00000154,IPL_R_6_6,BNA_PM_4D.nii.gz,b1318517f61d08f714c25e55ee580eb8a487c0b7ab1ddbcc7eac852e4e97f020,DETERMINISTIC_LUT_INDEX==PARCEL_ID==CANONICAL,ALIGNED
147,147,A7m_L,PCun_L_4_1,left,NGIQ-BR-00000155,PCun_L_4_1,BNA_PM_4D.nii.gz,b1318517f61d08f714c25e55ee580eb8a487c0b7ab1ddbcc7eac852e4e97f020,DETERMINISTIC_LUT_INDEX==PARCEL_ID==CANONICAL,ALIGNED
148,148,A7m_R,PCun_R_4_1,right,NGIQ-BR-00000156,PCun_R_4_1,BNA_PM_4D.nii.gz,b1318517f61d08f714c25e55ee580eb8a487c0b7ab1ddbcc7eac852e4e97f020,DETERMINISTIC_LUT_INDEX==PARCEL_ID==CANONICAL,ALIGNED
149,149,A5m_L,PCun_L_4_2,left,NGIQ-BR-00000157,PCun_L_4_2,BNA_PM_4D.nii.gz,b1318517f61d08f714c25e55ee580eb8a487c0b7ab1ddbcc7eac852e4e97f020,DETERMINISTIC_LUT_INDEX==PARCEL_ID==CANONICAL,ALIGNED
150,150,A5m_R,PCun_R_4_2,right,NGIQ-BR-00000158,PCun_R_4_2,BNA_PM_4D.nii.gz,b1318517f61d08f714c25e55ee580eb8a487c0b7ab1ddbcc7eac852e4e97f020,DETERMINISTIC_LUT_INDEX==PARCEL_ID==CANONICAL,ALIGNED
151,151,dmPOS_L,PCun_L_4_3,left,NGIQ-BR-00000159,PCun_L_4_3,BNA_PM_4D.nii.gz,b1318517f61d08f714c25e55ee580eb8a487c0b7ab1ddbcc7eac852e4e97f020,DETERMINISTIC_LUT_INDEX==PARCEL_ID==CANONICAL,ALIGNED
152,152,dmPOS_R,PCun_R_4_3,right,NGIQ-BR-00000160,PCun_R_4_3,BNA_PM_4D.nii.gz,b1318517f61d08f714c25e55ee580eb8a487c0b7ab1ddbcc7eac852e4e97f020,DETERMINISTIC_LUT_INDEX==PARCEL_ID==CANONICAL,ALIGNED
153,153,A31_L,PCun_L_4_4,left,NGIQ-BR-00000161,PCun_L_4_4,BNA_PM_4D.nii.gz,b1318517f61d08f714c25e55ee580eb8a487c0b7ab1ddbcc7eac852e4e97f020,DETERMINISTIC_LUT_INDEX==PARCEL_ID==CANONICAL,ALIGNED
154,154,A31_R,PCun_R_4_4,right,NGIQ-BR-00000162,PCun_R_4_4,BNA_PM_4D.nii.gz,b1318517f61d08f714c25e55ee580eb8a487c0b7ab1ddbcc7eac852e4e97f020,DETERMINISTIC_LUT_INDEX==PARCEL_ID==CANONICAL,ALIGNED
155,155,A1/2/3ulhf_L,PoG_L_4_1,left,NGIQ-BR-00000163,PoG_L_4_1,BNA_PM_4D.nii.gz,b1318517f61d08f714c25e55ee580eb8a487c0b7ab1ddbcc7eac852e4e97f020,DETERMINISTIC_LUT_INDEX==PARCEL_ID==CANONICAL,ALIGNED
156,156,A1/2/3ulhf_R,PoG_R_4_1,right,NGIQ-BR-00000164,PoG_R_4_1,BNA_PM_4D.nii.gz,b1318517f61d08f714c25e55ee580eb8a487c0b7ab1ddbcc7eac852e4e97f020,DETERMINISTIC_LUT_INDEX==PARCEL_ID==CANONICAL,ALIGNED
157,157,A1/2/3tonIa_L,PoG_L_4_2,left,NGIQ-BR-00000165,PoG_L_4_2,BNA_PM_4D.nii.gz,b1318517f61d08f714c25e55ee580eb8a487c0b7ab1ddbcc7eac852e4e97f020,DETERMINISTIC_LUT_INDEX==PARCEL_ID==CANONICAL,ALIGNED
158,158,A1/2/3tonIa_R,PoG_R_4_2,right,NGIQ-BR-00000166,PoG_R_4_2,BNA_PM_4D.nii.gz,b1318517f61d08f714c25e55ee580eb8a487c0b7ab1ddbcc7eac852e4e97f020,DETERMINISTIC_LUT_INDEX==PARCEL_ID==CANONICAL,ALIGNED
159,159,A2_L,PoG_L_4_3,left,NGIQ-BR-00000167,PoG_L_4_3,BNA_PM_4D.nii.gz,b1318517f61d08f714c25e55ee580eb8a487c0b7ab1ddbcc7eac852e4e97f020,DETERMINISTIC_LUT_INDEX==PARCEL_ID==CANONICAL,ALIGNED
160,160,A2_R,PoG_R_4_3,right,NGIQ-BR-00000168,PoG_R_4_3,BNA_PM_4D.nii.gz,b1318517f61d08f714c25e55ee580eb8a487c0b7ab1ddbcc7eac852e4e97f020,DETERMINISTIC_LUT_INDEX==PARCEL_ID==CANONICAL,ALIGNED
161,161,A1/2/3tru_L,PoG_L_4_4,left,NGIQ-BR-00000169,PoG_L_4_4,BNA_PM_4D.nii.gz,b1318517f61d08f714c25e55ee580eb8a487c0b7ab1ddbcc7eac852e4e97f020,DETERMINISTIC_LUT_INDEX==PARCEL_ID==CANONICAL,ALIGNED
162,162,A1/2/3tru_R,PoG_R_4_4,right,NGIQ-BR-00000170,PoG_R_4_4,BNA_PM_4D.nii.gz,b1318517f61d08f714c25e55ee580eb8a487c0b7ab1ddbcc7eac852e4e97f020,DETERMINISTIC_LUT_INDEX==PARCEL_ID==CANONICAL,ALIGNED
163,163,G_L,INS_L_6_1,left,NGIQ-BR-00000013,Ins_L_6_1,BNA_PM_4D.nii.gz,b1318517f61d08f714c25e55ee580eb8a487c0b7ab1ddbcc7eac852e4e97f020,DETERMINISTIC_LUT_INDEX==PARCEL_ID==CANONICAL,ALIGNED
164,164,G_R,INS_R_6_1,right,NGIQ-BR-00000014,Ins_R_6_1,BNA_PM_4D.nii.gz,b1318517f61d08f714c25e55ee580eb8a487c0b7ab1ddbcc7eac852e4e97f020,DETERMINISTIC_LUT_INDEX==PARCEL_ID==CANONICAL,ALIGNED
165,165,vIa_L,INS_L_6_2,left,NGIQ-BR-00000171,Ins_L_6_2,BNA_PM_4D.nii.gz,b1318517f61d08f714c25e55ee580eb8a487c0b7ab1ddbcc7eac852e4e97f020,DETERMINISTIC_LUT_INDEX==PARCEL_ID==CANONICAL,ALIGNED
166,166,vIa_R,INS_R_6_2,right,NGIQ-BR-00000172,Ins_R_6_2,BNA_PM_4D.nii.gz,b1318517f61d08f714c25e55ee580eb8a487c0b7ab1ddbcc7eac852e4e97f020,DETERMINISTIC_LUT_INDEX==PARCEL_ID==CANONICAL,ALIGNED
167,167,dIa_L,INS_L_6_3,left,NGIQ-BR-00000173,Ins_L_6_3,BNA_PM_4D.nii.gz,b1318517f61d08f714c25e55ee580eb8a487c0b7ab1ddbcc7eac852e4e97f020,DETERMINISTIC_LUT_INDEX==PARCEL_ID==CANONICAL,ALIGNED
168,168,dIa_R,INS_R_6_3,right,NGIQ-BR-00000174,Ins_R_6_3,BNA_PM_4D.nii.gz,b1318517f61d08f714c25e55ee580eb8a487c0b7ab1ddbcc7eac852e4e97f020,DETERMINISTIC_LUT_INDEX==PARCEL_ID==CANONICAL,ALIGNED
169,169,vId/vIg_L,INS_L_6_4,left,NGIQ-BR-00000175,Ins_L_6_4,BNA_PM_4D.nii.gz,b1318517f61d08f714c25e55ee580eb8a487c0b7ab1ddbcc7eac852e4e97f020,DETERMINISTIC_LUT_INDEX==PARCEL_ID==CANONICAL,ALIGNED
170,170,vId/vIg_R,INS_R_6_4,right,NGIQ-BR-00000176,Ins_R_6_4,BNA_PM_4D.nii.gz,b1318517f61d08f714c25e55ee580eb8a487c0b7ab1ddbcc7eac852e4e97f020,DETERMINISTIC_LUT_INDEX==PARCEL_ID==CANONICAL,ALIGNED
171,171,dIg_L,INS_L_6_5,left,NGIQ-BR-00000177,Ins_L_6_5,BNA_PM_4D.nii.gz,b1318517f61d08f714c25e55ee580eb8a487c0b7ab1ddbcc7eac852e4e97f020,DETERMINISTIC_LUT_INDEX==PARCEL_ID==CANONICAL,ALIGNED
172,172,dIg_R,INS_R_6_5,right,NGIQ-BR-00000178,Ins_R_6_5,BNA_PM_4D.nii.gz,b1318517f61d08f714c25e55ee580eb8a487c0b7ab1ddbcc7eac852e4e97f020,DETERMINISTIC_LUT_INDEX==PARCEL_ID==CANONICAL,ALIGNED
173,173,dId_L,INS_L_6_6,left,NGIQ-BR-00000179,Ins_L_6_6,BNA_PM_4D.nii.gz,b1318517f61d08f714c25e55ee580eb8a487c0b7ab1ddbcc7eac852e4e97f020,DETERMINISTIC_LUT_INDEX==PARCEL_ID==CANONICAL,ALIGNED
174,174,dId_R,INS_R_6_6,right,NGIQ-BR-00000180,Ins_R_6_6,BNA_PM_4D.nii.gz,b1318517f61d08f714c25e55ee580eb8a487c0b7ab1ddbcc7eac852e4e97f020,DETERMINISTIC_LUT_INDEX==PARCEL_ID==CANONICAL,ALIGNED
175,175,A23d_L,CG_L_7_1,left,NGIQ-BR-00000181,CG_L_7_1,BNA_PM_4D.nii.gz,b1318517f61d08f714c25e55ee580eb8a487c0b7ab1ddbcc7eac852e4e97f020,DETERMINISTIC_LUT_INDEX==PARCEL_ID==CANONICAL,ALIGNED
176,176,A23d_R,CG_R_7_1,right,NGIQ-BR-00000182,CG_R_7_1,BNA_PM_4D.nii.gz,b1318517f61d08f714c25e55ee580eb8a487c0b7ab1ddbcc7eac852e4e97f020,DETERMINISTIC_LUT_INDEX==PARCEL_ID==CANONICAL,ALIGNED
177,177,A24rv_L,CG_L_7_2,left,NGIQ-BR-00000183,CG_L_7_2,BNA_PM_4D.nii.gz,b1318517f61d08f714c25e55ee580eb8a487c0b7ab1ddbcc7eac852e4e97f020,DETERMINISTIC_LUT_INDEX==PARCEL_ID==CANONICAL,ALIGNED
178,178,A24rv_R,CG_R_7_2,right,NGIQ-BR-00000184,CG_R_7_2,BNA_PM_4D.nii.gz,b1318517f61d08f714c25e55ee580eb8a487c0b7ab1ddbcc7eac852e4e97f020,DETERMINISTIC_LUT_INDEX==PARCEL_ID==CANONICAL,ALIGNED
179,179,A32p_L,CG_L_7_3,left,NGIQ-BR-00000185,CG_L_7_3,BNA_PM_4D.nii.gz,b1318517f61d08f714c25e55ee580eb8a487c0b7ab1ddbcc7eac852e4e97f020,DETERMINISTIC_LUT_INDEX==PARCEL_ID==CANONICAL,ALIGNED
180,180,A32p_R,CG_R_7_3,right,NGIQ-BR-00000186,CG_R_7_3,BNA_PM_4D.nii.gz,b1318517f61d08f714c25e55ee580eb8a487c0b7ab1ddbcc7eac852e4e97f020,DETERMINISTIC_LUT_INDEX==PARCEL_ID==CANONICAL,ALIGNED
181,181,A23v_L,CG_L_7_4,left,NGIQ-BR-00000187,CG_L_7_4,BNA_PM_4D.nii.gz,b1318517f61d08f714c25e55ee580eb8a487c0b7ab1ddbcc7eac852e4e97f020,DETERMINISTIC_LUT_INDEX==PARCEL_ID==CANONICAL,ALIGNED
182,182,A23v_R,CG_R_7_4,right,NGIQ-BR-00000188,CG_R_7_4,BNA_PM_4D.nii.gz,b1318517f61d08f714c25e55ee580eb8a487c0b7ab1ddbcc7eac852e4e97f020,DETERMINISTIC_LUT_INDEX==PARCEL_ID==CANONICAL,ALIGNED
183,183,A24cd_L,CG_L_7_5,left,NGIQ-BR-00000189,CG_L_7_5,BNA_PM_4D.nii.gz,b1318517f61d08f714c25e55ee580eb8a487c0b7ab1ddbcc7eac852e4e97f020,DETERMINISTIC_LUT_INDEX==PARCEL_ID==CANONICAL,ALIGNED
184,184,A24cd_R,CG_R_7_5,right,NGIQ-BR-00000190,CG_R_7_5,BNA_PM_4D.nii.gz,b1318517f61d08f714c25e55ee580eb8a487c0b7ab1ddbcc7eac852e4e97f020,DETERMINISTIC_LUT_INDEX==PARCEL_ID==CANONICAL,ALIGNED
185,185,A23c_L,CG_L_7_6,left,NGIQ-BR-00000191,CG_L_7_6,BNA_PM_4D.nii.gz,b1318517f61d08f714c25e55ee580eb8a487c0b7ab1ddbcc7eac852e4e97f020,DETERMINISTIC_LUT_INDEX==PARCEL_ID==CANONICAL,ALIGNED
186,186,A23c_R,CG_R_7_6,right,NGIQ-BR-00000192,CG_R_7_6,BNA_PM_4D.nii.gz,b1318517f61d08f714c25e55ee580eb8a487c0b7ab1ddbcc7eac852e4e97f020,DETERMINISTIC_LUT_INDEX==PARCEL_ID==CANONICAL,ALIGNED
187,187,A32sg_L,CG_L_7_7,left,NGIQ-BR-00000193,CG_L_7_7,BNA_PM_4D.nii.gz,b1318517f61d08f714c25e55ee580eb8a487c0b7ab1ddbcc7eac852e4e97f020,DETERMINISTIC_LUT_INDEX==PARCEL_ID==CANONICAL,ALIGNED
188,188,A32sg_R,CG_R_7_7,right,NGIQ-BR-00000194,CG_R_7_7,BNA_PM_4D.nii.gz,b1318517f61d08f714c25e55ee580eb8a487c0b7ab1ddbcc7eac852e4e97f020,DETERMINISTIC_LUT_INDEX==PARCEL_ID==CANONICAL,ALIGNED
189,189,cLinG_L,MVOcC_L_5_1,left,NGIQ-BR-00000015,Cun_L_5_1,BNA_PM_4D.nii.gz,b1318517f61d08f714c25e55ee580eb8a487c0b7ab1ddbcc7eac852e4e97f020,DETERMINISTIC_LUT_INDEX==PARCEL_ID==CANONICAL,ALIGNED
190,190,cLinG_R,MVOcC_R_5_1,right,NGIQ-BR-00000016,Cun_R_5_1,BNA_PM_4D.nii.gz,b1318517f61d08f714c25e55ee580eb8a487c0b7ab1ddbcc7eac852e4e97f020,DETERMINISTIC_LUT_INDEX==PARCEL_ID==CANONICAL,ALIGNED
191,191,rCunG_L,MVOcC_L_5_2,left,NGIQ-BR-00000195,Cun_L_5_2,BNA_PM_4D.nii.gz,b1318517f61d08f714c25e55ee580eb8a487c0b7ab1ddbcc7eac852e4e97f020,DETERMINISTIC_LUT_INDEX==PARCEL_ID==CANONICAL,ALIGNED
192,192,rCunG_R,MVOcC_R_5_2,right,NGIQ-BR-00000196,Cun_R_5_2,BNA_PM_4D.nii.gz,b1318517f61d08f714c25e55ee580eb8a487c0b7ab1ddbcc7eac852e4e97f020,DETERMINISTIC_LUT_INDEX==PARCEL_ID==CANONICAL,ALIGNED
193,193,cCunG_L,MVOcC_L_5_3,left,NGIQ-BR-00000197,Cun_L_5_3,BNA_PM_4D.nii.gz,b1318517f61d08f714c25e55ee580eb8a487c0b7ab1ddbcc7eac852e4e97f020,DETERMINISTIC_LUT_INDEX==PARCEL_ID==CANONICAL,ALIGNED
194,194,cCunG_R,MVOcC_R_5_3,right,NGIQ-BR-00000198,Cun_R_5_3,BNA_PM_4D.nii.gz,b1318517f61d08f714c25e55ee580eb8a487c0b7ab1ddbcc7eac852e4e97f020,DETERMINISTIC_LUT_INDEX==PARCEL_ID==CANONICAL,ALIGNED
195,195,rLinG_L,MVOcC_L_5_4,left,NGIQ-BR-00000199,Cun_L_5_4,BNA_PM_4D.nii.gz,b1318517f61d08f714c25e55ee580eb8a487c0b7ab1ddbcc7eac852e4e97f020,DETERMINISTIC_LUT_INDEX==PARCEL_ID==CANONICAL,ALIGNED
196,196,rLinG_R,MVOcC_R_5_4,right,NGIQ-BR-00000200,Cun_R_5_4,BNA_PM_4D.nii.gz,b1318517f61d08f714c25e55ee580eb8a487c0b7ab1ddbcc7eac852e4e97f020,DETERMINISTIC_LUT_INDEX==PARCEL_ID==CANONICAL,ALIGNED
197,197,vmPOS_L,MVOcC_L_5_5,left,NGIQ-BR-00000201,Cun_L_5_5,BNA_PM_4D.nii.gz,b1318517f61d08f714c25e55ee580eb8a487c0b7ab1ddbcc7eac852e4e97f020,DETERMINISTIC_LUT_INDEX==PARCEL_ID==CANONICAL,ALIGNED
198,198,vmPOS_R,MVOcC_R_5_5,right,NGIQ-BR-00000202,Cun_R_5_5,BNA_PM_4D.nii.gz,b1318517f61d08f714c25e55ee580eb8a487c0b7ab1ddbcc7eac852e4e97f020,DETERMINISTIC_LUT_INDEX==PARCEL_ID==CANONICAL,ALIGNED
199,199,mOccG_L,LOcC_L_4_1,left,NGIQ-BR-00000203,OcG_L_4_1,BNA_PM_4D.nii.gz,b1318517f61d08f714c25e55ee580eb8a487c0b7ab1ddbcc7eac852e4e97f020,DETERMINISTIC_LUT_INDEX==PARCEL_ID==CANONICAL,ALIGNED
200,200,mOccG_R,LOcC_R_4_1,right,NGIQ-BR-00000204,OcG_R_4_1,BNA_PM_4D.nii.gz,b1318517f61d08f714c25e55ee580eb8a487c0b7ab1ddbcc7eac852e4e97f020,DETERMINISTIC_LUT_INDEX==PARCEL_ID==CANONICAL,ALIGNED
201,201,V5/MT+_L,LOcC_L_4_2,left,NGIQ-BR-00000205,OcG_L_4_2,BNA_PM_4D.nii.gz,b1318517f61d08f714c25e55ee580eb8a487c0b7ab1ddbcc7eac852e4e97f020,DETERMINISTIC_LUT_INDEX==PARCEL_ID==CANONICAL,ALIGNED
202,202,V5/MT+_R,LOcC_R_4_2,right,NGIQ-BR-00000206,OcG_R_4_2,BNA_PM_4D.nii.gz,b1318517f61d08f714c25e55ee580eb8a487c0b7ab1ddbcc7eac852e4e97f020,DETERMINISTIC_LUT_INDEX==PARCEL_ID==CANONICAL,ALIGNED
203,203,OPC_L,LOcC_L_4_3,left,NGIQ-BR-00000207,OcG_L_4_3,BNA_PM_4D.nii.gz,b1318517f61d08f714c25e55ee580eb8a487c0b7ab1ddbcc7eac852e4e97f020,DETERMINISTIC_LUT_INDEX==PARCEL_ID==CANONICAL,ALIGNED
204,204,OPC_R,LOcC_R_4_3,right,NGIQ-BR-00000208,OcG_R_4_3,BNA_PM_4D.nii.gz,b1318517f61d08f714c25e55ee580eb8a487c0b7ab1ddbcc7eac852e4e97f020,DETERMINISTIC_LUT_INDEX==PARCEL_ID==CANONICAL,ALIGNED
205,205,iOccG_L,LOcC_L_4_4,left,NGIQ-BR-00000209,OcG_L_4_4,BNA_PM_4D.nii.gz,b1318517f61d08f714c25e55ee580eb8a487c0b7ab1ddbcc7eac852e4e97f020,DETERMINISTIC_LUT_INDEX==PARCEL_ID==CANONICAL,ALIGNED
206,206,iOccG_R,LOcC_R_4_4,right,NGIQ-BR-00000210,OcG_R_4_4,BNA_PM_4D.nii.gz,b1318517f61d08f714c25e55ee580eb8a487c0b7ab1ddbcc7eac852e4e97f020,DETERMINISTIC_LUT_INDEX==PARCEL_ID==CANONICAL,ALIGNED
207,207,msOccG_L,LOcC_L_2_1,left,NGIQ-BR-00000211,sOcG_L_2_1,BNA_PM_4D.nii.gz,b1318517f61d08f714c25e55ee580eb8a487c0b7ab1ddbcc7eac852e4e97f020,DETERMINISTIC_LUT_INDEX==PARCEL_ID==CANONICAL,ALIGNED
208,208,msOccG_R,LOcC_R_2_1,right,NGIQ-BR-00000212,sOcG_R_2_1,BNA_PM_4D.nii.gz,b1318517f61d08f714c25e55ee580eb8a487c0b7ab1ddbcc7eac852e4e97f020,DETERMINISTIC_LUT_INDEX==PARCEL_ID==CANONICAL,ALIGNED
209,209,lsOccG_L,LOcC_L_2_2,left,NGIQ-BR-00000213,sOcG_L_2_2,BNA_PM_4D.nii.gz,b1318517f61d08f714c25e55ee580eb8a487c0b7ab1ddbcc7eac852e4e97f020,DETERMINISTIC_LUT_INDEX==PARCEL_ID==CANONICAL,ALIGNED
210,210,lsOccG_R,LOcC_R_2_2,right,NGIQ-BR-00000214,sOcG_R_2_2,BNA_PM_4D.nii.gz,b1318517f61d08f714c25e55ee580eb8a487c0b7ab1ddbcc7eac852e4e97f020,DETERMINISTIC_LUT_INDEX==PARCEL_ID==CANONICAL,ALIGNED
211,211,mAmyg_L,Amyg_L_2_1,left,NGIQ-BR-00000215,Amg_L_2_1,BNA_PM_4D.nii.gz,b1318517f61d08f714c25e55ee580eb8a487c0b7ab1ddbcc7eac852e4e97f020,DETERMINISTIC_LUT_INDEX==PARCEL_ID==CANONICAL,ALIGNED
212,212,mAmyg_R,Amyg_R_2_1,right,NGIQ-BR-00000216,Amg_R_2_1,BNA_PM_4D.nii.gz,b1318517f61d08f714c25e55ee580eb8a487c0b7ab1ddbcc7eac852e4e97f020,DETERMINISTIC_LUT_INDEX==PARCEL_ID==CANONICAL,ALIGNED
213,213,lAmyg_L,Amyg_L_2_2,left,NGIQ-BR-00000217,Amg_L_2_2,BNA_PM_4D.nii.gz,b1318517f61d08f714c25e55ee580eb8a487c0b7ab1ddbcc7eac852e4e97f020,DETERMINISTIC_LUT_INDEX==PARCEL_ID==CANONICAL,ALIGNED
214,214,lAmyg_R,Amyg_R_2_2,right,NGIQ-BR-00000218,Amg_R_2_2,BNA_PM_4D.nii.gz,b1318517f61d08f714c25e55ee580eb8a487c0b7ab1ddbcc7eac852e4e97f020,DETERMINISTIC_LUT_INDEX==PARCEL_ID==CANONICAL,ALIGNED
215,215,rHipp_L,Hipp_L_2_1,left,NGIQ-BR-00000017,Hipp_L_2_1,BNA_PM_4D.nii.gz,b1318517f61d08f714c25e55ee580eb8a487c0b7ab1ddbcc7eac852e4e97f020,DETERMINISTIC_LUT_INDEX==PARCEL_ID==CANONICAL,ALIGNED
216,216,rHipp_R,Hipp_R_2_1,right,NGIQ-BR-00000018,Hipp_R_2_1,BNA_PM_4D.nii.gz,b1318517f61d08f714c25e55ee580eb8a487c0b7ab1ddbcc7eac852e4e97f020,DETERMINISTIC_LUT_INDEX==PARCEL_ID==CANONICAL,ALIGNED
217,217,cHipp_L,Hipp_L_2_2,left,NGIQ-BR-00000219,Hipp_L_2_2,BNA_PM_4D.nii.gz,b1318517f61d08f714c25e55ee580eb8a487c0b7ab1ddbcc7eac852e4e97f020,DETERMINISTIC_LUT_INDEX==PARCEL_ID==CANONICAL,ALIGNED
218,218,cHipp_R,Hipp_R_2_2,right,NGIQ-BR-00000220,Hipp_R_2_2,BNA_PM_4D.nii.gz,b1318517f61d08f714c25e55ee580eb8a487c0b7ab1ddbcc7eac852e4e97f020,DETERMINISTIC_LUT_INDEX==PARCEL_ID==CANONICAL,ALIGNED
219,219,vCa_L,BG_L_6_1,left,NGIQ-BR-00000019,Str_L_6_1,BNA_PM_4D.nii.gz,b1318517f61d08f714c25e55ee580eb8a487c0b7ab1ddbcc7eac852e4e97f020,DETERMINISTIC_LUT_INDEX==PARCEL_ID==CANONICAL,ALIGNED
220,220,vCa_R,BG_R_6_1,right,NGIQ-BR-00000221,Str_R_6_1,BNA_PM_4D.nii.gz,b1318517f61d08f714c25e55ee580eb8a487c0b7ab1ddbcc7eac852e4e97f020,DETERMINISTIC_LUT_INDEX==PARCEL_ID==CANONICAL,ALIGNED
221,221,GP_L,BG_L_6_2,left,NGIQ-BR-00000222,Str_L_6_2,BNA_PM_4D.nii.gz,b1318517f61d08f714c25e55ee580eb8a487c0b7ab1ddbcc7eac852e4e97f020,DETERMINISTIC_LUT_INDEX==PARCEL_ID==CANONICAL,ALIGNED
222,222,GP_R,BG_R_6_2,right,NGIQ-BR-00000223,Str_R_6_2,BNA_PM_4D.nii.gz,b1318517f61d08f714c25e55ee580eb8a487c0b7ab1ddbcc7eac852e4e97f020,DETERMINISTIC_LUT_INDEX==PARCEL_ID==CANONICAL,ALIGNED
223,223,NAC_L,BG_L_6_3,left,NGIQ-BR-00000224,Str_L_6_3,BNA_PM_4D.nii.gz,b1318517f61d08f714c25e55ee580eb8a487c0b7ab1ddbcc7eac852e4e97f020,DETERMINISTIC_LUT_INDEX==PARCEL_ID==CANONICAL,ALIGNED
224,224,NAC_R,BG_R_6_3,right,NGIQ-BR-00000225,Str_R_6_3,BNA_PM_4D.nii.gz,b1318517f61d08f714c25e55ee580eb8a487c0b7ab1ddbcc7eac852e4e97f020,DETERMINISTIC_LUT_INDEX==PARCEL_ID==CANONICAL,ALIGNED
225,225,vmPu_L,BG_L_6_4,left,NGIQ-BR-00000226,Str_L_6_4,BNA_PM_4D.nii.gz,b1318517f61d08f714c25e55ee580eb8a487c0b7ab1ddbcc7eac852e4e97f020,DETERMINISTIC_LUT_INDEX==PARCEL_ID==CANONICAL,ALIGNED
226,226,vmPu_R,BG_R_6_4,right,NGIQ-BR-00000227,Str_R_6_4,BNA_PM_4D.nii.gz,b1318517f61d08f714c25e55ee580eb8a487c0b7ab1ddbcc7eac852e4e97f020,DETERMINISTIC_LUT_INDEX==PARCEL_ID==CANONICAL,ALIGNED
227,227,dCa_L,BG_L_6_5,left,NGIQ-BR-00000228,Str_L_6_5,BNA_PM_4D.nii.gz,b1318517f61d08f714c25e55ee580eb8a487c0b7ab1ddbcc7eac852e4e97f020,DETERMINISTIC_LUT_INDEX==PARCEL_ID==CANONICAL,ALIGNED
228,228,dCa_R,BG_R_6_5,right,NGIQ-BR-00000229,Str_R_6_5,BNA_PM_4D.nii.gz,b1318517f61d08f714c25e55ee580eb8a487c0b7ab1ddbcc7eac852e4e97f020,DETERMINISTIC_LUT_INDEX==PARCEL_ID==CANONICAL,ALIGNED
229,229,dlPu_L,BG_L_6_6,left,NGIQ-BR-00000230,Str_L_6_6,BNA_PM_4D.nii.gz,b1318517f61d08f714c25e55ee580eb8a487c0b7ab1ddbcc7eac852e4e97f020,DETERMINISTIC_LUT_INDEX==PARCEL_ID==CANONICAL,ALIGNED
230,230,dlPu_R,BG_R_6_6,right,NGIQ-BR-00000231,Str_R_6_6,BNA_PM_4D.nii.gz,b1318517f61d08f714c25e55ee580eb8a487c0b7ab1ddbcc7eac852e4e97f020,DETERMINISTIC_LUT_INDEX==PARCEL_ID==CANONICAL,ALIGNED
231,231,mPFtha_L,Tha_L_8_1,left,NGIQ-BR-00000020,Th_L_8_1,BNA_PM_4D.nii.gz,b1318517f61d08f714c25e55ee580eb8a487c0b7ab1ddbcc7eac852e4e97f020,DETERMINISTIC_LUT_INDEX==PARCEL_ID==CANONICAL,ALIGNED
232,232,mPFtha_R,Tha_R_8_1,right,NGIQ-BR-00000232,Th_R_8_1,BNA_PM_4D.nii.gz,b1318517f61d08f714c25e55ee580eb8a487c0b7ab1ddbcc7eac852e4e97f020,DETERMINISTIC_LUT_INDEX==PARCEL_ID==CANONICAL,ALIGNED
233,233,mPMtha_L,Tha_L_8_2,left,NGIQ-BR-00000233,Th_L_8_2,BNA_PM_4D.nii.gz,b1318517f61d08f714c25e55ee580eb8a487c0b7ab1ddbcc7eac852e4e97f020,DETERMINISTIC_LUT_INDEX==PARCEL_ID==CANONICAL,ALIGNED
234,234,mPMtha_R,Tha_R_8_2,right,NGIQ-BR-00000234,Th_R_8_2,BNA_PM_4D.nii.gz,b1318517f61d08f714c25e55ee580eb8a487c0b7ab1ddbcc7eac852e4e97f020,DETERMINISTIC_LUT_INDEX==PARCEL_ID==CANONICAL,ALIGNED
235,235,Stha_L,Tha_L_8_3,left,NGIQ-BR-00000235,Th_L_8_3,BNA_PM_4D.nii.gz,b1318517f61d08f714c25e55ee580eb8a487c0b7ab1ddbcc7eac852e4e97f020,DETERMINISTIC_LUT_INDEX==PARCEL_ID==CANONICAL,ALIGNED
236,236,Stha_R,Tha_R_8_3,right,NGIQ-BR-00000236,Th_R_8_3,BNA_PM_4D.nii.gz,b1318517f61d08f714c25e55ee580eb8a487c0b7ab1ddbcc7eac852e4e97f020,DETERMINISTIC_LUT_INDEX==PARCEL_ID==CANONICAL,ALIGNED
237,237,rTtha_L,Tha_L_8_4,left,NGIQ-BR-00000237,Th_L_8_4,BNA_PM_4D.nii.gz,b1318517f61d08f714c25e55ee580eb8a487c0b7ab1ddbcc7eac852e4e97f020,DETERMINISTIC_LUT_INDEX==PARCEL_ID==CANONICAL,ALIGNED
238,238,rTtha_R,Tha_R_8_4,right,NGIQ-BR-00000238,Th_R_8_4,BNA_PM_4D.nii.gz,b1318517f61d08f714c25e55ee580eb8a487c0b7ab1ddbcc7eac852e4e97f020,DETERMINISTIC_LUT_INDEX==PARCEL_ID==CANONICAL,ALIGNED
239,239,PPtha_L,Tha_L_8_5,left,NGIQ-BR-00000239,Th_L_8_5,BNA_PM_4D.nii.gz,b1318517f61d08f714c25e55ee580eb8a487c0b7ab1ddbcc7eac852e4e97f020,DETERMINISTIC_LUT_INDEX==PARCEL_ID==CANONICAL,ALIGNED
240,240,PPtha_R,Tha_R_8_5,right,NGIQ-BR-00000240,Th_R_8_5,BNA_PM_4D.nii.gz,b1318517f61d08f714c25e55ee580eb8a487c0b7ab1ddbcc7eac852e4e97f020,DETERMINISTIC_LUT_INDEX==PARCEL_ID==CANONICAL,ALIGNED
241,241,Otha_L,Tha_L_8_6,left,NGIQ-BR-00000241,Th_L_8_6,BNA_PM_4D.nii.gz,b1318517f61d08f714c25e55ee580eb8a487c0b7ab1ddbcc7eac852e4e97f020,DETERMINISTIC_LUT_INDEX==PARCEL_ID==CANONICAL,ALIGNED
242,242,Otha_R,Tha_R_8_6,right,NGIQ-BR-00000242,Th_R_8_6,BNA_PM_4D.nii.gz,b1318517f61d08f714c25e55ee580eb8a487c0b7ab1ddbcc7eac852e4e97f020,DETERMINISTIC_LUT_INDEX==PARCEL_ID==CANONICAL,ALIGNED
243,243,cTtha_L,Tha_L_8_7,left,NGIQ-BR-00000243,Th_L_8_7,BNA_PM_4D.nii.gz,b1318517f61d08f714c25e55ee580eb8a487c0b7ab1ddbcc7eac852e4e97f020,DETERMINISTIC_LUT_INDEX==PARCEL_ID==CANONICAL,ALIGNED
244,244,cTtha_R,Tha_R_8_7,right,NGIQ-BR-00000244,Th_R_8_7,BNA_PM_4D.nii.gz,b1318517f61d08f714c25e55ee580eb8a487c0b7ab1ddbcc7eac852e4e97f020,DETERMINISTIC_LUT_INDEX==PARCEL_ID==CANONICAL,ALIGNED
245,245,lPFtha_L,Tha_L_8_8,left,NGIQ-BR-00000245,Th_L_8_8,BNA_PM_4D.nii.gz,b1318517f61d08f714c25e55ee580eb8a487c0b7ab1ddbcc7eac852e4e97f020,DETERMINISTIC_LUT_INDEX==PARCEL_ID==CANONICAL,ALIGNED
246,246,lPFtha_R,Tha_R_8_8,right,NGIQ-BR-00000246,Th_R_8_8,BNA_PM_4D.nii.gz,b1318517f61d08f714c25e55ee580eb8a487c0b7ab1ddbcc7eac852e4e97f020,DETERMINISTIC_LUT_INDEX==PARCEL_ID==CANONICAL,ALIGNED
