g3_entity_id,g3_name_en,g3_name_zh,g3_source_name,g3_hemisphere,derived_anatomical_family,derivation_basis,g1_candidate_entity_id,g1_candidate_name_en,g1_candidate_name_zh,g1_hemisphere,candidate_relation,candidate_method,confidence_class,candidate_count,decision,review_reason
NGIQ-BR-00000215,"Left Amygdala, Brainnetome 2_1",左侧杏仁核（Brainnetome 2-1）,Amg_L_2_1,left,Amygdala,CANONICAL_NAME,NGIQ-BR-00000253,Left Amygdala,左杏仁核,left,COARSE_AGGREGATION_CANDIDATE,authoritative_anatomical_mapping,high,1,AUTO_HIGH,
NGIQ-BR-00000217,"Left Amygdala, Brainnetome 2_2",左侧杏仁核（Brainnetome 2-2）,Amg_L_2_2,left,Amygdala,CANONICAL_NAME,NGIQ-BR-00000253,Left Amygdala,左杏仁核,left,COARSE_AGGREGATION_CANDIDATE,authoritative_anatomical_mapping,high,1,AUTO_HIGH,
NGIQ-BR-00000181,"Left Cingulate gyrus, Brainnetome 7_1",左侧扣带回（Brainnetome 7-1）,CG_L_7_1,left,Cingulate gyrus,MANUAL_REVIEW_REQUIRED,,Left Caudal Anterior Cingulate Cortex; Left Rostral Anterior Cingulate Cortex; Left Posterior Cingulate Cortex; Left Isthmus Of Cingulate Gyrus,,left,COARSE_AGGREGATION_CANDIDATE,,low,4,NEEDS_REVIEW,multiple coarse G1 candidates: caudal anterior cingulate cortex; rostral anterior cingulate cortex; posterior cingulate cortex; isthmus of cingulate gyrus
NGIQ-BR-00000183,"Left Cingulate gyrus, Brainnetome 7_2",左侧扣带回（Brainnetome 7-2）,CG_L_7_2,left,Cingulate gyrus,MANUAL_REVIEW_REQUIRED,,Left Caudal Anterior Cingulate Cortex; Left Rostral Anterior Cingulate Cortex; Left Posterior Cingulate Cortex; Left Isthmus Of Cingulate Gyrus,,left,COARSE_AGGREGATION_CANDIDATE,,low,4,NEEDS_REVIEW,multiple coarse G1 candidates: caudal anterior cingulate cortex; rostral anterior cingulate cortex; posterior cingulate cortex; isthmus of cingulate gyrus
NGIQ-BR-00000185,"Left Cingulate gyrus, Brainnetome 7_3",左侧扣带回（Brainnetome 7-3）,CG_L_7_3,left,Cingulate gyrus,MANUAL_REVIEW_REQUIRED,,Left Caudal Anterior Cingulate Cortex; Left Rostral Anterior Cingulate Cortex; Left Posterior Cingulate Cortex; Left Isthmus Of Cingulate Gyrus,,left,COARSE_AGGREGATION_CANDIDATE,,low,4,NEEDS_REVIEW,multiple coarse G1 candidates: caudal anterior cingulate cortex; rostral anterior cingulate cortex; posterior cingulate cortex; isthmus of cingulate gyrus
NGIQ-BR-00000187,"Left Cingulate gyrus, Brainnetome 7_4",左侧扣带回（Brainnetome 7-4）,CG_L_7_4,left,Cingulate gyrus,MANUAL_REVIEW_REQUIRED,,Left Caudal Anterior Cingulate Cortex; Left Rostral Anterior Cingulate Cortex; Left Posterior Cingulate Cortex; Left Isthmus Of Cingulate Gyrus,,left,COARSE_AGGREGATION_CANDIDATE,,low,4,NEEDS_REVIEW,multiple coarse G1 candidates: caudal anterior cingulate cortex; rostral anterior cingulate cortex; posterior cingulate cortex; isthmus of cingulate gyrus
NGIQ-BR-00000189,"Left Cingulate gyrus, Brainnetome 7_5",左侧扣带回（Brainnetome 7-5）,CG_L_7_5,left,Cingulate gyrus,MANUAL_REVIEW_REQUIRED,,Left Caudal Anterior Cingulate Cortex; Left Rostral Anterior Cingulate Cortex; Left Posterior Cingulate Cortex; Left Isthmus Of Cingulate Gyrus,,left,COARSE_AGGREGATION_CANDIDATE,,low,4,NEEDS_REVIEW,multiple coarse G1 candidates: caudal anterior cingulate cortex; rostral anterior cingulate cortex; posterior cingulate cortex; isthmus of cingulate gyrus
NGIQ-BR-00000191,"Left Cingulate gyrus, Brainnetome 7_6",左侧扣带回（Brainnetome 7-6）,CG_L_7_6,left,Cingulate gyrus,MANUAL_REVIEW_REQUIRED,,Left Caudal Anterior Cingulate Cortex; Left Rostral Anterior Cingulate Cortex; Left Posterior Cingulate Cortex; Left Isthmus Of Cingulate Gyrus,,left,COARSE_AGGREGATION_CANDIDATE,,low,4,NEEDS_REVIEW,multiple coarse G1 candidates: caudal anterior cingulate cortex; rostral anterior cingulate cortex; posterior cingulate cortex; isthmus of cingulate gyrus
NGIQ-BR-00000193,"Left Cingulate gyrus, Brainnetome 7_7",左侧扣带回（Brainnetome 7-7）,CG_L_7_7,left,Cingulate gyrus,MANUAL_REVIEW_REQUIRED,,Left Caudal Anterior Cingulate Cortex; Left Rostral Anterior Cingulate Cortex; Left Posterior Cingulate Cortex; Left Isthmus Of Cingulate Gyrus,,left,COARSE_AGGREGATION_CANDIDATE,,low,4,NEEDS_REVIEW,multiple coarse G1 candidates: caudal anterior cingulate cortex; rostral anterior cingulate cortex; posterior cingulate cortex; isthmus of cingulate gyrus
NGIQ-BR-00000115,"Left Fusiform gyrus, Brainnetome 3_1",左侧梭状回（Brainnetome 3-1）,FuG_L_3_1,left,Fusiform gyrus,CANONICAL_NAME,NGIQ-BR-00000273,Left Fusiform Gyrus,左梭状回,left,COARSE_AGGREGATION_CANDIDATE,authoritative_anatomical_mapping,high,1,AUTO_HIGH,
NGIQ-BR-00000117,"Left Fusiform gyrus, Brainnetome 3_2",左侧梭状回（Brainnetome 3-2）,FuG_L_3_2,left,Fusiform gyrus,CANONICAL_NAME,NGIQ-BR-00000273,Left Fusiform Gyrus,左梭状回,left,COARSE_AGGREGATION_CANDIDATE,authoritative_anatomical_mapping,high,1,AUTO_HIGH,
NGIQ-BR-00000119,"Left Fusiform gyrus, Brainnetome 3_3",左侧梭状回（Brainnetome 3-3）,FuG_L_3_3,left,Fusiform gyrus,CANONICAL_NAME,NGIQ-BR-00000273,Left Fusiform Gyrus,左梭状回,left,COARSE_AGGREGATION_CANDIDATE,authoritative_anatomical_mapping,high,1,AUTO_HIGH,
NGIQ-BR-00000017,"Left Hippocampus, Brainnetome 2_1",左侧海马（Brainnetome 2-1）,Hipp_L_2_1,left,Hippocampus,CANONICAL_NAME,NGIQ-BR-00000252,Left Hippocampus,左海马,left,COARSE_AGGREGATION_CANDIDATE,authoritative_anatomical_mapping,high,1,AUTO_HIGH,
NGIQ-BR-00000219,"Left Hippocampus, Brainnetome 2_2",左侧海马（Brainnetome 2-2）,Hipp_L_2_2,left,Hippocampus,CANONICAL_NAME,NGIQ-BR-00000252,Left Hippocampus,左海马,left,COARSE_AGGREGATION_CANDIDATE,authoritative_anatomical_mapping,high,1,AUTO_HIGH,
NGIQ-BR-00000003,"Left Inferior frontal gyrus, Brainnetome 6_1",左侧额下回（Brainnetome 6-1）,IFG_L_6_1,left,Inferior frontal gyrus,MANUAL_REVIEW_REQUIRED,,"Left Inferior Frontal Gyrus, Pars Opercularis; Left Inferior Frontal Gyrus, Pars Orbitalis; Left Inferior Frontal Gyrus, Pars Triangularis",,left,COARSE_AGGREGATION_CANDIDATE,,low,3,NEEDS_REVIEW,"multiple coarse G1 candidates: inferior frontal gyrus, pars opercularis; inferior frontal gyrus, pars orbitalis; inferior frontal gyrus, pars triangularis"
NGIQ-BR-00000047,"Left Inferior frontal gyrus, Brainnetome 6_2",左侧额下回（Brainnetome 6-2）,IFG_L_6_2,left,Inferior frontal gyrus,MANUAL_REVIEW_REQUIRED,,"Left Inferior Frontal Gyrus, Pars Opercularis; Left Inferior Frontal Gyrus, Pars Orbitalis; Left Inferior Frontal Gyrus, Pars Triangularis",,left,COARSE_AGGREGATION_CANDIDATE,,low,3,NEEDS_REVIEW,"multiple coarse G1 candidates: inferior frontal gyrus, pars opercularis; inferior frontal gyrus, pars orbitalis; inferior frontal gyrus, pars triangularis"
NGIQ-BR-00000049,"Left Inferior frontal gyrus, Brainnetome 6_3",左侧额下回（Brainnetome 6-3）,IFG_L_6_3,left,Inferior frontal gyrus,MANUAL_REVIEW_REQUIRED,,"Left Inferior Frontal Gyrus, Pars Opercularis; Left Inferior Frontal Gyrus, Pars Orbitalis; Left Inferior Frontal Gyrus, Pars Triangularis",,left,COARSE_AGGREGATION_CANDIDATE,,low,3,NEEDS_REVIEW,"multiple coarse G1 candidates: inferior frontal gyrus, pars opercularis; inferior frontal gyrus, pars orbitalis; inferior frontal gyrus, pars triangularis"
NGIQ-BR-00000051,"Left Inferior frontal gyrus, Brainnetome 6_4",左侧额下回（Brainnetome 6-4）,IFG_L_6_4,left,Inferior frontal gyrus,MANUAL_REVIEW_REQUIRED,,"Left Inferior Frontal Gyrus, Pars Opercularis; Left Inferior Frontal Gyrus, Pars Orbitalis; Left Inferior Frontal Gyrus, Pars Triangularis",,left,COARSE_AGGREGATION_CANDIDATE,,low,3,NEEDS_REVIEW,"multiple coarse G1 candidates: inferior frontal gyrus, pars opercularis; inferior frontal gyrus, pars orbitalis; inferior frontal gyrus, pars triangularis"
NGIQ-BR-00000053,"Left Inferior frontal gyrus, Brainnetome 6_5",左侧额下回（Brainnetome 6-5）,IFG_L_6_5,left,Inferior frontal gyrus,MANUAL_REVIEW_REQUIRED,,"Left Inferior Frontal Gyrus, Pars Opercularis; Left Inferior Frontal Gyrus, Pars Orbitalis; Left Inferior Frontal Gyrus, Pars Triangularis",,left,COARSE_AGGREGATION_CANDIDATE,,low,3,NEEDS_REVIEW,"multiple coarse G1 candidates: inferior frontal gyrus, pars opercularis; inferior frontal gyrus, pars orbitalis; inferior frontal gyrus, pars triangularis"
NGIQ-BR-00000055,"Left Inferior frontal gyrus, Brainnetome 6_6",左侧额下回（Brainnetome 6-6）,IFG_L_6_6,left,Inferior frontal gyrus,MANUAL_REVIEW_REQUIRED,,"Left Inferior Frontal Gyrus, Pars Opercularis; Left Inferior Frontal Gyrus, Pars Orbitalis; Left Inferior Frontal Gyrus, Pars Triangularis",,left,COARSE_AGGREGATION_CANDIDATE,,low,3,NEEDS_REVIEW,"multiple coarse G1 candidates: inferior frontal gyrus, pars opercularis; inferior frontal gyrus, pars orbitalis; inferior frontal gyrus, pars triangularis"
NGIQ-BR-00000011,"Left Inferior parietal lobule, Brainnetome 6_1",左侧顶下小叶（Brainnetome 6-1）,IPL_L_6_1,left,Inferior parietal lobule,CANONICAL_NAME,NGIQ-BR-00000274,Left Inferior Parietal Lobule,左侧顶下小叶,left,COARSE_AGGREGATION_CANDIDATE,authoritative_anatomical_mapping,high,1,AUTO_HIGH,
NGIQ-BR-00000145,"Left Inferior parietal lobule, Brainnetome 6_2",左侧顶下小叶（Brainnetome 6-2）,IPL_L_6_2,left,Inferior parietal lobule,CANONICAL_NAME,NGIQ-BR-00000274,Left Inferior Parietal Lobule,左侧顶下小叶,left,COARSE_AGGREGATION_CANDIDATE,authoritative_anatomical_mapping,high,1,AUTO_HIGH,
NGIQ-BR-00000147,"Left Inferior parietal lobule, Brainnetome 6_3",左侧顶下小叶（Brainnetome 6-3）,IPL_L_6_3,left,Inferior parietal lobule,CANONICAL_NAME,NGIQ-BR-00000274,Left Inferior Parietal Lobule,左侧顶下小叶,left,COARSE_AGGREGATION_CANDIDATE,authoritative_anatomical_mapping,high,1,AUTO_HIGH,
NGIQ-BR-00000149,"Left Inferior parietal lobule, Brainnetome 6_4",左侧顶下小叶（Brainnetome 6-4）,IPL_L_6_4,left,Inferior parietal lobule,CANONICAL_NAME,NGIQ-BR-00000274,Left Inferior Parietal Lobule,左侧顶下小叶,left,COARSE_AGGREGATION_CANDIDATE,authoritative_anatomical_mapping,high,1,AUTO_HIGH,
NGIQ-BR-00000151,"Left Inferior parietal lobule, Brainnetome 6_5",左侧顶下小叶（Brainnetome 6-5）,IPL_L_6_5,left,Inferior parietal lobule,CANONICAL_NAME,NGIQ-BR-00000274,Left Inferior Parietal Lobule,左侧顶下小叶,left,COARSE_AGGREGATION_CANDIDATE,authoritative_anatomical_mapping,high,1,AUTO_HIGH,
NGIQ-BR-00000153,"Left Inferior parietal lobule, Brainnetome 6_6",左侧顶下小叶（Brainnetome 6-6）,IPL_L_6_6,left,Inferior parietal lobule,CANONICAL_NAME,NGIQ-BR-00000274,Left Inferior Parietal Lobule,左侧顶下小叶,left,COARSE_AGGREGATION_CANDIDATE,authoritative_anatomical_mapping,high,1,AUTO_HIGH,
NGIQ-BR-00000101,"Left Inferior temporal gyrus, Brainnetome 7_1",左侧颞下回（Brainnetome 7-1）,ITG_L_7_1,left,Inferior temporal gyrus,CANONICAL_NAME,NGIQ-BR-00000275,Left Inferior Temporal Gyrus,左颞下回,left,COARSE_AGGREGATION_CANDIDATE,authoritative_anatomical_mapping,high,1,AUTO_HIGH,
NGIQ-BR-00000103,"Left Inferior temporal gyrus, Brainnetome 7_2",左侧颞下回（Brainnetome 7-2）,ITG_L_7_2,left,Inferior temporal gyrus,CANONICAL_NAME,NGIQ-BR-00000275,Left Inferior Temporal Gyrus,左颞下回,left,COARSE_AGGREGATION_CANDIDATE,authoritative_anatomical_mapping,high,1,AUTO_HIGH,
NGIQ-BR-00000105,"Left Inferior temporal gyrus, Brainnetome 7_3",左侧颞下回（Brainnetome 7-3）,ITG_L_7_3,left,Inferior temporal gyrus,CANONICAL_NAME,NGIQ-BR-00000275,Left Inferior Temporal Gyrus,左颞下回,left,COARSE_AGGREGATION_CANDIDATE,authoritative_anatomical_mapping,high,1,AUTO_HIGH,
NGIQ-BR-00000107,"Left Inferior temporal gyrus, Brainnetome 7_4",左侧颞下回（Brainnetome 7-4）,ITG_L_7_4,left,Inferior temporal gyrus,CANONICAL_NAME,NGIQ-BR-00000275,Left Inferior Temporal Gyrus,左颞下回,left,COARSE_AGGREGATION_CANDIDATE,authoritative_anatomical_mapping,high,1,AUTO_HIGH,
NGIQ-BR-00000109,"Left Inferior temporal gyrus, Brainnetome 7_5",左侧颞下回（Brainnetome 7-5）,ITG_L_7_5,left,Inferior temporal gyrus,CANONICAL_NAME,NGIQ-BR-00000275,Left Inferior Temporal Gyrus,左颞下回,left,COARSE_AGGREGATION_CANDIDATE,authoritative_anatomical_mapping,high,1,AUTO_HIGH,
NGIQ-BR-00000111,"Left Inferior temporal gyrus, Brainnetome 7_6",左侧颞下回（Brainnetome 7-6）,ITG_L_7_6,left,Inferior temporal gyrus,CANONICAL_NAME,NGIQ-BR-00000275,Left Inferior Temporal Gyrus,左颞下回,left,COARSE_AGGREGATION_CANDIDATE,authoritative_anatomical_mapping,high,1,AUTO_HIGH,
NGIQ-BR-00000113,"Left Inferior temporal gyrus, Brainnetome 7_7",左侧颞下回（Brainnetome 7-7）,ITG_L_7_7,left,Inferior temporal gyrus,CANONICAL_NAME,NGIQ-BR-00000275,Left Inferior Temporal Gyrus,左颞下回,left,COARSE_AGGREGATION_CANDIDATE,authoritative_anatomical_mapping,high,1,AUTO_HIGH,
NGIQ-BR-00000013,"Left Insular gyrus, Brainnetome 6_1",左侧岛回（Brainnetome 6-1）,Ins_L_6_1,left,Insular gyrus,CANONICAL_NAME,NGIQ-BR-00000299,Left Insula,左岛叶,left,COARSE_AGGREGATION_CANDIDATE,authoritative_anatomical_mapping,high,1,AUTO_HIGH,
NGIQ-BR-00000171,"Left Insular gyrus, Brainnetome 6_2",左侧岛回（Brainnetome 6-2）,Ins_L_6_2,left,Insular gyrus,CANONICAL_NAME,NGIQ-BR-00000299,Left Insula,左岛叶,left,COARSE_AGGREGATION_CANDIDATE,authoritative_anatomical_mapping,high,1,AUTO_HIGH,
NGIQ-BR-00000173,"Left Insular gyrus, Brainnetome 6_3",左侧岛回（Brainnetome 6-3）,Ins_L_6_3,left,Insular gyrus,CANONICAL_NAME,NGIQ-BR-00000299,Left Insula,左岛叶,left,COARSE_AGGREGATION_CANDIDATE,authoritative_anatomical_mapping,high,1,AUTO_HIGH,
NGIQ-BR-00000175,"Left Insular gyrus, Brainnetome 6_4",左侧岛回（Brainnetome 6-4）,Ins_L_6_4,left,Insular gyrus,CANONICAL_NAME,NGIQ-BR-00000299,Left Insula,左岛叶,left,COARSE_AGGREGATION_CANDIDATE,authoritative_anatomical_mapping,high,1,AUTO_HIGH,
NGIQ-BR-00000177,"Left Insular gyrus, Brainnetome 6_5",左侧岛回（Brainnetome 6-5）,Ins_L_6_5,left,Insular gyrus,CANONICAL_NAME,NGIQ-BR-00000299,Left Insula,左岛叶,left,COARSE_AGGREGATION_CANDIDATE,authoritative_anatomical_mapping,high,1,AUTO_HIGH,
NGIQ-BR-00000179,"Left Insular gyrus, Brainnetome 6_6",左侧岛回（Brainnetome 6-6）,Ins_L_6_6,left,Insular gyrus,CANONICAL_NAME,NGIQ-BR-00000299,Left Insula,左岛叶,left,COARSE_AGGREGATION_CANDIDATE,authoritative_anatomical_mapping,high,1,AUTO_HIGH,
NGIQ-BR-00000203,"Left Lateral occipital cortex, Brainnetome 4_1",左侧外侧枕叶皮层（Brainnetome 4-1）,OcG_L_4_1,left,Lateral occipital cortex,CANONICAL_NAME,NGIQ-BR-00000277,Left Lateral Occipital Cortex,左外侧枕叶皮质,left,COARSE_AGGREGATION_CANDIDATE,authoritative_anatomical_mapping,high,1,AUTO_HIGH,
NGIQ-BR-00000205,"Left Lateral occipital cortex, Brainnetome 4_2",左侧外侧枕叶皮层（Brainnetome 4-2）,OcG_L_4_2,left,Lateral occipital cortex,CANONICAL_NAME,NGIQ-BR-00000277,Left Lateral Occipital Cortex,左外侧枕叶皮质,left,COARSE_AGGREGATION_CANDIDATE,authoritative_anatomical_mapping,high,1,AUTO_HIGH,
NGIQ-BR-00000207,"Left Lateral occipital cortex, Brainnetome 4_3",左侧外侧枕叶皮层（Brainnetome 4-3）,OcG_L_4_3,left,Lateral occipital cortex,CANONICAL_NAME,NGIQ-BR-00000277,Left Lateral Occipital Cortex,左外侧枕叶皮质,left,COARSE_AGGREGATION_CANDIDATE,authoritative_anatomical_mapping,high,1,AUTO_HIGH,
NGIQ-BR-00000209,"Left Lateral occipital cortex, Brainnetome 4_4",左侧外侧枕叶皮层（Brainnetome 4-4）,OcG_L_4_4,left,Lateral occipital cortex,CANONICAL_NAME,NGIQ-BR-00000277,Left Lateral Occipital Cortex,左外侧枕叶皮质,left,COARSE_AGGREGATION_CANDIDATE,authoritative_anatomical_mapping,high,1,AUTO_HIGH,
NGIQ-BR-00000015,"Left Medioventral occipital cortex, Brainnetome 5_1",左侧腹内侧枕叶皮层（Brainnetome 5-1）,Cun_L_5_1,left,Medioventral occipital cortex,MANUAL_REVIEW_REQUIRED,,Left Lingual Gyrus; Left Pericalcarine Cortex; Left Cuneus,,left,COARSE_AGGREGATION_CANDIDATE,,low,3,NEEDS_REVIEW,multiple coarse G1 candidates: lingual gyrus; pericalcarine cortex; cuneus
NGIQ-BR-00000195,"Left Medioventral occipital cortex, Brainnetome 5_2",左侧腹内侧枕叶皮层（Brainnetome 5-2）,Cun_L_5_2,left,Medioventral occipital cortex,MANUAL_REVIEW_REQUIRED,,Left Lingual Gyrus; Left Pericalcarine Cortex; Left Cuneus,,left,COARSE_AGGREGATION_CANDIDATE,,low,3,NEEDS_REVIEW,multiple coarse G1 candidates: lingual gyrus; pericalcarine cortex; cuneus
NGIQ-BR-00000197,"Left Medioventral occipital cortex, Brainnetome 5_3",左侧腹内侧枕叶皮层（Brainnetome 5-3）,Cun_L_5_3,left,Medioventral occipital cortex,MANUAL_REVIEW_REQUIRED,,Left Lingual Gyrus; Left Pericalcarine Cortex; Left Cuneus,,left,COARSE_AGGREGATION_CANDIDATE,,low,3,NEEDS_REVIEW,multiple coarse G1 candidates: lingual gyrus; pericalcarine cortex; cuneus
NGIQ-BR-00000199,"Left Medioventral occipital cortex, Brainnetome 5_4",左侧腹内侧枕叶皮层（Brainnetome 5-4）,Cun_L_5_4,left,Medioventral occipital cortex,MANUAL_REVIEW_REQUIRED,,Left Lingual Gyrus; Left Pericalcarine Cortex; Left Cuneus,,left,COARSE_AGGREGATION_CANDIDATE,,low,3,NEEDS_REVIEW,multiple coarse G1 candidates: lingual gyrus; pericalcarine cortex; cuneus
NGIQ-BR-00000201,"Left Medioventral occipital cortex, Brainnetome 5_5",左侧腹内侧枕叶皮层（Brainnetome 5-5）,Cun_L_5_5,left,Medioventral occipital cortex,MANUAL_REVIEW_REQUIRED,,Left Lingual Gyrus; Left Pericalcarine Cortex; Left Cuneus,,left,COARSE_AGGREGATION_CANDIDATE,,low,3,NEEDS_REVIEW,multiple coarse G1 candidates: lingual gyrus; pericalcarine cortex; cuneus
NGIQ-BR-00000033,"Left Middle frontal gyrus, Brainnetome 7_1",左侧额中回（Brainnetome 7-1）,MFG_L_7_1,left,Middle frontal gyrus,MANUAL_REVIEW_REQUIRED,,Left Caudal Middle Frontal Gyrus; Left Rostral Middle Frontal Cortex,,left,COARSE_AGGREGATION_CANDIDATE,,low,2,NEEDS_REVIEW,multiple coarse G1 candidates: caudal middle frontal gyrus; rostral middle frontal cortex
NGIQ-BR-00000035,"Left Middle frontal gyrus, Brainnetome 7_2",左侧额中回（Brainnetome 7-2）,MFG_L_7_2,left,Middle frontal gyrus,MANUAL_REVIEW_REQUIRED,,Left Caudal Middle Frontal Gyrus; Left Rostral Middle Frontal Cortex,,left,COARSE_AGGREGATION_CANDIDATE,,low,2,NEEDS_REVIEW,multiple coarse G1 candidates: caudal middle frontal gyrus; rostral middle frontal cortex
NGIQ-BR-00000037,"Left Middle frontal gyrus, Brainnetome 7_3",左侧额中回（Brainnetome 7-3）,MFG_L_7_3,left,Middle frontal gyrus,MANUAL_REVIEW_REQUIRED,,Left Caudal Middle Frontal Gyrus; Left Rostral Middle Frontal Cortex,,left,COARSE_AGGREGATION_CANDIDATE,,low,2,NEEDS_REVIEW,multiple coarse G1 candidates: caudal middle frontal gyrus; rostral middle frontal cortex
NGIQ-BR-00000039,"Left Middle frontal gyrus, Brainnetome 7_4",左侧额中回（Brainnetome 7-4）,MFG_L_7_4,left,Middle frontal gyrus,MANUAL_REVIEW_REQUIRED,,Left Caudal Middle Frontal Gyrus; Left Rostral Middle Frontal Cortex,,left,COARSE_AGGREGATION_CANDIDATE,,low,2,NEEDS_REVIEW,multiple coarse G1 candidates: caudal middle frontal gyrus; rostral middle frontal cortex
NGIQ-BR-00000041,"Left Middle frontal gyrus, Brainnetome 7_5",左侧额中回（Brainnetome 7-5）,MFG_L_7_5,left,Middle frontal gyrus,MANUAL_REVIEW_REQUIRED,,Left Caudal Middle Frontal Gyrus; Left Rostral Middle Frontal Cortex,,left,COARSE_AGGREGATION_CANDIDATE,,low,2,NEEDS_REVIEW,multiple coarse G1 candidates: caudal middle frontal gyrus; rostral middle frontal cortex
NGIQ-BR-00000043,"Left Middle frontal gyrus, Brainnetome 7_6",左侧额中回（Brainnetome 7-6）,MFG_L_7_6,left,Middle frontal gyrus,MANUAL_REVIEW_REQUIRED,,Left Caudal Middle Frontal Gyrus; Left Rostral Middle Frontal Cortex,,left,COARSE_AGGREGATION_CANDIDATE,,low,2,NEEDS_REVIEW,multiple coarse G1 candidates: caudal middle frontal gyrus; rostral middle frontal cortex
NGIQ-BR-00000045,"Left Middle frontal gyrus, Brainnetome 7_7",左侧额中回（Brainnetome 7-7）,MFG_L_7_7,left,Middle frontal gyrus,MANUAL_REVIEW_REQUIRED,,Left Caudal Middle Frontal Gyrus; Left Rostral Middle Frontal Cortex,,left,COARSE_AGGREGATION_CANDIDATE,,low,2,NEEDS_REVIEW,multiple coarse G1 candidates: caudal middle frontal gyrus; rostral middle frontal cortex
NGIQ-BR-00000007,"Left Middle temporal gyrus, Brainnetome 4_1",左侧颞中回（Brainnetome 4-1）,MTG_L_4_1,left,Middle temporal gyrus,CANONICAL_NAME,NGIQ-BR-00000281,Left Middle Temporal Gyrus,左颞中回,left,COARSE_AGGREGATION_CANDIDATE,authoritative_anatomical_mapping,high,1,AUTO_HIGH,
NGIQ-BR-00000095,"Left Middle temporal gyrus, Brainnetome 4_2",左侧颞中回（Brainnetome 4-2）,MTG_L_4_2,left,Middle temporal gyrus,CANONICAL_NAME,NGIQ-BR-00000281,Left Middle Temporal Gyrus,左颞中回,left,COARSE_AGGREGATION_CANDIDATE,authoritative_anatomical_mapping,high,1,AUTO_HIGH,
NGIQ-BR-00000097,"Left Middle temporal gyrus, Brainnetome 4_3",左侧颞中回（Brainnetome 4-3）,MTG_L_4_3,left,Middle temporal gyrus,CANONICAL_NAME,NGIQ-BR-00000281,Left Middle Temporal Gyrus,左颞中回,left,COARSE_AGGREGATION_CANDIDATE,authoritative_anatomical_mapping,high,1,AUTO_HIGH,
NGIQ-BR-00000099,"Left Middle temporal gyrus, Brainnetome 4_4",左侧颞中回（Brainnetome 4-4）,MTG_L_4_4,left,Middle temporal gyrus,CANONICAL_NAME,NGIQ-BR-00000281,Left Middle Temporal Gyrus,左颞中回,left,COARSE_AGGREGATION_CANDIDATE,authoritative_anatomical_mapping,high,1,AUTO_HIGH,
NGIQ-BR-00000057,"Left Orbital gyrus, Brainnetome 6_1",左侧眶回（Brainnetome 6-1）,OrG_L_6_1,left,Orbital gyrus,MANUAL_REVIEW_REQUIRED,,Left Lateral Orbitofrontal Cortex; Left Medial Orbitofrontal Cortex,,left,COARSE_AGGREGATION_CANDIDATE,,low,2,NEEDS_REVIEW,multiple coarse G1 candidates: lateral orbitofrontal cortex; medial orbitofrontal cortex
NGIQ-BR-00000059,"Left Orbital gyrus, Brainnetome 6_2",左侧眶回（Brainnetome 6-2）,OrG_L_6_2,left,Orbital gyrus,MANUAL_REVIEW_REQUIRED,,Left Lateral Orbitofrontal Cortex; Left Medial Orbitofrontal Cortex,,left,COARSE_AGGREGATION_CANDIDATE,,low,2,NEEDS_REVIEW,multiple coarse G1 candidates: lateral orbitofrontal cortex; medial orbitofrontal cortex
NGIQ-BR-00000061,"Left Orbital gyrus, Brainnetome 6_3",左侧眶回（Brainnetome 6-3）,OrG_L_6_3,left,Orbital gyrus,MANUAL_REVIEW_REQUIRED,,Left Lateral Orbitofrontal Cortex; Left Medial Orbitofrontal Cortex,,left,COARSE_AGGREGATION_CANDIDATE,,low,2,NEEDS_REVIEW,multiple coarse G1 candidates: lateral orbitofrontal cortex; medial orbitofrontal cortex
NGIQ-BR-00000063,"Left Orbital gyrus, Brainnetome 6_4",左侧眶回（Brainnetome 6-4）,OrG_L_6_4,left,Orbital gyrus,MANUAL_REVIEW_REQUIRED,,Left Lateral Orbitofrontal Cortex; Left Medial Orbitofrontal Cortex,,left,COARSE_AGGREGATION_CANDIDATE,,low,2,NEEDS_REVIEW,multiple coarse G1 candidates: lateral orbitofrontal cortex; medial orbitofrontal cortex
NGIQ-BR-00000065,"Left Orbital gyrus, Brainnetome 6_5",左侧眶回（Brainnetome 6-5）,OrG_L_6_5,left,Orbital gyrus,MANUAL_REVIEW_REQUIRED,,Left Lateral Orbitofrontal Cortex; Left Medial Orbitofrontal Cortex,,left,COARSE_AGGREGATION_CANDIDATE,,low,2,NEEDS_REVIEW,multiple coarse G1 candidates: lateral orbitofrontal cortex; medial orbitofrontal cortex
NGIQ-BR-00000067,"Left Orbital gyrus, Brainnetome 6_6",左侧眶回（Brainnetome 6-6）,OrG_L_6_6,left,Orbital gyrus,MANUAL_REVIEW_REQUIRED,,Left Lateral Orbitofrontal Cortex; Left Medial Orbitofrontal Cortex,,left,COARSE_AGGREGATION_CANDIDATE,,low,2,NEEDS_REVIEW,multiple coarse G1 candidates: lateral orbitofrontal cortex; medial orbitofrontal cortex
NGIQ-BR-00000081,"Left Paracentral lobule, Brainnetome 2_1",左侧中央旁小叶（Brainnetome 2-1）,PCL_L_2_1,left,Paracentral lobule,CANONICAL_NAME,NGIQ-BR-00000283,Left Paracentral Lobule,左中央旁小叶,left,COARSE_AGGREGATION_CANDIDATE,authoritative_anatomical_mapping,high,1,AUTO_HIGH,
NGIQ-BR-00000083,"Left Paracentral lobule, Brainnetome 2_2",左侧中央旁小叶（Brainnetome 2-2）,PCL_L_2_2,left,Paracentral lobule,CANONICAL_NAME,NGIQ-BR-00000283,Left Paracentral Lobule,左中央旁小叶,left,COARSE_AGGREGATION_CANDIDATE,authoritative_anatomical_mapping,high,1,AUTO_HIGH,
NGIQ-BR-00000121,"Left Parahippocampal gyrus, Brainnetome 6_1",左侧海马旁回（Brainnetome 6-1）,Ent_L_6_1,left,Parahippocampal gyrus,CANONICAL_NAME,NGIQ-BR-00000282,Left Parahippocampal Gyrus,左海马旁回,left,COARSE_AGGREGATION_CANDIDATE,authoritative_anatomical_mapping,high,1,AUTO_HIGH,
NGIQ-BR-00000123,"Left Parahippocampal gyrus, Brainnetome 6_2",左侧海马旁回（Brainnetome 6-2）,Ent_L_6_2,left,Parahippocampal gyrus,CANONICAL_NAME,NGIQ-BR-00000282,Left Parahippocampal Gyrus,左海马旁回,left,COARSE_AGGREGATION_CANDIDATE,authoritative_anatomical_mapping,high,1,AUTO_HIGH,
NGIQ-BR-00000125,"Left Parahippocampal gyrus, Brainnetome 6_3",左侧海马旁回（Brainnetome 6-3）,Ent_L_6_3,left,Parahippocampal gyrus,CANONICAL_NAME,NGIQ-BR-00000282,Left Parahippocampal Gyrus,左海马旁回,left,COARSE_AGGREGATION_CANDIDATE,authoritative_anatomical_mapping,high,1,AUTO_HIGH,
NGIQ-BR-00000127,"Left Parahippocampal gyrus, Brainnetome 6_4",左侧海马旁回（Brainnetome 6-4）,Ent_L_6_4,left,Parahippocampal gyrus,CANONICAL_NAME,NGIQ-BR-00000282,Left Parahippocampal Gyrus,左海马旁回,left,COARSE_AGGREGATION_CANDIDATE,authoritative_anatomical_mapping,high,1,AUTO_HIGH,
NGIQ-BR-00000129,"Left Parahippocampal gyrus, Brainnetome 6_5",左侧海马旁回（Brainnetome 6-5）,Ent_L_6_5,left,Parahippocampal gyrus,CANONICAL_NAME,NGIQ-BR-00000282,Left Parahippocampal Gyrus,左海马旁回,left,COARSE_AGGREGATION_CANDIDATE,authoritative_anatomical_mapping,high,1,AUTO_HIGH,
NGIQ-BR-00000131,"Left Parahippocampal gyrus, Brainnetome 6_6",左侧海马旁回（Brainnetome 6-6）,Ent_L_6_6,left,Parahippocampal gyrus,CANONICAL_NAME,NGIQ-BR-00000282,Left Parahippocampal Gyrus,左海马旁回,left,COARSE_AGGREGATION_CANDIDATE,authoritative_anatomical_mapping,high,1,AUTO_HIGH,
NGIQ-BR-00000163,"Left Postcentral gyrus, Brainnetome 4_1",左侧中央后回（Brainnetome 4-1）,PoG_L_4_1,left,Postcentral gyrus,CANONICAL_NAME,NGIQ-BR-00000288,Left Postcentral Gyrus,左中央后回,left,COARSE_AGGREGATION_CANDIDATE,authoritative_anatomical_mapping,high,1,AUTO_HIGH,
NGIQ-BR-00000165,"Left Postcentral gyrus, Brainnetome 4_2",左侧中央后回（Brainnetome 4-2）,PoG_L_4_2,left,Postcentral gyrus,CANONICAL_NAME,NGIQ-BR-00000288,Left Postcentral Gyrus,左中央后回,left,COARSE_AGGREGATION_CANDIDATE,authoritative_anatomical_mapping,high,1,AUTO_HIGH,
NGIQ-BR-00000167,"Left Postcentral gyrus, Brainnetome 4_3",左侧中央后回（Brainnetome 4-3）,PoG_L_4_3,left,Postcentral gyrus,CANONICAL_NAME,NGIQ-BR-00000288,Left Postcentral Gyrus,左中央后回,left,COARSE_AGGREGATION_CANDIDATE,authoritative_anatomical_mapping,high,1,AUTO_HIGH,
NGIQ-BR-00000169,"Left Postcentral gyrus, Brainnetome 4_4",左侧中央后回（Brainnetome 4-4）,PoG_L_4_4,left,Postcentral gyrus,CANONICAL_NAME,NGIQ-BR-00000288,Left Postcentral Gyrus,左中央后回,left,COARSE_AGGREGATION_CANDIDATE,authoritative_anatomical_mapping,high,1,AUTO_HIGH,
NGIQ-BR-00000133,"Left Posterior superior temporal sulcus, Brainnetome 2_1",左侧颞上沟后部（Brainnetome 2-1）,pSTS_L_2_1,left,Posterior superior temporal sulcus,MANUAL_REVIEW_REQUIRED,,,,left,,,none,0,NO_CANDIDATE,sulcal region; no coarse gyrus concept in G1
NGIQ-BR-00000135,"Left Posterior superior temporal sulcus, Brainnetome 2_2",左侧颞上沟后部（Brainnetome 2-2）,pSTS_L_2_2,left,Posterior superior temporal sulcus,MANUAL_REVIEW_REQUIRED,,,,left,,,none,0,NO_CANDIDATE,sulcal region; no coarse gyrus concept in G1
NGIQ-BR-00000069,"Left Precentral gyrus, Brainnetome 6_1",左侧中央前回（Brainnetome 6-1）,PrG_L_6_1,left,Precentral gyrus,CANONICAL_NAME,NGIQ-BR-00000290,Left Precentral Gyrus,左中央前回,left,COARSE_AGGREGATION_CANDIDATE,authoritative_anatomical_mapping,high,1,AUTO_HIGH,
NGIQ-BR-00000071,"Left Precentral gyrus, Brainnetome 6_2",左侧中央前回（Brainnetome 6-2）,PrG_L_6_2,left,Precentral gyrus,CANONICAL_NAME,NGIQ-BR-00000290,Left Precentral Gyrus,左中央前回,left,COARSE_AGGREGATION_CANDIDATE,authoritative_anatomical_mapping,high,1,AUTO_HIGH,
NGIQ-BR-00000073,"Left Precentral gyrus, Brainnetome 6_3",左侧中央前回（Brainnetome 6-3）,PrG_L_6_3,left,Precentral gyrus,CANONICAL_NAME,NGIQ-BR-00000290,Left Precentral Gyrus,左中央前回,left,COARSE_AGGREGATION_CANDIDATE,authoritative_anatomical_mapping,high,1,AUTO_HIGH,
NGIQ-BR-00000075,"Left Precentral gyrus, Brainnetome 6_4",左侧中央前回（Brainnetome 6-4）,PrG_L_6_4,left,Precentral gyrus,CANONICAL_NAME,NGIQ-BR-00000290,Left Precentral Gyrus,左中央前回,left,COARSE_AGGREGATION_CANDIDATE,authoritative_anatomical_mapping,high,1,AUTO_HIGH,
NGIQ-BR-00000077,"Left Precentral gyrus, Brainnetome 6_5",左侧中央前回（Brainnetome 6-5）,PrG_L_6_5,left,Precentral gyrus,CANONICAL_NAME,NGIQ-BR-00000290,Left Precentral Gyrus,左中央前回,left,COARSE_AGGREGATION_CANDIDATE,authoritative_anatomical_mapping,high,1,AUTO_HIGH,
NGIQ-BR-00000079,"Left Precentral gyrus, Brainnetome 6_6",左侧中央前回（Brainnetome 6-6）,PrG_L_6_6,left,Precentral gyrus,CANONICAL_NAME,NGIQ-BR-00000290,Left Precentral Gyrus,左中央前回,left,COARSE_AGGREGATION_CANDIDATE,authoritative_anatomical_mapping,high,1,AUTO_HIGH,
NGIQ-BR-00000155,"Left Precuneus, Brainnetome 4_1",左侧楔前叶（Brainnetome 4-1）,PCun_L_4_1,left,Precuneus,CANONICAL_NAME,NGIQ-BR-00000291,Left Precuneus,左楔前叶,left,COARSE_AGGREGATION_CANDIDATE,authoritative_anatomical_mapping,high,1,AUTO_HIGH,
NGIQ-BR-00000157,"Left Precuneus, Brainnetome 4_2",左侧楔前叶（Brainnetome 4-2）,PCun_L_4_2,left,Precuneus,CANONICAL_NAME,NGIQ-BR-00000291,Left Precuneus,左楔前叶,left,COARSE_AGGREGATION_CANDIDATE,authoritative_anatomical_mapping,high,1,AUTO_HIGH,
NGIQ-BR-00000159,"Left Precuneus, Brainnetome 4_3",左侧楔前叶（Brainnetome 4-3）,PCun_L_4_3,left,Precuneus,CANONICAL_NAME,NGIQ-BR-00000291,Left Precuneus,左楔前叶,left,COARSE_AGGREGATION_CANDIDATE,authoritative_anatomical_mapping,high,1,AUTO_HIGH,
NGIQ-BR-00000161,"Left Precuneus, Brainnetome 4_4",左侧楔前叶（Brainnetome 4-4）,PCun_L_4_4,left,Precuneus,CANONICAL_NAME,NGIQ-BR-00000291,Left Precuneus,左楔前叶,left,COARSE_AGGREGATION_CANDIDATE,authoritative_anatomical_mapping,high,1,AUTO_HIGH,
NGIQ-BR-00000019,"Left Striatum (basal ganglia), Brainnetome 6_1",左侧纹状体（Brainnetome 6-1）,Str_L_6_1,left,Striatum (basal ganglia),MANUAL_REVIEW_REQUIRED,,Left Caudate Nucleus; Left Putamen; Left Nucleus Accumbens,,left,COARSE_AGGREGATION_CANDIDATE,,low,3,NEEDS_REVIEW,multiple coarse G1 candidates: caudate nucleus; putamen; nucleus accumbens
NGIQ-BR-00000222,"Left Striatum (basal ganglia), Brainnetome 6_2",左侧纹状体（Brainnetome 6-2）,Str_L_6_2,left,Striatum (basal ganglia),MANUAL_REVIEW_REQUIRED,,Left Caudate Nucleus; Left Putamen; Left Nucleus Accumbens,,left,COARSE_AGGREGATION_CANDIDATE,,low,3,NEEDS_REVIEW,multiple coarse G1 candidates: caudate nucleus; putamen; nucleus accumbens
NGIQ-BR-00000224,"Left Striatum (basal ganglia), Brainnetome 6_3",左侧纹状体（Brainnetome 6-3）,Str_L_6_3,left,Striatum (basal ganglia),MANUAL_REVIEW_REQUIRED,,Left Caudate Nucleus; Left Putamen; Left Nucleus Accumbens,,left,COARSE_AGGREGATION_CANDIDATE,,low,3,NEEDS_REVIEW,multiple coarse G1 candidates: caudate nucleus; putamen; nucleus accumbens
NGIQ-BR-00000226,"Left Striatum (basal ganglia), Brainnetome 6_4",左侧纹状体（Brainnetome 6-4）,Str_L_6_4,left,Striatum (basal ganglia),MANUAL_REVIEW_REQUIRED,,Left Caudate Nucleus; Left Putamen; Left Nucleus Accumbens,,left,COARSE_AGGREGATION_CANDIDATE,,low,3,NEEDS_REVIEW,multiple coarse G1 candidates: caudate nucleus; putamen; nucleus accumbens
NGIQ-BR-00000228,"Left Striatum (basal ganglia), Brainnetome 6_5",左侧纹状体（Brainnetome 6-5）,Str_L_6_5,left,Striatum (basal ganglia),MANUAL_REVIEW_REQUIRED,,Left Caudate Nucleus; Left Putamen; Left Nucleus Accumbens,,left,COARSE_AGGREGATION_CANDIDATE,,low,3,NEEDS_REVIEW,multiple coarse G1 candidates: caudate nucleus; putamen; nucleus accumbens
NGIQ-BR-00000230,"Left Striatum (basal ganglia), Brainnetome 6_6",左侧纹状体（Brainnetome 6-6）,Str_L_6_6,left,Striatum (basal ganglia),MANUAL_REVIEW_REQUIRED,,Left Caudate Nucleus; Left Putamen; Left Nucleus Accumbens,,left,COARSE_AGGREGATION_CANDIDATE,,low,3,NEEDS_REVIEW,multiple coarse G1 candidates: caudate nucleus; putamen; nucleus accumbens
NGIQ-BR-00000001,"Left Superior frontal gyrus, Brainnetome 7_1",左侧额上回（Brainnetome 7-1）,SFG_L_7_1,left,Superior frontal gyrus,CANONICAL_NAME,NGIQ-BR-00000294,Left Superior Frontal Gyrus,左额上回,left,COARSE_AGGREGATION_CANDIDATE,authoritative_anatomical_mapping,high,1,AUTO_HIGH,
NGIQ-BR-00000021,"Left Superior frontal gyrus, Brainnetome 7_2",左侧额上回（Brainnetome 7-2）,SFG_L_7_2,left,Superior frontal gyrus,CANONICAL_NAME,NGIQ-BR-00000294,Left Superior Frontal Gyrus,左额上回,left,COARSE_AGGREGATION_CANDIDATE,authoritative_anatomical_mapping,high,1,AUTO_HIGH,
NGIQ-BR-00000023,"Left Superior frontal gyrus, Brainnetome 7_3",左侧额上回（Brainnetome 7-3）,SFG_L_7_3,left,Superior frontal gyrus,CANONICAL_NAME,NGIQ-BR-00000294,Left Superior Frontal Gyrus,左额上回,left,COARSE_AGGREGATION_CANDIDATE,authoritative_anatomical_mapping,high,1,AUTO_HIGH,
NGIQ-BR-00000025,"Left Superior frontal gyrus, Brainnetome 7_4",左侧额上回（Brainnetome 7-4）,SFG_L_7_4,left,Superior frontal gyrus,CANONICAL_NAME,NGIQ-BR-00000294,Left Superior Frontal Gyrus,左额上回,left,COARSE_AGGREGATION_CANDIDATE,authoritative_anatomical_mapping,high,1,AUTO_HIGH,
NGIQ-BR-00000027,"Left Superior frontal gyrus, Brainnetome 7_5",左侧额上回（Brainnetome 7-5）,SFG_L_7_5,left,Superior frontal gyrus,CANONICAL_NAME,NGIQ-BR-00000294,Left Superior Frontal Gyrus,左额上回,left,COARSE_AGGREGATION_CANDIDATE,authoritative_anatomical_mapping,high,1,AUTO_HIGH,
NGIQ-BR-00000029,"Left Superior frontal gyrus, Brainnetome 7_6",左侧额上回（Brainnetome 7-6）,SFG_L_7_6,left,Superior frontal gyrus,CANONICAL_NAME,NGIQ-BR-00000294,Left Superior Frontal Gyrus,左额上回,left,COARSE_AGGREGATION_CANDIDATE,authoritative_anatomical_mapping,high,1,AUTO_HIGH,
NGIQ-BR-00000031,"Left Superior frontal gyrus, Brainnetome 7_7",左侧额上回（Brainnetome 7-7）,SFG_L_7_7,left,Superior frontal gyrus,CANONICAL_NAME,NGIQ-BR-00000294,Left Superior Frontal Gyrus,左额上回,left,COARSE_AGGREGATION_CANDIDATE,authoritative_anatomical_mapping,high,1,AUTO_HIGH,
NGIQ-BR-00000211,"Left Superior lateral occipital cortex, Brainnetome 2_1",左侧上外侧枕叶皮层（Brainnetome 2-1）,sOcG_L_2_1,left,Superior lateral occipital cortex,CANONICAL_NAME,NGIQ-BR-00000277,Left Lateral Occipital Cortex,左外侧枕叶皮质,left,COARSE_AGGREGATION_CANDIDATE,authoritative_anatomical_mapping,high,1,AUTO_HIGH,
NGIQ-BR-00000213,"Left Superior lateral occipital cortex, Brainnetome 2_2",左侧上外侧枕叶皮层（Brainnetome 2-2）,sOcG_L_2_2,left,Superior lateral occipital cortex,CANONICAL_NAME,NGIQ-BR-00000277,Left Lateral Occipital Cortex,左外侧枕叶皮质,left,COARSE_AGGREGATION_CANDIDATE,authoritative_anatomical_mapping,high,1,AUTO_HIGH,
NGIQ-BR-00000009,"Left Superior parietal lobule, Brainnetome 5_1",左侧顶上小叶（Brainnetome 5-1）,SPL_L_5_1,left,Superior parietal lobule,CANONICAL_NAME,NGIQ-BR-00000295,Left Superior Parietal Lobule,左顶上小叶,left,COARSE_AGGREGATION_CANDIDATE,authoritative_anatomical_mapping,high,1,AUTO_HIGH,
NGIQ-BR-00000137,"Left Superior parietal lobule, Brainnetome 5_2",左侧顶上小叶（Brainnetome 5-2）,SPL_L_5_2,left,Superior parietal lobule,CANONICAL_NAME,NGIQ-BR-00000295,Left Superior Parietal Lobule,左顶上小叶,left,COARSE_AGGREGATION_CANDIDATE,authoritative_anatomical_mapping,high,1,AUTO_HIGH,
NGIQ-BR-00000139,"Left Superior parietal lobule, Brainnetome 5_3",左侧顶上小叶（Brainnetome 5-3）,SPL_L_5_3,left,Superior parietal lobule,CANONICAL_NAME,NGIQ-BR-00000295,Left Superior Parietal Lobule,左顶上小叶,left,COARSE_AGGREGATION_CANDIDATE,authoritative_anatomical_mapping,high,1,AUTO_HIGH,
NGIQ-BR-00000141,"Left Superior parietal lobule, Brainnetome 5_4",左侧顶上小叶（Brainnetome 5-4）,SPL_L_5_4,left,Superior parietal lobule,CANONICAL_NAME,NGIQ-BR-00000295,Left Superior Parietal Lobule,左顶上小叶,left,COARSE_AGGREGATION_CANDIDATE,authoritative_anatomical_mapping,high,1,AUTO_HIGH,
NGIQ-BR-00000143,"Left Superior parietal lobule, Brainnetome 5_5",左侧顶上小叶（Brainnetome 5-5）,SPL_L_5_5,left,Superior parietal lobule,CANONICAL_NAME,NGIQ-BR-00000295,Left Superior Parietal Lobule,左顶上小叶,left,COARSE_AGGREGATION_CANDIDATE,authoritative_anatomical_mapping,high,1,AUTO_HIGH,
NGIQ-BR-00000005,"Left Superior temporal gyrus, Brainnetome 6_1",左侧颞上回（Brainnetome 6-1）,STG_L_6_1,left,Superior temporal gyrus,CANONICAL_NAME,NGIQ-BR-00000296,Left Superior Temporal Gyrus,左颞上回,left,COARSE_AGGREGATION_CANDIDATE,authoritative_anatomical_mapping,high,1,AUTO_HIGH,
NGIQ-BR-00000085,"Left Superior temporal gyrus, Brainnetome 6_2",左侧颞上回（Brainnetome 6-2）,STG_L_6_2,left,Superior temporal gyrus,CANONICAL_NAME,NGIQ-BR-00000296,Left Superior Temporal Gyrus,左颞上回,left,COARSE_AGGREGATION_CANDIDATE,authoritative_anatomical_mapping,high,1,AUTO_HIGH,
NGIQ-BR-00000087,"Left Superior temporal gyrus, Brainnetome 6_3",左侧颞上回（Brainnetome 6-3）,STG_L_6_3,left,Superior temporal gyrus,CANONICAL_NAME,NGIQ-BR-00000296,Left Superior Temporal Gyrus,左颞上回,left,COARSE_AGGREGATION_CANDIDATE,authoritative_anatomical_mapping,high,1,AUTO_HIGH,
NGIQ-BR-00000089,"Left Superior temporal gyrus, Brainnetome 6_4",左侧颞上回（Brainnetome 6-4）,STG_L_6_4,left,Superior temporal gyrus,CANONICAL_NAME,NGIQ-BR-00000296,Left Superior Temporal Gyrus,左颞上回,left,COARSE_AGGREGATION_CANDIDATE,authoritative_anatomical_mapping,high,1,AUTO_HIGH,
NGIQ-BR-00000091,"Left Superior temporal gyrus, Brainnetome 6_5",左侧颞上回（Brainnetome 6-5）,STG_L_6_5,left,Superior temporal gyrus,CANONICAL_NAME,NGIQ-BR-00000296,Left Superior Temporal Gyrus,左颞上回,left,COARSE_AGGREGATION_CANDIDATE,authoritative_anatomical_mapping,high,1,AUTO_HIGH,
NGIQ-BR-00000093,"Left Superior temporal gyrus, Brainnetome 6_6",左侧颞上回（Brainnetome 6-6）,STG_L_6_6,left,Superior temporal gyrus,CANONICAL_NAME,NGIQ-BR-00000296,Left Superior Temporal Gyrus,左颞上回,left,COARSE_AGGREGATION_CANDIDATE,authoritative_anatomical_mapping,high,1,AUTO_HIGH,
NGIQ-BR-00000020,"Left Thalamus, Brainnetome 8_1",左侧丘脑（Brainnetome 8-1）,Th_L_8_1,left,Thalamus,CANONICAL_NAME,NGIQ-BR-00000247,Left Thalamus,左丘脑,left,COARSE_AGGREGATION_CANDIDATE,authoritative_anatomical_mapping,high,1,AUTO_HIGH,
NGIQ-BR-00000233,"Left Thalamus, Brainnetome 8_2",左侧丘脑（Brainnetome 8-2）,Th_L_8_2,left,Thalamus,CANONICAL_NAME,NGIQ-BR-00000247,Left Thalamus,左丘脑,left,COARSE_AGGREGATION_CANDIDATE,authoritative_anatomical_mapping,high,1,AUTO_HIGH,
NGIQ-BR-00000235,"Left Thalamus, Brainnetome 8_3",左侧丘脑（Brainnetome 8-3）,Th_L_8_3,left,Thalamus,CANONICAL_NAME,NGIQ-BR-00000247,Left Thalamus,左丘脑,left,COARSE_AGGREGATION_CANDIDATE,authoritative_anatomical_mapping,high,1,AUTO_HIGH,
NGIQ-BR-00000237,"Left Thalamus, Brainnetome 8_4",左侧丘脑（Brainnetome 8-4）,Th_L_8_4,left,Thalamus,CANONICAL_NAME,NGIQ-BR-00000247,Left Thalamus,左丘脑,left,COARSE_AGGREGATION_CANDIDATE,authoritative_anatomical_mapping,high,1,AUTO_HIGH,
NGIQ-BR-00000239,"Left Thalamus, Brainnetome 8_5",左侧丘脑（Brainnetome 8-5）,Th_L_8_5,left,Thalamus,CANONICAL_NAME,NGIQ-BR-00000247,Left Thalamus,左丘脑,left,COARSE_AGGREGATION_CANDIDATE,authoritative_anatomical_mapping,high,1,AUTO_HIGH,
NGIQ-BR-00000241,"Left Thalamus, Brainnetome 8_6",左侧丘脑（Brainnetome 8-6）,Th_L_8_6,left,Thalamus,CANONICAL_NAME,NGIQ-BR-00000247,Left Thalamus,左丘脑,left,COARSE_AGGREGATION_CANDIDATE,authoritative_anatomical_mapping,high,1,AUTO_HIGH,
NGIQ-BR-00000243,"Left Thalamus, Brainnetome 8_7",左侧丘脑（Brainnetome 8-7）,Th_L_8_7,left,Thalamus,CANONICAL_NAME,NGIQ-BR-00000247,Left Thalamus,左丘脑,left,COARSE_AGGREGATION_CANDIDATE,authoritative_anatomical_mapping,high,1,AUTO_HIGH,
NGIQ-BR-00000245,"Left Thalamus, Brainnetome 8_8",左侧丘脑（Brainnetome 8-8）,Th_L_8_8,left,Thalamus,CANONICAL_NAME,NGIQ-BR-00000247,Left Thalamus,左丘脑,left,COARSE_AGGREGATION_CANDIDATE,authoritative_anatomical_mapping,high,1,AUTO_HIGH,
NGIQ-BR-00000216,"Right Amygdala, Brainnetome 2_1",右侧杏仁核（Brainnetome 2-1）,Amg_R_2_1,right,Amygdala,CANONICAL_NAME,NGIQ-BR-00000261,Right Amygdala,右杏仁核,right,COARSE_AGGREGATION_CANDIDATE,authoritative_anatomical_mapping,high,1,AUTO_HIGH,
NGIQ-BR-00000218,"Right Amygdala, Brainnetome 2_2",右侧杏仁核（Brainnetome 2-2）,Amg_R_2_2,right,Amygdala,CANONICAL_NAME,NGIQ-BR-00000261,Right Amygdala,右杏仁核,right,COARSE_AGGREGATION_CANDIDATE,authoritative_anatomical_mapping,high,1,AUTO_HIGH,
NGIQ-BR-00000182,"Right Cingulate gyrus, Brainnetome 7_1",右侧扣带回（Brainnetome 7-1）,CG_R_7_1,right,Cingulate gyrus,MANUAL_REVIEW_REQUIRED,,Right Caudal Anterior Cingulate Cortex; Right Rostral Anterior Cingulate Cortex; Right Posterior Cingulate Cortex; Right Isthmus Of Cingulate Gyrus,,right,COARSE_AGGREGATION_CANDIDATE,,low,4,NEEDS_REVIEW,multiple coarse G1 candidates: caudal anterior cingulate cortex; rostral anterior cingulate cortex; posterior cingulate cortex; isthmus of cingulate gyrus
NGIQ-BR-00000184,"Right Cingulate gyrus, Brainnetome 7_2",右侧扣带回（Brainnetome 7-2）,CG_R_7_2,right,Cingulate gyrus,MANUAL_REVIEW_REQUIRED,,Right Caudal Anterior Cingulate Cortex; Right Rostral Anterior Cingulate Cortex; Right Posterior Cingulate Cortex; Right Isthmus Of Cingulate Gyrus,,right,COARSE_AGGREGATION_CANDIDATE,,low,4,NEEDS_REVIEW,multiple coarse G1 candidates: caudal anterior cingulate cortex; rostral anterior cingulate cortex; posterior cingulate cortex; isthmus of cingulate gyrus
NGIQ-BR-00000186,"Right Cingulate gyrus, Brainnetome 7_3",右侧扣带回（Brainnetome 7-3）,CG_R_7_3,right,Cingulate gyrus,MANUAL_REVIEW_REQUIRED,,Right Caudal Anterior Cingulate Cortex; Right Rostral Anterior Cingulate Cortex; Right Posterior Cingulate Cortex; Right Isthmus Of Cingulate Gyrus,,right,COARSE_AGGREGATION_CANDIDATE,,low,4,NEEDS_REVIEW,multiple coarse G1 candidates: caudal anterior cingulate cortex; rostral anterior cingulate cortex; posterior cingulate cortex; isthmus of cingulate gyrus
NGIQ-BR-00000188,"Right Cingulate gyrus, Brainnetome 7_4",右侧扣带回（Brainnetome 7-4）,CG_R_7_4,right,Cingulate gyrus,MANUAL_REVIEW_REQUIRED,,Right Caudal Anterior Cingulate Cortex; Right Rostral Anterior Cingulate Cortex; Right Posterior Cingulate Cortex; Right Isthmus Of Cingulate Gyrus,,right,COARSE_AGGREGATION_CANDIDATE,,low,4,NEEDS_REVIEW,multiple coarse G1 candidates: caudal anterior cingulate cortex; rostral anterior cingulate cortex; posterior cingulate cortex; isthmus of cingulate gyrus
NGIQ-BR-00000190,"Right Cingulate gyrus, Brainnetome 7_5",右侧扣带回（Brainnetome 7-5）,CG_R_7_5,right,Cingulate gyrus,MANUAL_REVIEW_REQUIRED,,Right Caudal Anterior Cingulate Cortex; Right Rostral Anterior Cingulate Cortex; Right Posterior Cingulate Cortex; Right Isthmus Of Cingulate Gyrus,,right,COARSE_AGGREGATION_CANDIDATE,,low,4,NEEDS_REVIEW,multiple coarse G1 candidates: caudal anterior cingulate cortex; rostral anterior cingulate cortex; posterior cingulate cortex; isthmus of cingulate gyrus
NGIQ-BR-00000192,"Right Cingulate gyrus, Brainnetome 7_6",右侧扣带回（Brainnetome 7-6）,CG_R_7_6,right,Cingulate gyrus,MANUAL_REVIEW_REQUIRED,,Right Caudal Anterior Cingulate Cortex; Right Rostral Anterior Cingulate Cortex; Right Posterior Cingulate Cortex; Right Isthmus Of Cingulate Gyrus,,right,COARSE_AGGREGATION_CANDIDATE,,low,4,NEEDS_REVIEW,multiple coarse G1 candidates: caudal anterior cingulate cortex; rostral anterior cingulate cortex; posterior cingulate cortex; isthmus of cingulate gyrus
NGIQ-BR-00000194,"Right Cingulate gyrus, Brainnetome 7_7",右侧扣带回（Brainnetome 7-7）,CG_R_7_7,right,Cingulate gyrus,MANUAL_REVIEW_REQUIRED,,Right Caudal Anterior Cingulate Cortex; Right Rostral Anterior Cingulate Cortex; Right Posterior Cingulate Cortex; Right Isthmus Of Cingulate Gyrus,,right,COARSE_AGGREGATION_CANDIDATE,,low,4,NEEDS_REVIEW,multiple coarse G1 candidates: caudal anterior cingulate cortex; rostral anterior cingulate cortex; posterior cingulate cortex; isthmus of cingulate gyrus
NGIQ-BR-00000116,"Right Fusiform gyrus, Brainnetome 3_1",右侧梭状回（Brainnetome 3-1）,FuG_R_3_1,right,Fusiform gyrus,CANONICAL_NAME,NGIQ-BR-00000304,Right Fusiform Gyrus,右梭状回,right,COARSE_AGGREGATION_CANDIDATE,authoritative_anatomical_mapping,high,1,AUTO_HIGH,
NGIQ-BR-00000118,"Right Fusiform gyrus, Brainnetome 3_2",右侧梭状回（Brainnetome 3-2）,FuG_R_3_2,right,Fusiform gyrus,CANONICAL_NAME,NGIQ-BR-00000304,Right Fusiform Gyrus,右梭状回,right,COARSE_AGGREGATION_CANDIDATE,authoritative_anatomical_mapping,high,1,AUTO_HIGH,
NGIQ-BR-00000120,"Right Fusiform gyrus, Brainnetome 3_3",右侧梭状回（Brainnetome 3-3）,FuG_R_3_3,right,Fusiform gyrus,CANONICAL_NAME,NGIQ-BR-00000304,Right Fusiform Gyrus,右梭状回,right,COARSE_AGGREGATION_CANDIDATE,authoritative_anatomical_mapping,high,1,AUTO_HIGH,
NGIQ-BR-00000018,"Right Hippocampus, Brainnetome 2_1",右侧海马（Brainnetome 2-1）,Hipp_R_2_1,right,Hippocampus,CANONICAL_NAME,NGIQ-BR-00000260,Right Hippocampus,右海马,right,COARSE_AGGREGATION_CANDIDATE,authoritative_anatomical_mapping,high,1,AUTO_HIGH,
NGIQ-BR-00000220,"Right Hippocampus, Brainnetome 2_2",右侧海马（Brainnetome 2-2）,Hipp_R_2_2,right,Hippocampus,CANONICAL_NAME,NGIQ-BR-00000260,Right Hippocampus,右海马,right,COARSE_AGGREGATION_CANDIDATE,authoritative_anatomical_mapping,high,1,AUTO_HIGH,
NGIQ-BR-00000004,"Right Inferior frontal gyrus, Brainnetome 6_1",右侧额下回（Brainnetome 6-1）,IFG_R_6_1,right,Inferior frontal gyrus,MANUAL_REVIEW_REQUIRED,,"Right Inferior Frontal Gyrus, Pars Opercularis; Right Inferior Frontal Gyrus, Pars Orbitalis; Right Inferior Frontal Gyrus, Pars Triangularis",,right,COARSE_AGGREGATION_CANDIDATE,,low,3,NEEDS_REVIEW,"multiple coarse G1 candidates: inferior frontal gyrus, pars opercularis; inferior frontal gyrus, pars orbitalis; inferior frontal gyrus, pars triangularis"
NGIQ-BR-00000048,"Right Inferior frontal gyrus, Brainnetome 6_2",右侧额下回（Brainnetome 6-2）,IFG_R_6_2,right,Inferior frontal gyrus,MANUAL_REVIEW_REQUIRED,,"Right Inferior Frontal Gyrus, Pars Opercularis; Right Inferior Frontal Gyrus, Pars Orbitalis; Right Inferior Frontal Gyrus, Pars Triangularis",,right,COARSE_AGGREGATION_CANDIDATE,,low,3,NEEDS_REVIEW,"multiple coarse G1 candidates: inferior frontal gyrus, pars opercularis; inferior frontal gyrus, pars orbitalis; inferior frontal gyrus, pars triangularis"
NGIQ-BR-00000050,"Right Inferior frontal gyrus, Brainnetome 6_3",右侧额下回（Brainnetome 6-3）,IFG_R_6_3,right,Inferior frontal gyrus,MANUAL_REVIEW_REQUIRED,,"Right Inferior Frontal Gyrus, Pars Opercularis; Right Inferior Frontal Gyrus, Pars Orbitalis; Right Inferior Frontal Gyrus, Pars Triangularis",,right,COARSE_AGGREGATION_CANDIDATE,,low,3,NEEDS_REVIEW,"multiple coarse G1 candidates: inferior frontal gyrus, pars opercularis; inferior frontal gyrus, pars orbitalis; inferior frontal gyrus, pars triangularis"
NGIQ-BR-00000052,"Right Inferior frontal gyrus, Brainnetome 6_4",右侧额下回（Brainnetome 6-4）,IFG_R_6_4,right,Inferior frontal gyrus,MANUAL_REVIEW_REQUIRED,,"Right Inferior Frontal Gyrus, Pars Opercularis; Right Inferior Frontal Gyrus, Pars Orbitalis; Right Inferior Frontal Gyrus, Pars Triangularis",,right,COARSE_AGGREGATION_CANDIDATE,,low,3,NEEDS_REVIEW,"multiple coarse G1 candidates: inferior frontal gyrus, pars opercularis; inferior frontal gyrus, pars orbitalis; inferior frontal gyrus, pars triangularis"
NGIQ-BR-00000054,"Right Inferior frontal gyrus, Brainnetome 6_5",右侧额下回（Brainnetome 6-5）,IFG_R_6_5,right,Inferior frontal gyrus,MANUAL_REVIEW_REQUIRED,,"Right Inferior Frontal Gyrus, Pars Opercularis; Right Inferior Frontal Gyrus, Pars Orbitalis; Right Inferior Frontal Gyrus, Pars Triangularis",,right,COARSE_AGGREGATION_CANDIDATE,,low,3,NEEDS_REVIEW,"multiple coarse G1 candidates: inferior frontal gyrus, pars opercularis; inferior frontal gyrus, pars orbitalis; inferior frontal gyrus, pars triangularis"
NGIQ-BR-00000056,"Right Inferior frontal gyrus, Brainnetome 6_6",右侧额下回（Brainnetome 6-6）,IFG_R_6_6,right,Inferior frontal gyrus,MANUAL_REVIEW_REQUIRED,,"Right Inferior Frontal Gyrus, Pars Opercularis; Right Inferior Frontal Gyrus, Pars Orbitalis; Right Inferior Frontal Gyrus, Pars Triangularis",,right,COARSE_AGGREGATION_CANDIDATE,,low,3,NEEDS_REVIEW,"multiple coarse G1 candidates: inferior frontal gyrus, pars opercularis; inferior frontal gyrus, pars orbitalis; inferior frontal gyrus, pars triangularis"
NGIQ-BR-00000012,"Right Inferior parietal lobule, Brainnetome 6_1",右侧顶下小叶（Brainnetome 6-1）,IPL_R_6_1,right,Inferior parietal lobule,CANONICAL_NAME,NGIQ-BR-00000305,Right Inferior Parietal Lobule,右侧顶下小叶,right,COARSE_AGGREGATION_CANDIDATE,authoritative_anatomical_mapping,high,1,AUTO_HIGH,
NGIQ-BR-00000146,"Right Inferior parietal lobule, Brainnetome 6_2",右侧顶下小叶（Brainnetome 6-2）,IPL_R_6_2,right,Inferior parietal lobule,CANONICAL_NAME,NGIQ-BR-00000305,Right Inferior Parietal Lobule,右侧顶下小叶,right,COARSE_AGGREGATION_CANDIDATE,authoritative_anatomical_mapping,high,1,AUTO_HIGH,
NGIQ-BR-00000148,"Right Inferior parietal lobule, Brainnetome 6_3",右侧顶下小叶（Brainnetome 6-3）,IPL_R_6_3,right,Inferior parietal lobule,CANONICAL_NAME,NGIQ-BR-00000305,Right Inferior Parietal Lobule,右侧顶下小叶,right,COARSE_AGGREGATION_CANDIDATE,authoritative_anatomical_mapping,high,1,AUTO_HIGH,
NGIQ-BR-00000150,"Right Inferior parietal lobule, Brainnetome 6_4",右侧顶下小叶（Brainnetome 6-4）,IPL_R_6_4,right,Inferior parietal lobule,CANONICAL_NAME,NGIQ-BR-00000305,Right Inferior Parietal Lobule,右侧顶下小叶,right,COARSE_AGGREGATION_CANDIDATE,authoritative_anatomical_mapping,high,1,AUTO_HIGH,
NGIQ-BR-00000152,"Right Inferior parietal lobule, Brainnetome 6_5",右侧顶下小叶（Brainnetome 6-5）,IPL_R_6_5,right,Inferior parietal lobule,CANONICAL_NAME,NGIQ-BR-00000305,Right Inferior Parietal Lobule,右侧顶下小叶,right,COARSE_AGGREGATION_CANDIDATE,authoritative_anatomical_mapping,high,1,AUTO_HIGH,
NGIQ-BR-00000154,"Right Inferior parietal lobule, Brainnetome 6_6",右侧顶下小叶（Brainnetome 6-6）,IPL_R_6_6,right,Inferior parietal lobule,CANONICAL_NAME,NGIQ-BR-00000305,Right Inferior Parietal Lobule,右侧顶下小叶,right,COARSE_AGGREGATION_CANDIDATE,authoritative_anatomical_mapping,high,1,AUTO_HIGH,
NGIQ-BR-00000102,"Right Inferior temporal gyrus, Brainnetome 7_1",右侧颞下回（Brainnetome 7-1）,ITG_R_7_1,right,Inferior temporal gyrus,CANONICAL_NAME,NGIQ-BR-00000306,Right Inferior Temporal Gyrus,右颞下回,right,COARSE_AGGREGATION_CANDIDATE,authoritative_anatomical_mapping,high,1,AUTO_HIGH,
NGIQ-BR-00000104,"Right Inferior temporal gyrus, Brainnetome 7_2",右侧颞下回（Brainnetome 7-2）,ITG_R_7_2,right,Inferior temporal gyrus,CANONICAL_NAME,NGIQ-BR-00000306,Right Inferior Temporal Gyrus,右颞下回,right,COARSE_AGGREGATION_CANDIDATE,authoritative_anatomical_mapping,high,1,AUTO_HIGH,
NGIQ-BR-00000106,"Right Inferior temporal gyrus, Brainnetome 7_3",右侧颞下回（Brainnetome 7-3）,ITG_R_7_3,right,Inferior temporal gyrus,CANONICAL_NAME,NGIQ-BR-00000306,Right Inferior Temporal Gyrus,右颞下回,right,COARSE_AGGREGATION_CANDIDATE,authoritative_anatomical_mapping,high,1,AUTO_HIGH,
NGIQ-BR-00000108,"Right Inferior temporal gyrus, Brainnetome 7_4",右侧颞下回（Brainnetome 7-4）,ITG_R_7_4,right,Inferior temporal gyrus,CANONICAL_NAME,NGIQ-BR-00000306,Right Inferior Temporal Gyrus,右颞下回,right,COARSE_AGGREGATION_CANDIDATE,authoritative_anatomical_mapping,high,1,AUTO_HIGH,
NGIQ-BR-00000110,"Right Inferior temporal gyrus, Brainnetome 7_5",右侧颞下回（Brainnetome 7-5）,ITG_R_7_5,right,Inferior temporal gyrus,CANONICAL_NAME,NGIQ-BR-00000306,Right Inferior Temporal Gyrus,右颞下回,right,COARSE_AGGREGATION_CANDIDATE,authoritative_anatomical_mapping,high,1,AUTO_HIGH,
NGIQ-BR-00000112,"Right Inferior temporal gyrus, Brainnetome 7_6",右侧颞下回（Brainnetome 7-6）,ITG_R_7_6,right,Inferior temporal gyrus,CANONICAL_NAME,NGIQ-BR-00000306,Right Inferior Temporal Gyrus,右颞下回,right,COARSE_AGGREGATION_CANDIDATE,authoritative_anatomical_mapping,high,1,AUTO_HIGH,
NGIQ-BR-00000114,"Right Inferior temporal gyrus, Brainnetome 7_7",右侧颞下回（Brainnetome 7-7）,ITG_R_7_7,right,Inferior temporal gyrus,CANONICAL_NAME,NGIQ-BR-00000306,Right Inferior Temporal Gyrus,右颞下回,right,COARSE_AGGREGATION_CANDIDATE,authoritative_anatomical_mapping,high,1,AUTO_HIGH,
NGIQ-BR-00000014,"Right Insular gyrus, Brainnetome 6_1",右侧岛回（Brainnetome 6-1）,Ins_R_6_1,right,Insular gyrus,CANONICAL_NAME,NGIQ-BR-00000330,Right Insula,右岛叶,right,COARSE_AGGREGATION_CANDIDATE,authoritative_anatomical_mapping,high,1,AUTO_HIGH,
NGIQ-BR-00000172,"Right Insular gyrus, Brainnetome 6_2",右侧岛回（Brainnetome 6-2）,Ins_R_6_2,right,Insular gyrus,CANONICAL_NAME,NGIQ-BR-00000330,Right Insula,右岛叶,right,COARSE_AGGREGATION_CANDIDATE,authoritative_anatomical_mapping,high,1,AUTO_HIGH,
NGIQ-BR-00000174,"Right Insular gyrus, Brainnetome 6_3",右侧岛回（Brainnetome 6-3）,Ins_R_6_3,right,Insular gyrus,CANONICAL_NAME,NGIQ-BR-00000330,Right Insula,右岛叶,right,COARSE_AGGREGATION_CANDIDATE,authoritative_anatomical_mapping,high,1,AUTO_HIGH,
NGIQ-BR-00000176,"Right Insular gyrus, Brainnetome 6_4",右侧岛回（Brainnetome 6-4）,Ins_R_6_4,right,Insular gyrus,CANONICAL_NAME,NGIQ-BR-00000330,Right Insula,右岛叶,right,COARSE_AGGREGATION_CANDIDATE,authoritative_anatomical_mapping,high,1,AUTO_HIGH,
NGIQ-BR-00000178,"Right Insular gyrus, Brainnetome 6_5",右侧岛回（Brainnetome 6-5）,Ins_R_6_5,right,Insular gyrus,CANONICAL_NAME,NGIQ-BR-00000330,Right Insula,右岛叶,right,COARSE_AGGREGATION_CANDIDATE,authoritative_anatomical_mapping,high,1,AUTO_HIGH,
NGIQ-BR-00000180,"Right Insular gyrus, Brainnetome 6_6",右侧岛回（Brainnetome 6-6）,Ins_R_6_6,right,Insular gyrus,CANONICAL_NAME,NGIQ-BR-00000330,Right Insula,右岛叶,right,COARSE_AGGREGATION_CANDIDATE,authoritative_anatomical_mapping,high,1,AUTO_HIGH,
NGIQ-BR-00000204,"Right Lateral occipital cortex, Brainnetome 4_1",右侧外侧枕叶皮层（Brainnetome 4-1）,OcG_R_4_1,right,Lateral occipital cortex,CANONICAL_NAME,NGIQ-BR-00000308,Right Lateral Occipital Cortex,右外侧枕叶皮质,right,COARSE_AGGREGATION_CANDIDATE,authoritative_anatomical_mapping,high,1,AUTO_HIGH,
NGIQ-BR-00000206,"Right Lateral occipital cortex, Brainnetome 4_2",右侧外侧枕叶皮层（Brainnetome 4-2）,OcG_R_4_2,right,Lateral occipital cortex,CANONICAL_NAME,NGIQ-BR-00000308,Right Lateral Occipital Cortex,右外侧枕叶皮质,right,COARSE_AGGREGATION_CANDIDATE,authoritative_anatomical_mapping,high,1,AUTO_HIGH,
NGIQ-BR-00000208,"Right Lateral occipital cortex, Brainnetome 4_3",右侧外侧枕叶皮层（Brainnetome 4-3）,OcG_R_4_3,right,Lateral occipital cortex,CANONICAL_NAME,NGIQ-BR-00000308,Right Lateral Occipital Cortex,右外侧枕叶皮质,right,COARSE_AGGREGATION_CANDIDATE,authoritative_anatomical_mapping,high,1,AUTO_HIGH,
NGIQ-BR-00000210,"Right Lateral occipital cortex, Brainnetome 4_4",右侧外侧枕叶皮层（Brainnetome 4-4）,OcG_R_4_4,right,Lateral occipital cortex,CANONICAL_NAME,NGIQ-BR-00000308,Right Lateral Occipital Cortex,右外侧枕叶皮质,right,COARSE_AGGREGATION_CANDIDATE,authoritative_anatomical_mapping,high,1,AUTO_HIGH,
NGIQ-BR-00000016,"Right Medioventral occipital cortex, Brainnetome 5_1",右侧腹内侧枕叶皮层（Brainnetome 5-1）,Cun_R_5_1,right,Medioventral occipital cortex,MANUAL_REVIEW_REQUIRED,,Right Lingual Gyrus; Right Pericalcarine Cortex; Right Cuneus,,right,COARSE_AGGREGATION_CANDIDATE,,low,3,NEEDS_REVIEW,multiple coarse G1 candidates: lingual gyrus; pericalcarine cortex; cuneus
NGIQ-BR-00000196,"Right Medioventral occipital cortex, Brainnetome 5_2",右侧腹内侧枕叶皮层（Brainnetome 5-2）,Cun_R_5_2,right,Medioventral occipital cortex,MANUAL_REVIEW_REQUIRED,,Right Lingual Gyrus; Right Pericalcarine Cortex; Right Cuneus,,right,COARSE_AGGREGATION_CANDIDATE,,low,3,NEEDS_REVIEW,multiple coarse G1 candidates: lingual gyrus; pericalcarine cortex; cuneus
NGIQ-BR-00000198,"Right Medioventral occipital cortex, Brainnetome 5_3",右侧腹内侧枕叶皮层（Brainnetome 5-3）,Cun_R_5_3,right,Medioventral occipital cortex,MANUAL_REVIEW_REQUIRED,,Right Lingual Gyrus; Right Pericalcarine Cortex; Right Cuneus,,right,COARSE_AGGREGATION_CANDIDATE,,low,3,NEEDS_REVIEW,multiple coarse G1 candidates: lingual gyrus; pericalcarine cortex; cuneus
NGIQ-BR-00000200,"Right Medioventral occipital cortex, Brainnetome 5_4",右侧腹内侧枕叶皮层（Brainnetome 5-4）,Cun_R_5_4,right,Medioventral occipital cortex,MANUAL_REVIEW_REQUIRED,,Right Lingual Gyrus; Right Pericalcarine Cortex; Right Cuneus,,right,COARSE_AGGREGATION_CANDIDATE,,low,3,NEEDS_REVIEW,multiple coarse G1 candidates: lingual gyrus; pericalcarine cortex; cuneus
NGIQ-BR-00000202,"Right Medioventral occipital cortex, Brainnetome 5_5",右侧腹内侧枕叶皮层（Brainnetome 5-5）,Cun_R_5_5,right,Medioventral occipital cortex,MANUAL_REVIEW_REQUIRED,,Right Lingual Gyrus; Right Pericalcarine Cortex; Right Cuneus,,right,COARSE_AGGREGATION_CANDIDATE,,low,3,NEEDS_REVIEW,multiple coarse G1 candidates: lingual gyrus; pericalcarine cortex; cuneus
NGIQ-BR-00000034,"Right Middle frontal gyrus, Brainnetome 7_1",右侧额中回（Brainnetome 7-1）,MFG_R_7_1,right,Middle frontal gyrus,MANUAL_REVIEW_REQUIRED,,Right Caudal Middle Frontal Gyrus; Right Rostral Middle Frontal Cortex,,right,COARSE_AGGREGATION_CANDIDATE,,low,2,NEEDS_REVIEW,multiple coarse G1 candidates: caudal middle frontal gyrus; rostral middle frontal cortex
NGIQ-BR-00000036,"Right Middle frontal gyrus, Brainnetome 7_2",右侧额中回（Brainnetome 7-2）,MFG_R_7_2,right,Middle frontal gyrus,MANUAL_REVIEW_REQUIRED,,Right Caudal Middle Frontal Gyrus; Right Rostral Middle Frontal Cortex,,right,COARSE_AGGREGATION_CANDIDATE,,low,2,NEEDS_REVIEW,multiple coarse G1 candidates: caudal middle frontal gyrus; rostral middle frontal cortex
NGIQ-BR-00000038,"Right Middle frontal gyrus, Brainnetome 7_3",右侧额中回（Brainnetome 7-3）,MFG_R_7_3,right,Middle frontal gyrus,MANUAL_REVIEW_REQUIRED,,Right Caudal Middle Frontal Gyrus; Right Rostral Middle Frontal Cortex,,right,COARSE_AGGREGATION_CANDIDATE,,low,2,NEEDS_REVIEW,multiple coarse G1 candidates: caudal middle frontal gyrus; rostral middle frontal cortex
NGIQ-BR-00000040,"Right Middle frontal gyrus, Brainnetome 7_4",右侧额中回（Brainnetome 7-4）,MFG_R_7_4,right,Middle frontal gyrus,MANUAL_REVIEW_REQUIRED,,Right Caudal Middle Frontal Gyrus; Right Rostral Middle Frontal Cortex,,right,COARSE_AGGREGATION_CANDIDATE,,low,2,NEEDS_REVIEW,multiple coarse G1 candidates: caudal middle frontal gyrus; rostral middle frontal cortex
NGIQ-BR-00000042,"Right Middle frontal gyrus, Brainnetome 7_5",右侧额中回（Brainnetome 7-5）,MFG_R_7_5,right,Middle frontal gyrus,MANUAL_REVIEW_REQUIRED,,Right Caudal Middle Frontal Gyrus; Right Rostral Middle Frontal Cortex,,right,COARSE_AGGREGATION_CANDIDATE,,low,2,NEEDS_REVIEW,multiple coarse G1 candidates: caudal middle frontal gyrus; rostral middle frontal cortex
NGIQ-BR-00000044,"Right Middle frontal gyrus, Brainnetome 7_6",右侧额中回（Brainnetome 7-6）,MFG_R_7_6,right,Middle frontal gyrus,MANUAL_REVIEW_REQUIRED,,Right Caudal Middle Frontal Gyrus; Right Rostral Middle Frontal Cortex,,right,COARSE_AGGREGATION_CANDIDATE,,low,2,NEEDS_REVIEW,multiple coarse G1 candidates: caudal middle frontal gyrus; rostral middle frontal cortex
NGIQ-BR-00000046,"Right Middle frontal gyrus, Brainnetome 7_7",右侧额中回（Brainnetome 7-7）,MFG_R_7_7,right,Middle frontal gyrus,MANUAL_REVIEW_REQUIRED,,Right Caudal Middle Frontal Gyrus; Right Rostral Middle Frontal Cortex,,right,COARSE_AGGREGATION_CANDIDATE,,low,2,NEEDS_REVIEW,multiple coarse G1 candidates: caudal middle frontal gyrus; rostral middle frontal cortex
NGIQ-BR-00000008,"Right Middle temporal gyrus, Brainnetome 4_1",右侧颞中回（Brainnetome 4-1）,MTG_R_4_1,right,Middle temporal gyrus,CANONICAL_NAME,NGIQ-BR-00000312,Right Middle Temporal Gyrus,右颞中回,right,COARSE_AGGREGATION_CANDIDATE,authoritative_anatomical_mapping,high,1,AUTO_HIGH,
NGIQ-BR-00000096,"Right Middle temporal gyrus, Brainnetome 4_2",右侧颞中回（Brainnetome 4-2）,MTG_R_4_2,right,Middle temporal gyrus,CANONICAL_NAME,NGIQ-BR-00000312,Right Middle Temporal Gyrus,右颞中回,right,COARSE_AGGREGATION_CANDIDATE,authoritative_anatomical_mapping,high,1,AUTO_HIGH,
NGIQ-BR-00000098,"Right Middle temporal gyrus, Brainnetome 4_3",右侧颞中回（Brainnetome 4-3）,MTG_R_4_3,right,Middle temporal gyrus,CANONICAL_NAME,NGIQ-BR-00000312,Right Middle Temporal Gyrus,右颞中回,right,COARSE_AGGREGATION_CANDIDATE,authoritative_anatomical_mapping,high,1,AUTO_HIGH,
NGIQ-BR-00000100,"Right Middle temporal gyrus, Brainnetome 4_4",右侧颞中回（Brainnetome 4-4）,MTG_R_4_4,right,Middle temporal gyrus,CANONICAL_NAME,NGIQ-BR-00000312,Right Middle Temporal Gyrus,右颞中回,right,COARSE_AGGREGATION_CANDIDATE,authoritative_anatomical_mapping,high,1,AUTO_HIGH,
NGIQ-BR-00000058,"Right Orbital gyrus, Brainnetome 6_1",右侧眶回（Brainnetome 6-1）,OrG_R_6_1,right,Orbital gyrus,MANUAL_REVIEW_REQUIRED,,Right Lateral Orbitofrontal Cortex; Right Medial Orbitofrontal Cortex,,right,COARSE_AGGREGATION_CANDIDATE,,low,2,NEEDS_REVIEW,multiple coarse G1 candidates: lateral orbitofrontal cortex; medial orbitofrontal cortex
NGIQ-BR-00000060,"Right Orbital gyrus, Brainnetome 6_2",右侧眶回（Brainnetome 6-2）,OrG_R_6_2,right,Orbital gyrus,MANUAL_REVIEW_REQUIRED,,Right Lateral Orbitofrontal Cortex; Right Medial Orbitofrontal Cortex,,right,COARSE_AGGREGATION_CANDIDATE,,low,2,NEEDS_REVIEW,multiple coarse G1 candidates: lateral orbitofrontal cortex; medial orbitofrontal cortex
NGIQ-BR-00000062,"Right Orbital gyrus, Brainnetome 6_3",右侧眶回（Brainnetome 6-3）,OrG_R_6_3,right,Orbital gyrus,MANUAL_REVIEW_REQUIRED,,Right Lateral Orbitofrontal Cortex; Right Medial Orbitofrontal Cortex,,right,COARSE_AGGREGATION_CANDIDATE,,low,2,NEEDS_REVIEW,multiple coarse G1 candidates: lateral orbitofrontal cortex; medial orbitofrontal cortex
NGIQ-BR-00000064,"Right Orbital gyrus, Brainnetome 6_4",右侧眶回（Brainnetome 6-4）,OrG_R_6_4,right,Orbital gyrus,MANUAL_REVIEW_REQUIRED,,Right Lateral Orbitofrontal Cortex; Right Medial Orbitofrontal Cortex,,right,COARSE_AGGREGATION_CANDIDATE,,low,2,NEEDS_REVIEW,multiple coarse G1 candidates: lateral orbitofrontal cortex; medial orbitofrontal cortex
NGIQ-BR-00000066,"Right Orbital gyrus, Brainnetome 6_5",右侧眶回（Brainnetome 6-5）,OrG_R_6_5,right,Orbital gyrus,MANUAL_REVIEW_REQUIRED,,Right Lateral Orbitofrontal Cortex; Right Medial Orbitofrontal Cortex,,right,COARSE_AGGREGATION_CANDIDATE,,low,2,NEEDS_REVIEW,multiple coarse G1 candidates: lateral orbitofrontal cortex; medial orbitofrontal cortex
NGIQ-BR-00000068,"Right Orbital gyrus, Brainnetome 6_6",右侧眶回（Brainnetome 6-6）,OrG_R_6_6,right,Orbital gyrus,MANUAL_REVIEW_REQUIRED,,Right Lateral Orbitofrontal Cortex; Right Medial Orbitofrontal Cortex,,right,COARSE_AGGREGATION_CANDIDATE,,low,2,NEEDS_REVIEW,multiple coarse G1 candidates: lateral orbitofrontal cortex; medial orbitofrontal cortex
NGIQ-BR-00000082,"Right Paracentral lobule, Brainnetome 2_1",右侧中央旁小叶（Brainnetome 2-1）,PCL_R_2_1,right,Paracentral lobule,CANONICAL_NAME,NGIQ-BR-00000314,Right Paracentral Lobule,右中央旁小叶,right,COARSE_AGGREGATION_CANDIDATE,authoritative_anatomical_mapping,high,1,AUTO_HIGH,
NGIQ-BR-00000084,"Right Paracentral lobule, Brainnetome 2_2",右侧中央旁小叶（Brainnetome 2-2）,PCL_R_2_2,right,Paracentral lobule,CANONICAL_NAME,NGIQ-BR-00000314,Right Paracentral Lobule,右中央旁小叶,right,COARSE_AGGREGATION_CANDIDATE,authoritative_anatomical_mapping,high,1,AUTO_HIGH,
NGIQ-BR-00000122,"Right Parahippocampal gyrus, Brainnetome 6_1",右侧海马旁回（Brainnetome 6-1）,Ent_R_6_1,right,Parahippocampal gyrus,CANONICAL_NAME,NGIQ-BR-00000313,Right Parahippocampal Gyrus,右海马旁回,right,COARSE_AGGREGATION_CANDIDATE,authoritative_anatomical_mapping,high,1,AUTO_HIGH,
NGIQ-BR-00000124,"Right Parahippocampal gyrus, Brainnetome 6_2",右侧海马旁回（Brainnetome 6-2）,Ent_R_6_2,right,Parahippocampal gyrus,CANONICAL_NAME,NGIQ-BR-00000313,Right Parahippocampal Gyrus,右海马旁回,right,COARSE_AGGREGATION_CANDIDATE,authoritative_anatomical_mapping,high,1,AUTO_HIGH,
NGIQ-BR-00000126,"Right Parahippocampal gyrus, Brainnetome 6_3",右侧海马旁回（Brainnetome 6-3）,Ent_R_6_3,right,Parahippocampal gyrus,CANONICAL_NAME,NGIQ-BR-00000313,Right Parahippocampal Gyrus,右海马旁回,right,COARSE_AGGREGATION_CANDIDATE,authoritative_anatomical_mapping,high,1,AUTO_HIGH,
NGIQ-BR-00000128,"Right Parahippocampal gyrus, Brainnetome 6_4",右侧海马旁回（Brainnetome 6-4）,Ent_R_6_4,right,Parahippocampal gyrus,CANONICAL_NAME,NGIQ-BR-00000313,Right Parahippocampal Gyrus,右海马旁回,right,COARSE_AGGREGATION_CANDIDATE,authoritative_anatomical_mapping,high,1,AUTO_HIGH,
NGIQ-BR-00000130,"Right Parahippocampal gyrus, Brainnetome 6_5",右侧海马旁回（Brainnetome 6-5）,Ent_R_6_5,right,Parahippocampal gyrus,CANONICAL_NAME,NGIQ-BR-00000313,Right Parahippocampal Gyrus,右海马旁回,right,COARSE_AGGREGATION_CANDIDATE,authoritative_anatomical_mapping,high,1,AUTO_HIGH,
NGIQ-BR-00000132,"Right Parahippocampal gyrus, Brainnetome 6_6",右侧海马旁回（Brainnetome 6-6）,Ent_R_6_6,right,Parahippocampal gyrus,CANONICAL_NAME,NGIQ-BR-00000313,Right Parahippocampal Gyrus,右海马旁回,right,COARSE_AGGREGATION_CANDIDATE,authoritative_anatomical_mapping,high,1,AUTO_HIGH,
NGIQ-BR-00000164,"Right Postcentral gyrus, Brainnetome 4_1",右侧中央后回（Brainnetome 4-1）,PoG_R_4_1,right,Postcentral gyrus,CANONICAL_NAME,NGIQ-BR-00000319,Right Postcentral Gyrus,右中央后回,right,COARSE_AGGREGATION_CANDIDATE,authoritative_anatomical_mapping,high,1,AUTO_HIGH,
NGIQ-BR-00000166,"Right Postcentral gyrus, Brainnetome 4_2",右侧中央后回（Brainnetome 4-2）,PoG_R_4_2,right,Postcentral gyrus,CANONICAL_NAME,NGIQ-BR-00000319,Right Postcentral Gyrus,右中央后回,right,COARSE_AGGREGATION_CANDIDATE,authoritative_anatomical_mapping,high,1,AUTO_HIGH,
NGIQ-BR-00000168,"Right Postcentral gyrus, Brainnetome 4_3",右侧中央后回（Brainnetome 4-3）,PoG_R_4_3,right,Postcentral gyrus,CANONICAL_NAME,NGIQ-BR-00000319,Right Postcentral Gyrus,右中央后回,right,COARSE_AGGREGATION_CANDIDATE,authoritative_anatomical_mapping,high,1,AUTO_HIGH,
NGIQ-BR-00000170,"Right Postcentral gyrus, Brainnetome 4_4",右侧中央后回（Brainnetome 4-4）,PoG_R_4_4,right,Postcentral gyrus,CANONICAL_NAME,NGIQ-BR-00000319,Right Postcentral Gyrus,右中央后回,right,COARSE_AGGREGATION_CANDIDATE,authoritative_anatomical_mapping,high,1,AUTO_HIGH,
NGIQ-BR-00000134,"Right Posterior superior temporal sulcus, Brainnetome 2_1",右侧颞上沟后部（Brainnetome 2-1）,pSTS_R_2_1,right,Posterior superior temporal sulcus,MANUAL_REVIEW_REQUIRED,,,,right,,,none,0,NO_CANDIDATE,sulcal region; no coarse gyrus concept in G1
NGIQ-BR-00000136,"Right Posterior superior temporal sulcus, Brainnetome 2_2",右侧颞上沟后部（Brainnetome 2-2）,pSTS_R_2_2,right,Posterior superior temporal sulcus,MANUAL_REVIEW_REQUIRED,,,,right,,,none,0,NO_CANDIDATE,sulcal region; no coarse gyrus concept in G1
NGIQ-BR-00000070,"Right Precentral gyrus, Brainnetome 6_1",右侧中央前回（Brainnetome 6-1）,PrG_R_6_1,right,Precentral gyrus,CANONICAL_NAME,NGIQ-BR-00000321,Right Precentral Gyrus,右中央前回,right,COARSE_AGGREGATION_CANDIDATE,authoritative_anatomical_mapping,high,1,AUTO_HIGH,
NGIQ-BR-00000072,"Right Precentral gyrus, Brainnetome 6_2",右侧中央前回（Brainnetome 6-2）,PrG_R_6_2,right,Precentral gyrus,CANONICAL_NAME,NGIQ-BR-00000321,Right Precentral Gyrus,右中央前回,right,COARSE_AGGREGATION_CANDIDATE,authoritative_anatomical_mapping,high,1,AUTO_HIGH,
NGIQ-BR-00000074,"Right Precentral gyrus, Brainnetome 6_3",右侧中央前回（Brainnetome 6-3）,PrG_R_6_3,right,Precentral gyrus,CANONICAL_NAME,NGIQ-BR-00000321,Right Precentral Gyrus,右中央前回,right,COARSE_AGGREGATION_CANDIDATE,authoritative_anatomical_mapping,high,1,AUTO_HIGH,
NGIQ-BR-00000076,"Right Precentral gyrus, Brainnetome 6_4",右侧中央前回（Brainnetome 6-4）,PrG_R_6_4,right,Precentral gyrus,CANONICAL_NAME,NGIQ-BR-00000321,Right Precentral Gyrus,右中央前回,right,COARSE_AGGREGATION_CANDIDATE,authoritative_anatomical_mapping,high,1,AUTO_HIGH,
NGIQ-BR-00000078,"Right Precentral gyrus, Brainnetome 6_5",右侧中央前回（Brainnetome 6-5）,PrG_R_6_5,right,Precentral gyrus,CANONICAL_NAME,NGIQ-BR-00000321,Right Precentral Gyrus,右中央前回,right,COARSE_AGGREGATION_CANDIDATE,authoritative_anatomical_mapping,high,1,AUTO_HIGH,
NGIQ-BR-00000080,"Right Precentral gyrus, Brainnetome 6_6",右侧中央前回（Brainnetome 6-6）,PrG_R_6_6,right,Precentral gyrus,CANONICAL_NAME,NGIQ-BR-00000321,Right Precentral Gyrus,右中央前回,right,COARSE_AGGREGATION_CANDIDATE,authoritative_anatomical_mapping,high,1,AUTO_HIGH,
NGIQ-BR-00000156,"Right Precuneus, Brainnetome 4_1",右侧楔前叶（Brainnetome 4-1）,PCun_R_4_1,right,Precuneus,CANONICAL_NAME,NGIQ-BR-00000322,Right Precuneus,右楔前叶,right,COARSE_AGGREGATION_CANDIDATE,authoritative_anatomical_mapping,high,1,AUTO_HIGH,
NGIQ-BR-00000158,"Right Precuneus, Brainnetome 4_2",右侧楔前叶（Brainnetome 4-2）,PCun_R_4_2,right,Precuneus,CANONICAL_NAME,NGIQ-BR-00000322,Right Precuneus,右楔前叶,right,COARSE_AGGREGATION_CANDIDATE,authoritative_anatomical_mapping,high,1,AUTO_HIGH,
NGIQ-BR-00000160,"Right Precuneus, Brainnetome 4_3",右侧楔前叶（Brainnetome 4-3）,PCun_R_4_3,right,Precuneus,CANONICAL_NAME,NGIQ-BR-00000322,Right Precuneus,右楔前叶,right,COARSE_AGGREGATION_CANDIDATE,authoritative_anatomical_mapping,high,1,AUTO_HIGH,
NGIQ-BR-00000162,"Right Precuneus, Brainnetome 4_4",右侧楔前叶（Brainnetome 4-4）,PCun_R_4_4,right,Precuneus,CANONICAL_NAME,NGIQ-BR-00000322,Right Precuneus,右楔前叶,right,COARSE_AGGREGATION_CANDIDATE,authoritative_anatomical_mapping,high,1,AUTO_HIGH,
NGIQ-BR-00000221,"Right Striatum (basal ganglia), Brainnetome 6_1",右侧纹状体（Brainnetome 6-1）,Str_R_6_1,right,Striatum (basal ganglia),MANUAL_REVIEW_REQUIRED,,Right Caudate Nucleus; Right Putamen; Right Nucleus Accumbens,,right,COARSE_AGGREGATION_CANDIDATE,,low,3,NEEDS_REVIEW,multiple coarse G1 candidates: caudate nucleus; putamen; nucleus accumbens
NGIQ-BR-00000223,"Right Striatum (basal ganglia), Brainnetome 6_2",右侧纹状体（Brainnetome 6-2）,Str_R_6_2,right,Striatum (basal ganglia),MANUAL_REVIEW_REQUIRED,,Right Caudate Nucleus; Right Putamen; Right Nucleus Accumbens,,right,COARSE_AGGREGATION_CANDIDATE,,low,3,NEEDS_REVIEW,multiple coarse G1 candidates: caudate nucleus; putamen; nucleus accumbens
NGIQ-BR-00000225,"Right Striatum (basal ganglia), Brainnetome 6_3",右侧纹状体（Brainnetome 6-3）,Str_R_6_3,right,Striatum (basal ganglia),MANUAL_REVIEW_REQUIRED,,Right Caudate Nucleus; Right Putamen; Right Nucleus Accumbens,,right,COARSE_AGGREGATION_CANDIDATE,,low,3,NEEDS_REVIEW,multiple coarse G1 candidates: caudate nucleus; putamen; nucleus accumbens
NGIQ-BR-00000227,"Right Striatum (basal ganglia), Brainnetome 6_4",右侧纹状体（Brainnetome 6-4）,Str_R_6_4,right,Striatum (basal ganglia),MANUAL_REVIEW_REQUIRED,,Right Caudate Nucleus; Right Putamen; Right Nucleus Accumbens,,right,COARSE_AGGREGATION_CANDIDATE,,low,3,NEEDS_REVIEW,multiple coarse G1 candidates: caudate nucleus; putamen; nucleus accumbens
NGIQ-BR-00000229,"Right Striatum (basal ganglia), Brainnetome 6_5",右侧纹状体（Brainnetome 6-5）,Str_R_6_5,right,Striatum (basal ganglia),MANUAL_REVIEW_REQUIRED,,Right Caudate Nucleus; Right Putamen; Right Nucleus Accumbens,,right,COARSE_AGGREGATION_CANDIDATE,,low,3,NEEDS_REVIEW,multiple coarse G1 candidates: caudate nucleus; putamen; nucleus accumbens
NGIQ-BR-00000231,"Right Striatum (basal ganglia), Brainnetome 6_6",右侧纹状体（Brainnetome 6-6）,Str_R_6_6,right,Striatum (basal ganglia),MANUAL_REVIEW_REQUIRED,,Right Caudate Nucleus; Right Putamen; Right Nucleus Accumbens,,right,COARSE_AGGREGATION_CANDIDATE,,low,3,NEEDS_REVIEW,multiple coarse G1 candidates: caudate nucleus; putamen; nucleus accumbens
NGIQ-BR-00000002,"Right Superior frontal gyrus, Brainnetome 7_1",右侧额上回（Brainnetome 7-1）,SFG_R_7_1,right,Superior frontal gyrus,CANONICAL_NAME,NGIQ-BR-00000325,Right Superior Frontal Gyrus,右额上回,right,COARSE_AGGREGATION_CANDIDATE,authoritative_anatomical_mapping,high,1,AUTO_HIGH,
NGIQ-BR-00000022,"Right Superior frontal gyrus, Brainnetome 7_2",右侧额上回（Brainnetome 7-2）,SFG_R_7_2,right,Superior frontal gyrus,CANONICAL_NAME,NGIQ-BR-00000325,Right Superior Frontal Gyrus,右额上回,right,COARSE_AGGREGATION_CANDIDATE,authoritative_anatomical_mapping,high,1,AUTO_HIGH,
NGIQ-BR-00000024,"Right Superior frontal gyrus, Brainnetome 7_3",右侧额上回（Brainnetome 7-3）,SFG_R_7_3,right,Superior frontal gyrus,CANONICAL_NAME,NGIQ-BR-00000325,Right Superior Frontal Gyrus,右额上回,right,COARSE_AGGREGATION_CANDIDATE,authoritative_anatomical_mapping,high,1,AUTO_HIGH,
NGIQ-BR-00000026,"Right Superior frontal gyrus, Brainnetome 7_4",右侧额上回（Brainnetome 7-4）,SFG_R_7_4,right,Superior frontal gyrus,CANONICAL_NAME,NGIQ-BR-00000325,Right Superior Frontal Gyrus,右额上回,right,COARSE_AGGREGATION_CANDIDATE,authoritative_anatomical_mapping,high,1,AUTO_HIGH,
NGIQ-BR-00000028,"Right Superior frontal gyrus, Brainnetome 7_5",右侧额上回（Brainnetome 7-5）,SFG_R_7_5,right,Superior frontal gyrus,CANONICAL_NAME,NGIQ-BR-00000325,Right Superior Frontal Gyrus,右额上回,right,COARSE_AGGREGATION_CANDIDATE,authoritative_anatomical_mapping,high,1,AUTO_HIGH,
NGIQ-BR-00000030,"Right Superior frontal gyrus, Brainnetome 7_6",右侧额上回（Brainnetome 7-6）,SFG_R_7_6,right,Superior frontal gyrus,CANONICAL_NAME,NGIQ-BR-00000325,Right Superior Frontal Gyrus,右额上回,right,COARSE_AGGREGATION_CANDIDATE,authoritative_anatomical_mapping,high,1,AUTO_HIGH,
NGIQ-BR-00000032,"Right Superior frontal gyrus, Brainnetome 7_7",右侧额上回（Brainnetome 7-7）,SFG_R_7_7,right,Superior frontal gyrus,CANONICAL_NAME,NGIQ-BR-00000325,Right Superior Frontal Gyrus,右额上回,right,COARSE_AGGREGATION_CANDIDATE,authoritative_anatomical_mapping,high,1,AUTO_HIGH,
NGIQ-BR-00000212,"Right Superior lateral occipital cortex, Brainnetome 2_1",右侧上外侧枕叶皮层（Brainnetome 2-1）,sOcG_R_2_1,right,Superior lateral occipital cortex,CANONICAL_NAME,NGIQ-BR-00000308,Right Lateral Occipital Cortex,右外侧枕叶皮质,right,COARSE_AGGREGATION_CANDIDATE,authoritative_anatomical_mapping,high,1,AUTO_HIGH,
NGIQ-BR-00000214,"Right Superior lateral occipital cortex, Brainnetome 2_2",右侧上外侧枕叶皮层（Brainnetome 2-2）,sOcG_R_2_2,right,Superior lateral occipital cortex,CANONICAL_NAME,NGIQ-BR-00000308,Right Lateral Occipital Cortex,右外侧枕叶皮质,right,COARSE_AGGREGATION_CANDIDATE,authoritative_anatomical_mapping,high,1,AUTO_HIGH,
NGIQ-BR-00000010,"Right Superior parietal lobule, Brainnetome 5_1",右侧顶上小叶（Brainnetome 5-1）,SPL_R_5_1,right,Superior parietal lobule,CANONICAL_NAME,NGIQ-BR-00000326,Right Superior Parietal Lobule,右顶上小叶,right,COARSE_AGGREGATION_CANDIDATE,authoritative_anatomical_mapping,high,1,AUTO_HIGH,
NGIQ-BR-00000138,"Right Superior parietal lobule, Brainnetome 5_2",右侧顶上小叶（Brainnetome 5-2）,SPL_R_5_2,right,Superior parietal lobule,CANONICAL_NAME,NGIQ-BR-00000326,Right Superior Parietal Lobule,右顶上小叶,right,COARSE_AGGREGATION_CANDIDATE,authoritative_anatomical_mapping,high,1,AUTO_HIGH,
NGIQ-BR-00000140,"Right Superior parietal lobule, Brainnetome 5_3",右侧顶上小叶（Brainnetome 5-3）,SPL_R_5_3,right,Superior parietal lobule,CANONICAL_NAME,NGIQ-BR-00000326,Right Superior Parietal Lobule,右顶上小叶,right,COARSE_AGGREGATION_CANDIDATE,authoritative_anatomical_mapping,high,1,AUTO_HIGH,
NGIQ-BR-00000142,"Right Superior parietal lobule, Brainnetome 5_4",右侧顶上小叶（Brainnetome 5-4）,SPL_R_5_4,right,Superior parietal lobule,CANONICAL_NAME,NGIQ-BR-00000326,Right Superior Parietal Lobule,右顶上小叶,right,COARSE_AGGREGATION_CANDIDATE,authoritative_anatomical_mapping,high,1,AUTO_HIGH,
NGIQ-BR-00000144,"Right Superior parietal lobule, Brainnetome 5_5",右侧顶上小叶（Brainnetome 5-5）,SPL_R_5_5,right,Superior parietal lobule,CANONICAL_NAME,NGIQ-BR-00000326,Right Superior Parietal Lobule,右顶上小叶,right,COARSE_AGGREGATION_CANDIDATE,authoritative_anatomical_mapping,high,1,AUTO_HIGH,
NGIQ-BR-00000006,"Right Superior temporal gyrus, Brainnetome 6_1",右侧颞上回（Brainnetome 6-1）,STG_R_6_1,right,Superior temporal gyrus,CANONICAL_NAME,NGIQ-BR-00000327,Right Superior Temporal Gyrus,右颞上回,right,COARSE_AGGREGATION_CANDIDATE,authoritative_anatomical_mapping,high,1,AUTO_HIGH,
NGIQ-BR-00000086,"Right Superior temporal gyrus, Brainnetome 6_2",右侧颞上回（Brainnetome 6-2）,STG_R_6_2,right,Superior temporal gyrus,CANONICAL_NAME,NGIQ-BR-00000327,Right Superior Temporal Gyrus,右颞上回,right,COARSE_AGGREGATION_CANDIDATE,authoritative_anatomical_mapping,high,1,AUTO_HIGH,
NGIQ-BR-00000088,"Right Superior temporal gyrus, Brainnetome 6_3",右侧颞上回（Brainnetome 6-3）,STG_R_6_3,right,Superior temporal gyrus,CANONICAL_NAME,NGIQ-BR-00000327,Right Superior Temporal Gyrus,右颞上回,right,COARSE_AGGREGATION_CANDIDATE,authoritative_anatomical_mapping,high,1,AUTO_HIGH,
NGIQ-BR-00000090,"Right Superior temporal gyrus, Brainnetome 6_4",右侧颞上回（Brainnetome 6-4）,STG_R_6_4,right,Superior temporal gyrus,CANONICAL_NAME,NGIQ-BR-00000327,Right Superior Temporal Gyrus,右颞上回,right,COARSE_AGGREGATION_CANDIDATE,authoritative_anatomical_mapping,high,1,AUTO_HIGH,
NGIQ-BR-00000092,"Right Superior temporal gyrus, Brainnetome 6_5",右侧颞上回（Brainnetome 6-5）,STG_R_6_5,right,Superior temporal gyrus,CANONICAL_NAME,NGIQ-BR-00000327,Right Superior Temporal Gyrus,右颞上回,right,COARSE_AGGREGATION_CANDIDATE,authoritative_anatomical_mapping,high,1,AUTO_HIGH,
NGIQ-BR-00000094,"Right Superior temporal gyrus, Brainnetome 6_6",右侧颞上回（Brainnetome 6-6）,STG_R_6_6,right,Superior temporal gyrus,CANONICAL_NAME,NGIQ-BR-00000327,Right Superior Temporal Gyrus,右颞上回,right,COARSE_AGGREGATION_CANDIDATE,authoritative_anatomical_mapping,high,1,AUTO_HIGH,
NGIQ-BR-00000232,"Right Thalamus, Brainnetome 8_1",右侧丘脑（Brainnetome 8-1）,Th_R_8_1,right,Thalamus,CANONICAL_NAME,NGIQ-BR-00000256,Right Thalamus,右丘脑,right,COARSE_AGGREGATION_CANDIDATE,authoritative_anatomical_mapping,high,1,AUTO_HIGH,
NGIQ-BR-00000234,"Right Thalamus, Brainnetome 8_2",右侧丘脑（Brainnetome 8-2）,Th_R_8_2,right,Thalamus,CANONICAL_NAME,NGIQ-BR-00000256,Right Thalamus,右丘脑,right,COARSE_AGGREGATION_CANDIDATE,authoritative_anatomical_mapping,high,1,AUTO_HIGH,
NGIQ-BR-00000236,"Right Thalamus, Brainnetome 8_3",右侧丘脑（Brainnetome 8-3）,Th_R_8_3,right,Thalamus,CANONICAL_NAME,NGIQ-BR-00000256,Right Thalamus,右丘脑,right,COARSE_AGGREGATION_CANDIDATE,authoritative_anatomical_mapping,high,1,AUTO_HIGH,
NGIQ-BR-00000238,"Right Thalamus, Brainnetome 8_4",右侧丘脑（Brainnetome 8-4）,Th_R_8_4,right,Thalamus,CANONICAL_NAME,NGIQ-BR-00000256,Right Thalamus,右丘脑,right,COARSE_AGGREGATION_CANDIDATE,authoritative_anatomical_mapping,high,1,AUTO_HIGH,
NGIQ-BR-00000240,"Right Thalamus, Brainnetome 8_5",右侧丘脑（Brainnetome 8-5）,Th_R_8_5,right,Thalamus,CANONICAL_NAME,NGIQ-BR-00000256,Right Thalamus,右丘脑,right,COARSE_AGGREGATION_CANDIDATE,authoritative_anatomical_mapping,high,1,AUTO_HIGH,
NGIQ-BR-00000242,"Right Thalamus, Brainnetome 8_6",右侧丘脑（Brainnetome 8-6）,Th_R_8_6,right,Thalamus,CANONICAL_NAME,NGIQ-BR-00000256,Right Thalamus,右丘脑,right,COARSE_AGGREGATION_CANDIDATE,authoritative_anatomical_mapping,high,1,AUTO_HIGH,
NGIQ-BR-00000244,"Right Thalamus, Brainnetome 8_7",右侧丘脑（Brainnetome 8-7）,Th_R_8_7,right,Thalamus,CANONICAL_NAME,NGIQ-BR-00000256,Right Thalamus,右丘脑,right,COARSE_AGGREGATION_CANDIDATE,authoritative_anatomical_mapping,high,1,AUTO_HIGH,
NGIQ-BR-00000246,"Right Thalamus, Brainnetome 8_8",右侧丘脑（Brainnetome 8-8）,Th_R_8_8,right,Thalamus,CANONICAL_NAME,NGIQ-BR-00000256,Right Thalamus,右丘脑,right,COARSE_AGGREGATION_CANDIDATE,authoritative_anatomical_mapping,high,1,AUTO_HIGH,
