pair_id,family,modified_name,seed_dk_constituents,left_parcel_id,left_g3,left_authority,left_top1_dk,left_top1_g1,left_top1_cov,left_top2_dk,left_top2_cov,left_margin,left_non_g1,left_n_dk,right_parcel_id,right_g3,right_authority,right_top1_dk,right_top1_g1,right_top1_cov,right_top2_dk,right_top2_cov,right_margin,right_non_g1,right_n_dk,bilateral_status,review_tags,special_case
MFG_7_1,MFG,dorsal area 9/46,Anterior and Posterior part of Middle Frontal Gyrus,15,NGIQ-BR-00000033,PENDING_HUMAN_REVIEW,rostralmiddlefrontal,Left Rostral Middle Frontal Cortex,0.953149,superiorfrontal,0.046851,0.906299,0.0,2,16,NGIQ-BR-00000034,PENDING_HUMAN_REVIEW,rostralmiddlefrontal,Right Rostral Middle Frontal Cortex,0.820144,caudalmiddlefrontal,0.131552,0.688592,0.0,3,ASYMMETRIC_COVERAGE,MID_SPATIAL_CONCORDANCE,no
MFG_7_2,MFG,inferior frontal junction,Anterior and Posterior part of Middle Frontal Gyrus,17,NGIQ-BR-00000035,PENDING_HUMAN_REVIEW,caudalmiddlefrontal,Left Caudal Middle Frontal Gyrus,0.767627,rostralmiddlefrontal,0.22195,0.545677,0.0,3,18,NGIQ-BR-00000036,PENDING_HUMAN_REVIEW,caudalmiddlefrontal,Right Caudal Middle Frontal Gyrus,0.942857,rostralmiddlefrontal,0.043206,0.899652,0.0,3,ASYMMETRIC_COVERAGE,MID_SPATIAL_CONCORDANCE,no
MFG_7_3,MFG,area 46,Anterior and Posterior part of Middle Frontal Gyrus,19,NGIQ-BR-00000037,PENDING_HUMAN_REVIEW,rostralmiddlefrontal,Left Rostral Middle Frontal Cortex,0.993798,superiorfrontal,0.006202,0.987597,0.0,2,20,NGIQ-BR-00000038,PENDING_HUMAN_REVIEW,rostralmiddlefrontal,Right Rostral Middle Frontal Cortex,1.0,,0.0,1.0,0.0,1,SAME_TOP1_TARGET,HIGH_SPATIAL_CONCORDANCE,no
MFG_7_4,MFG,ventral area 9/46,Anterior and Posterior part of Middle Frontal Gyrus,21,NGIQ-BR-00000039,PENDING_HUMAN_REVIEW,rostralmiddlefrontal,Left Rostral Middle Frontal Cortex,1.0,,0.0,1.0,0.0,1,22,NGIQ-BR-00000040,PENDING_HUMAN_REVIEW,rostralmiddlefrontal,Right Rostral Middle Frontal Cortex,0.975517,parstriangularis,0.012514,0.963003,0.0,3,SAME_TOP1_TARGET,HIGH_SPATIAL_CONCORDANCE,no
MFG_7_5,MFG,ventrolateral area 8,Anterior and Posterior part of Middle Frontal Gyrus,23,NGIQ-BR-00000041,PENDING_HUMAN_REVIEW,caudalmiddlefrontal,Left Caudal Middle Frontal Gyrus,0.642631,rostralmiddlefrontal,0.350411,0.29222,0.0,3,24,NGIQ-BR-00000042,PENDING_HUMAN_REVIEW,rostralmiddlefrontal,Right Rostral Middle Frontal Cortex,0.637713,caudalmiddlefrontal,0.362287,0.275427,0.0,2,DIFFERENT_TOP1_TARGET,BILATERAL_TARGET_DISAGREEMENT;BOUNDARY_LIKE,no
MFG_7_6,MFG,ventrolateral area 6,Anterior and Posterior part of Middle Frontal Gyrus,25,NGIQ-BR-00000043,PENDING_HUMAN_REVIEW,caudalmiddlefrontal,Left Caudal Middle Frontal Gyrus,0.964172,superiorfrontal,0.029459,0.934713,0.0,3,26,NGIQ-BR-00000044,PENDING_HUMAN_REVIEW,caudalmiddlefrontal,Right Caudal Middle Frontal Gyrus,0.958541,superiorfrontal,0.04063,0.91791,0.0,3,SAME_TOP1_TARGET,HIGH_SPATIAL_CONCORDANCE,no
MFG_7_7,MFG,lateral area 10,Anterior and Posterior part of Middle Frontal Gyrus,27,NGIQ-BR-00000045,PENDING_HUMAN_REVIEW,rostralmiddlefrontal,Left Rostral Middle Frontal Cortex,0.932464,superiorfrontal,0.031466,0.900998,0.002302,5,28,NGIQ-BR-00000046,PENDING_HUMAN_REVIEW,rostralmiddlefrontal,Right Rostral Middle Frontal Cortex,0.93571,parsorbitalis,0.028644,0.907066,0.0,4,SAME_TOP1_TARGET,HIGH_SPATIAL_CONCORDANCE;NON_G1_COMPONENT_PRESENT,no
IFG_6_1,IFG,dorsal area 44,Pars Opercularis; Pars Triangularis,29,NGIQ-BR-00000003,PENDING_HUMAN_REVIEW,parsopercularis,"Left Inferior Frontal Gyrus, Pars Opercularis",0.96732,caudalmiddlefrontal,0.03268,0.934641,0.0,2,30,NGIQ-BR-00000004,PENDING_HUMAN_REVIEW,parsopercularis,"Right Inferior Frontal Gyrus, Pars Opercularis",0.72323,rostralmiddlefrontal,0.241379,0.481851,0.0,4,ASYMMETRIC_COVERAGE,MID_SPATIAL_CONCORDANCE,no
IFG_6_2,IFG,inferior frontal sulcus,Pars Opercularis; Pars Triangularis,31,NGIQ-BR-00000047,NO_G1_ROLLUP,parsopercularis,"Left Inferior Frontal Gyrus, Pars Opercularis",0.459574,parstriangularis,0.363121,0.096454,0.0,3,32,NGIQ-BR-00000048,NO_G1_ROLLUP,parstriangularis,"Right Inferior Frontal Gyrus, Pars Triangularis",0.726351,rostralmiddlefrontal,0.165541,0.560811,0.0,3,DIFFERENT_TOP1_TARGET,BILATERAL_TARGET_DISAGREEMENT;BOUNDARY_LIKE,no
IFG_6_3,IFG,caudal area 45,Pars Opercularis; Pars Triangularis,33,NGIQ-BR-00000049,PENDING_HUMAN_REVIEW,parsopercularis,"Left Inferior Frontal Gyrus, Pars Opercularis",0.68541,parstriangularis,0.31459,0.370821,0.0,2,34,NGIQ-BR-00000050,PENDING_HUMAN_REVIEW,parsopercularis,"Right Inferior Frontal Gyrus, Pars Opercularis",0.516605,parstriangularis,0.483395,0.03321,0.0,2,ASYMMETRIC_COVERAGE,BOUNDARY_LIKE,no
IFG_6_4,IFG,rostral area 45,Pars Opercularis; Pars Triangularis,35,NGIQ-BR-00000051,PENDING_HUMAN_REVIEW,parstriangularis,"Left Inferior Frontal Gyrus, Pars Triangularis",0.92587,rostralmiddlefrontal,0.07413,0.85174,0.0,2,36,NGIQ-BR-00000052,PENDING_HUMAN_REVIEW,parstriangularis,"Right Inferior Frontal Gyrus, Pars Triangularis",1.0,,0.0,1.0,0.0,1,SAME_TOP1_TARGET,HIGH_SPATIAL_CONCORDANCE,no
IFG_6_5,IFG,opercular area 44,Pars Opercularis; Pars Triangularis,37,NGIQ-BR-00000053,PENDING_HUMAN_REVIEW,parstriangularis,"Left Inferior Frontal Gyrus, Pars Triangularis",0.583855,parsopercularis,0.399443,0.184412,0.0,4,38,NGIQ-BR-00000054,PENDING_HUMAN_REVIEW,parstriangularis,"Right Inferior Frontal Gyrus, Pars Triangularis",0.530909,parsopercularis,0.437576,0.093333,0.0,5,SAME_TOP1_TARGET,BOUNDARY_LIKE,no
IFG_6_6,IFG,ventral area 44,Pars Opercularis; Pars Triangularis,39,NGIQ-BR-00000055,PENDING_HUMAN_REVIEW,parsopercularis,"Left Inferior Frontal Gyrus, Pars Opercularis",0.992296,precentral,0.007704,0.984592,0.0,2,40,NGIQ-BR-00000056,PENDING_HUMAN_REVIEW,parsopercularis,"Right Inferior Frontal Gyrus, Pars Opercularis",0.886726,precentral,0.113274,0.773451,0.0,2,ASYMMETRIC_COVERAGE,MID_SPATIAL_CONCORDANCE,no
OrG_6_1,OrG,medial area 14,Pars Orbitalis; Lateral and Medial Divisions of Orbital Gyrus; Frontal Pole,41,NGIQ-BR-00000057,PENDING_HUMAN_REVIEW,medialorbitofrontal,Left Medial Orbitofrontal Cortex,0.808187,frontalpole,0.098246,0.715789,0.098246,4,42,NGIQ-BR-00000058,PENDING_HUMAN_REVIEW,medialorbitofrontal,Right Medial Orbitofrontal Cortex,0.895669,rostralanteriorcingulate,0.058071,0.837598,0.0,3,SAME_TOP1_TARGET,MID_SPATIAL_CONCORDANCE;NON_G1_COMPONENT_PRESENT,no
OrG_6_2,OrG,orbital area 12/47,Pars Orbitalis; Lateral and Medial Divisions of Orbital Gyrus; Frontal Pole,43,NGIQ-BR-00000059,PENDING_HUMAN_REVIEW,lateralorbitofrontal,Left Lateral Orbitofrontal Cortex,0.581366,parsorbitalis,0.418634,0.162733,0.0,2,44,NGIQ-BR-00000060,PENDING_HUMAN_REVIEW,parsorbitalis,"Right Inferior Frontal Gyrus, Pars Orbitalis",0.620155,lateralorbitofrontal,0.379845,0.24031,0.0,2,DIFFERENT_TOP1_TARGET,BILATERAL_TARGET_DISAGREEMENT;BOUNDARY_LIKE,no
OrG_6_3,OrG,lateral area 11,Pars Orbitalis; Lateral and Medial Divisions of Orbital Gyrus; Frontal Pole,45,NGIQ-BR-00000061,PENDING_HUMAN_REVIEW,lateralorbitofrontal,Left Lateral Orbitofrontal Cortex,0.99013,parsorbitalis,0.00987,0.980259,0.0,2,46,NGIQ-BR-00000062,PENDING_HUMAN_REVIEW,lateralorbitofrontal,Right Lateral Orbitofrontal Cortex,0.956455,insula,0.024446,0.932009,0.0,4,SAME_TOP1_TARGET,HIGH_SPATIAL_CONCORDANCE,no
OrG_6_4,OrG,medial area 11,Pars Orbitalis; Lateral and Medial Divisions of Orbital Gyrus; Frontal Pole,47,NGIQ-BR-00000063,PENDING_HUMAN_REVIEW,medialorbitofrontal,Left Medial Orbitofrontal Cortex,0.569787,lateralorbitofrontal,0.237274,0.332512,0.151888,4,48,NGIQ-BR-00000064,PENDING_HUMAN_REVIEW,medialorbitofrontal,Right Medial Orbitofrontal Cortex,0.563107,frontalpole,0.275579,0.452577,0.275579,5,SAME_TOP1_TARGET,BOUNDARY_LIKE;NON_G1_COMPONENT_PRESENT,no
OrG_6_5,OrG,area 13,Pars Orbitalis; Lateral and Medial Divisions of Orbital Gyrus; Frontal Pole,49,NGIQ-BR-00000065,PENDING_HUMAN_REVIEW,medialorbitofrontal,Left Medial Orbitofrontal Cortex,0.60663,lateralorbitofrontal,0.357249,0.249381,0.0,4,50,NGIQ-BR-00000066,PENDING_HUMAN_REVIEW,medialorbitofrontal,Right Medial Orbitofrontal Cortex,0.569756,lateralorbitofrontal,0.403259,0.166497,0.0,4,SAME_TOP1_TARGET,BOUNDARY_LIKE,no
OrG_6_6,OrG,lateral area 12/47,Pars Orbitalis; Lateral and Medial Divisions of Orbital Gyrus; Frontal Pole,51,NGIQ-BR-00000067,PENDING_HUMAN_REVIEW,lateralorbitofrontal,Left Lateral Orbitofrontal Cortex,0.506073,parsorbitalis,0.391363,0.11471,0.0,4,52,NGIQ-BR-00000068,PENDING_HUMAN_REVIEW,lateralorbitofrontal,Right Lateral Orbitofrontal Cortex,0.495957,parsorbitalis,0.401617,0.09434,0.0,5,SAME_TOP1_TARGET,BOUNDARY_LIKE,no
STG_6_1,STG,medial area 38,Superior Temporal Gyrus; Temporal Pole; Transverse Temporal Cortex,69,NGIQ-BR-00000005,PENDING_HUMAN_REVIEW,temporalpole,Left Superior Temporal Gyrus,0.154762,superiortemporal,0.154762,0.100733,0.752747,6,70,NGIQ-BR-00000006,PENDING_HUMAN_REVIEW,temporalpole,Right Superior Temporal Gyrus,0.147059,superiortemporal,0.147059,0.105664,0.794118,6,SAME_TOP1_TARGET,BOUNDARY_LIKE;NON_G1_COMPONENT_PRESENT,no
STG_6_2,STG,area 41/42,Superior Temporal Gyrus; Temporal Pole; Transverse Temporal Cortex,71,NGIQ-BR-00000085,PENDING_HUMAN_REVIEW,superiortemporal,Left Superior Temporal Gyrus,0.961657,transversetemporal,0.028448,0.93321,0.0,3,72,NGIQ-BR-00000086,PENDING_HUMAN_REVIEW,superiortemporal,Right Superior Temporal Gyrus,0.865783,transversetemporal,0.126761,0.739022,0.0,3,SAME_TOP1_TARGET,MID_SPATIAL_CONCORDANCE,no
STG_6_3,STG,TE1.0 and TE1.2,Superior Temporal Gyrus; Temporal Pole; Transverse Temporal Cortex,73,NGIQ-BR-00000087,PENDING_HUMAN_REVIEW,superiortemporal,Left Superior Temporal Gyrus,0.570241,transversetemporal,0.429322,0.140919,0.0,3,74,NGIQ-BR-00000088,PENDING_HUMAN_REVIEW,superiortemporal,Right Superior Temporal Gyrus,0.675108,transversetemporal,0.304957,0.370151,0.0,3,ASYMMETRIC_COVERAGE,BOUNDARY_LIKE,no
STG_6_4,STG,caudal area 22,Superior Temporal Gyrus; Temporal Pole; Transverse Temporal Cortex,75,NGIQ-BR-00000089,PENDING_HUMAN_REVIEW,superiortemporal,Left Superior Temporal Gyrus,0.954993,bankssts,0.043601,0.953586,0.043601,3,76,NGIQ-BR-00000090,PENDING_HUMAN_REVIEW,superiortemporal,Right Superior Temporal Gyrus,0.958685,bankssts,0.040472,0.957841,0.040472,3,SAME_TOP1_TARGET,HIGH_SPATIAL_CONCORDANCE;NON_G1_COMPONENT_PRESENT,no
STG_6_5,STG,lateral area 38,Superior Temporal Gyrus; Temporal Pole; Transverse Temporal Cortex,77,NGIQ-BR-00000091,PENDING_HUMAN_REVIEW,superiortemporal,Left Superior Temporal Gyrus,0.957774,insula,0.042226,0.915547,0.0,2,78,NGIQ-BR-00000092,PENDING_HUMAN_REVIEW,superiortemporal,Right Superior Temporal Gyrus,0.965749,insula,0.034251,0.931498,0.0,2,SAME_TOP1_TARGET,HIGH_SPATIAL_CONCORDANCE,no
STG_6_6,STG,rostral area 22,Superior Temporal Gyrus; Temporal Pole; Transverse Temporal Cortex,79,NGIQ-BR-00000093,PENDING_HUMAN_REVIEW,superiortemporal,Left Superior Temporal Gyrus,0.994943,middletemporal,0.005057,0.989886,0.0,2,80,NGIQ-BR-00000094,PENDING_HUMAN_REVIEW,superiortemporal,Right Superior Temporal Gyrus,0.970827,bankssts,0.029173,0.970827,0.029173,2,SAME_TOP1_TARGET,HIGH_SPATIAL_CONCORDANCE;NON_G1_COMPONENT_PRESENT,no
PhG_6_1,PhG,rostral area 35/36,Entorhinal Area; Parahippocampal Gyrus,109,NGIQ-BR-00000121,PENDING_HUMAN_REVIEW,entorhinal,Left Entorhinal Cortex,0.974747,fusiform,0.025253,0.949495,0.0,2,110,NGIQ-BR-00000122,PENDING_HUMAN_REVIEW,entorhinal,Right Entorhinal Cortex,0.903571,fusiform,0.096429,0.807143,0.0,2,SAME_TOP1_TARGET,HIGH_SPATIAL_CONCORDANCE,no
PhG_6_2,PhG,caudal area 35/36,Entorhinal Area; Parahippocampal Gyrus,111,NGIQ-BR-00000123,PENDING_HUMAN_REVIEW,parahippocampal,Left Parahippocampal Gyrus,0.928191,entorhinal,0.071809,0.856383,0.0,2,112,NGIQ-BR-00000124,PENDING_HUMAN_REVIEW,parahippocampal,Right Parahippocampal Gyrus,0.951482,entorhinal,0.040431,0.911051,0.0,3,SAME_TOP1_TARGET,HIGH_SPATIAL_CONCORDANCE,no
PhG_6_3,PhG,"area TL (lateral PPHC, posterior parahippocampal gyrus)",Entorhinal Area; Parahippocampal Gyrus,113,NGIQ-BR-00000125,PENDING_HUMAN_REVIEW,parahippocampal,Left Parahippocampal Gyrus,0.979133,fusiform,0.020867,0.958266,0.0,2,114,NGIQ-BR-00000126,PENDING_HUMAN_REVIEW,parahippocampal,Right Parahippocampal Gyrus,0.836466,fusiform,0.163534,0.672932,0.0,2,ASYMMETRIC_COVERAGE,MID_SPATIAL_CONCORDANCE,no
PhG_6_4,PhG,"area 28/34 (EC, entorhinal cortex)",Entorhinal Area; Parahippocampal Gyrus,115,NGIQ-BR-00000127,PENDING_HUMAN_REVIEW,entorhinal,Left Entorhinal Cortex,0.607046,parahippocampal,0.392954,0.214092,0.0,2,116,NGIQ-BR-00000128,PENDING_HUMAN_REVIEW,entorhinal,Right Entorhinal Cortex,0.693798,parahippocampal,0.306202,0.387597,0.0,2,SAME_TOP1_TARGET,BOUNDARY_LIKE,no
PhG_6_5,PhG,area TI(temporal agranular insular cortex),Entorhinal Area; Parahippocampal Gyrus,117,NGIQ-BR-00000129,PENDING_HUMAN_REVIEW,entorhinal,Left Entorhinal Cortex,0.833333,temporalpole,0.114583,0.78125,0.114583,3,118,NGIQ-BR-00000130,PENDING_HUMAN_REVIEW,entorhinal,Right Entorhinal Cortex,0.977654,temporalpole,0.022346,0.977654,0.022346,2,ASYMMETRIC_COVERAGE,MID_SPATIAL_CONCORDANCE;NON_G1_COMPONENT_PRESENT,no
PhG_6_6,PhG,area TH (medial PPHC),Entorhinal Area; Parahippocampal Gyrus,119,NGIQ-BR-00000131,PENDING_HUMAN_REVIEW,parahippocampal,Left Parahippocampal Gyrus,0.896471,lingual,0.077647,0.818824,0.0,3,120,NGIQ-BR-00000132,PENDING_HUMAN_REVIEW,parahippocampal,Right Parahippocampal Gyrus,0.995833,lingual,0.004167,0.991667,0.0,2,SAME_TOP1_TARGET,MID_SPATIAL_CONCORDANCE,no
IPL_6_1,IPL,caudal area 39(PGp),Inferior Parietal Lobule; Supramarginal Gyrus,135,NGIQ-BR-00000011,PENDING_HUMAN_REVIEW,inferiorparietal,Left Inferior Parietal Lobule,0.969985,superiorparietal,0.025013,0.944972,0.0,3,136,NGIQ-BR-00000012,PENDING_HUMAN_REVIEW,inferiorparietal,Right Inferior Parietal Lobule,0.98316,middletemporal,0.014435,0.968725,0.0,4,SAME_TOP1_TARGET,HIGH_SPATIAL_CONCORDANCE,no
IPL_6_2,IPL,rostrodorsal area 39(Hip3),Inferior Parietal Lobule; Supramarginal Gyrus,137,NGIQ-BR-00000145,PENDING_HUMAN_REVIEW,inferiorparietal,Left Inferior Parietal Lobule,0.794705,supramarginal,0.112016,0.682688,0.0,3,138,NGIQ-BR-00000146,PENDING_HUMAN_REVIEW,inferiorparietal,Right Inferior Parietal Lobule,0.927823,superiorparietal,0.072177,0.855647,0.0,2,ASYMMETRIC_COVERAGE,MID_SPATIAL_CONCORDANCE,no
IPL_6_3,IPL,rostrodorsal area 40(PFt),Inferior Parietal Lobule; Supramarginal Gyrus,139,NGIQ-BR-00000147,PENDING_HUMAN_REVIEW,supramarginal,Left Supramarginal Gyrus,0.974017,postcentral,0.022121,0.951896,0.0,3,140,NGIQ-BR-00000148,PENDING_HUMAN_REVIEW,supramarginal,Right Supramarginal Gyrus,0.794611,inferiorparietal,0.178442,0.616168,0.0,4,ASYMMETRIC_COVERAGE,MID_SPATIAL_CONCORDANCE,no
IPL_6_4,IPL,caudal area 40(PFm),Inferior Parietal Lobule; Supramarginal Gyrus,141,NGIQ-BR-00000149,PENDING_HUMAN_REVIEW,supramarginal,Left Supramarginal Gyrus,0.82732,inferiorparietal,0.154466,0.672855,0.0,3,142,NGIQ-BR-00000150,PENDING_HUMAN_REVIEW,supramarginal,Right Supramarginal Gyrus,0.695634,inferiorparietal,0.299279,0.396354,0.0,3,ASYMMETRIC_COVERAGE,BOUNDARY_LIKE,no
IPL_6_5,IPL,rostroventral area 39(PGa),Inferior Parietal Lobule; Supramarginal Gyrus,143,NGIQ-BR-00000151,PENDING_HUMAN_REVIEW,inferiorparietal,Left Inferior Parietal Lobule,0.901837,supramarginal,0.085247,0.81659,0.004592,5,144,NGIQ-BR-00000152,PENDING_HUMAN_REVIEW,inferiorparietal,Right Inferior Parietal Lobule,0.917989,supramarginal,0.049386,0.868602,0.027237,4,SAME_TOP1_TARGET,HIGH_SPATIAL_CONCORDANCE;NON_G1_COMPONENT_PRESENT,no
IPL_6_6,IPL,rostroventral area 40(PFop),Inferior Parietal Lobule; Supramarginal Gyrus,145,NGIQ-BR-00000153,PENDING_HUMAN_REVIEW,supramarginal,Left Supramarginal Gyrus,0.970365,superiortemporal,0.018432,0.951934,0.0,4,146,NGIQ-BR-00000154,PENDING_HUMAN_REVIEW,supramarginal,Right Supramarginal Gyrus,0.965971,postcentral,0.018561,0.947409,0.0,5,SAME_TOP1_TARGET,HIGH_SPATIAL_CONCORDANCE,no
CG_7_1,CG,dorsal area 23,Anterior Cingulate Gyrus; Posterior Cingulate Gyrus; Caudal Part of Anterior Cingulate Gyrus; Isthmus of Cingulate Gyrus,175,NGIQ-BR-00000181,PENDING_HUMAN_REVIEW,isthmuscingulate,Left Isthmus Of Cingulate Gyrus,0.608768,posteriorcingulate,0.378825,0.229942,0.0,3,176,NGIQ-BR-00000182,PENDING_HUMAN_REVIEW,isthmuscingulate,Right Isthmus Of Cingulate Gyrus,0.616038,posteriorcingulate,0.346226,0.269811,0.0,3,SAME_TOP1_TARGET,BOUNDARY_LIKE,no
CG_7_2,CG,rostroventral area 24,Anterior Cingulate Gyrus; Posterior Cingulate Gyrus; Caudal Part of Anterior Cingulate Gyrus; Isthmus of Cingulate Gyrus,177,NGIQ-BR-00000183,PENDING_HUMAN_REVIEW,caudalanteriorcingulate,Left Caudal Anterior Cingulate Cortex,0.57441,posteriorcingulate,0.372958,0.201452,0.0,3,178,NGIQ-BR-00000184,PENDING_HUMAN_REVIEW,caudalanteriorcingulate,Right Caudal Anterior Cingulate Cortex,0.474679,rostralanteriorcingulate,0.272113,0.202566,0.0,4,SAME_TOP1_TARGET,BOUNDARY_LIKE,no
CG_7_3,CG,pregenual area 32,Anterior Cingulate Gyrus; Posterior Cingulate Gyrus; Caudal Part of Anterior Cingulate Gyrus; Isthmus of Cingulate Gyrus,179,NGIQ-BR-00000185,PENDING_HUMAN_REVIEW,superiorfrontal,Left Superior Frontal Gyrus,0.402509,caudalanteriorcingulate,0.337514,0.064994,0.0,3,180,NGIQ-BR-00000186,PENDING_HUMAN_REVIEW,caudalanteriorcingulate,Right Caudal Anterior Cingulate Cortex,0.805991,superiorfrontal,0.141227,0.664765,0.0,3,DIFFERENT_TOP1_TARGET,BILATERAL_TARGET_DISAGREEMENT;BOUNDARY_LIKE,no
CG_7_4,CG,ventral area 23,Anterior Cingulate Gyrus; Posterior Cingulate Gyrus; Caudal Part of Anterior Cingulate Gyrus; Isthmus of Cingulate Gyrus,181,NGIQ-BR-00000187,PENDING_HUMAN_REVIEW,isthmuscingulate,Left Isthmus Of Cingulate Gyrus,0.861462,posteriorcingulate,0.092908,0.768554,0.0,5,182,NGIQ-BR-00000188,PENDING_HUMAN_REVIEW,isthmuscingulate,Right Isthmus Of Cingulate Gyrus,0.892114,posteriorcingulate,0.063722,0.828391,0.0,5,SAME_TOP1_TARGET,MID_SPATIAL_CONCORDANCE,no
CG_7_5,CG,caudodorsal area 24,Anterior Cingulate Gyrus; Posterior Cingulate Gyrus; Caudal Part of Anterior Cingulate Gyrus; Isthmus of Cingulate Gyrus,183,NGIQ-BR-00000189,PENDING_HUMAN_REVIEW,caudalanteriorcingulate,Left Caudal Anterior Cingulate Cortex,0.454209,posteriorcingulate,0.296022,0.158187,0.0,3,184,NGIQ-BR-00000190,PENDING_HUMAN_REVIEW,caudalanteriorcingulate,Right Caudal Anterior Cingulate Cortex,0.489766,posteriorcingulate,0.428363,0.061404,0.0,3,SAME_TOP1_TARGET,BOUNDARY_LIKE,no
CG_7_6,CG,caudal area 24,Anterior Cingulate Gyrus; Posterior Cingulate Gyrus; Caudal Part of Anterior Cingulate Gyrus; Isthmus of Cingulate Gyrus,185,NGIQ-BR-00000191,PENDING_HUMAN_REVIEW,posteriorcingulate,Left Posterior Cingulate Cortex,0.702128,paracentral,0.215426,0.486702,0.0,4,186,NGIQ-BR-00000192,PENDING_HUMAN_REVIEW,posteriorcingulate,Right Posterior Cingulate Cortex,0.890982,paracentral,0.082763,0.808219,0.0,4,ASYMMETRIC_COVERAGE,MID_SPATIAL_CONCORDANCE,no
CG_7_7,CG,subgenual area 32,Anterior Cingulate Gyrus; Posterior Cingulate Gyrus; Caudal Part of Anterior Cingulate Gyrus; Isthmus of Cingulate Gyrus,187,NGIQ-BR-00000193,PENDING_HUMAN_REVIEW,rostralanteriorcingulate,Left Rostral Anterior Cingulate Cortex,0.936685,medialorbitofrontal,0.039106,0.897579,0.0,3,188,NGIQ-BR-00000194,PENDING_HUMAN_REVIEW,rostralanteriorcingulate,Right Rostral Anterior Cingulate Cortex,0.900935,superiorfrontal,0.06729,0.833645,0.0,4,SAME_TOP1_TARGET,HIGH_SPATIAL_CONCORDANCE,no
MVOcC_5_1,MVOcC,caudal lingual gyrus,Cuneus Cortex; Pericalcarine Cortex; Lingual Gyrus,189,NGIQ-BR-00000015,HUMAN_AUTHORITY_APPROVED_CANDIDATE,lingual,Left Lingual Gyrus,0.981308,lateraloccipital,0.018692,0.962617,0.0,2,190,NGIQ-BR-00000016,HUMAN_AUTHORITY_APPROVED_CANDIDATE,lingual,Right Lingual Gyrus,0.790174,pericalcarine,0.155578,0.634596,0.0,3,ASYMMETRIC_COVERAGE,MID_SPATIAL_CONCORDANCE,no
MVOcC_5_2,MVOcC,rostral cuneus gyrus,Cuneus Cortex; Pericalcarine Cortex; Lingual Gyrus,191,NGIQ-BR-00000195,HUMAN_AUTHORITY_APPROVED_CANDIDATE,pericalcarine,Left Pericalcarine Cortex,0.415708,lingual,0.293839,0.121869,0.0,3,192,NGIQ-BR-00000196,HUMAN_AUTHORITY_APPROVED_CANDIDATE,pericalcarine,Right Pericalcarine Cortex,0.44259,lingual,0.307744,0.134846,0.0,3,SAME_TOP1_TARGET,AUTHORITY_SURFACE_DISCORDANCE;BOUNDARY_LIKE,no
MVOcC_5_3,MVOcC,caudal cuneus gyrus,Cuneus Cortex; Pericalcarine Cortex; Lingual Gyrus,193,NGIQ-BR-00000197,HUMAN_AUTHORITY_APPROVED_CANDIDATE,pericalcarine,Left Pericalcarine Cortex,0.477893,cuneus,0.280339,0.197554,0.0,5,194,NGIQ-BR-00000198,HUMAN_AUTHORITY_APPROVED_CANDIDATE,cuneus,Right Cuneus,0.560852,pericalcarine,0.391481,0.169371,0.0,4,DIFFERENT_TOP1_TARGET,AUTHORITY_SURFACE_DISCORDANCE;BILATERAL_TARGET_DISAGREEMENT;BOUNDARY_LIKE,no
MVOcC_5_4,MVOcC,rostral lingual gyrus,Cuneus Cortex; Pericalcarine Cortex; Lingual Gyrus,195,NGIQ-BR-00000199,HUMAN_AUTHORITY_APPROVED_CANDIDATE,lingual,Left Lingual Gyrus,0.979464,fusiform,0.010268,0.969196,0.0,3,196,NGIQ-BR-00000200,HUMAN_AUTHORITY_APPROVED_CANDIDATE,lingual,Right Lingual Gyrus,0.923177,parahippocampal,0.048177,0.875,0.0,3,SAME_TOP1_TARGET,HIGH_SPATIAL_CONCORDANCE,no
MVOcC_5_5,MVOcC,ventromedial parietooccipital sulcus,Cuneus Cortex; Pericalcarine Cortex; Lingual Gyrus,197,NGIQ-BR-00000201,NO_G1_ROLLUP,lingual,Left Lingual Gyrus,0.379668,cuneus,0.265906,0.113762,0.0,5,198,NGIQ-BR-00000202,NO_G1_ROLLUP,lingual,Right Lingual Gyrus,0.47494,cuneus,0.232697,0.242243,0.0,6,SAME_TOP1_TARGET,BOUNDARY_LIKE,no
IFG_6_2,NO_G1_ROLLUP,inferior frontal sulcus,,31,NGIQ-BR-00000047,NO_G1_ROLLUP,parsopercularis,"Left Inferior Frontal Gyrus, Pars Opercularis",0.459574,parstriangularis,0.363121,0.096454,0.0,3,32,NGIQ-BR-00000048,NO_G1_ROLLUP,parstriangularis,"Right Inferior Frontal Gyrus, Pars Triangularis",0.726351,rostralmiddlefrontal,0.165541,0.560811,0.0,3,DIFFERENT_TOP1_TARGET,BILATERAL_TARGET_DISAGREEMENT;BOUNDARY_LIKE,yes
LOcC_2_1,sOcG/LOcC,medial superior occipital gyrus,Lateral Occipital Gyrus,207,NGIQ-BR-00000211,SEED_CONTAINMENT_CONFIRMED,superiorparietal,Left Superior Parietal Lobule,0.844081,cuneus,0.079885,0.764196,0.0,3,208,NGIQ-BR-00000212,SEED_CONTAINMENT_CONFIRMED,superiorparietal,Right Superior Parietal Lobule,0.831426,lateraloccipital,0.121281,0.710145,0.0,4,SAME_TOP1_TARGET,MID_SPATIAL_CONCORDANCE,yes
LOcC_2_2,sOcG/LOcC,lateral superior occipital gyrus,Lateral Occipital Gyrus,209,NGIQ-BR-00000213,SEED_CONTAINMENT_CONFIRMED,superiorparietal,Left Superior Parietal Lobule,0.991187,inferiorparietal,0.008813,0.982374,0.0,2,210,NGIQ-BR-00000214,SEED_CONTAINMENT_CONFIRMED,superiorparietal,Right Superior Parietal Lobule,0.943599,inferiorparietal,0.051965,0.891635,0.0,3,SAME_TOP1_TARGET,HIGH_SPATIAL_CONCORDANCE,yes
MVOcC_5_1,MVOcC-approved,caudal lingual gyrus,,189,NGIQ-BR-00000015,HUMAN_AUTHORITY_APPROVED_CANDIDATE,lingual,Left Lingual Gyrus,0.981308,lateraloccipital,0.018692,0.962617,0.0,2,190,NGIQ-BR-00000016,HUMAN_AUTHORITY_APPROVED_CANDIDATE,lingual,Right Lingual Gyrus,0.790174,pericalcarine,0.155578,0.634596,0.0,3,ASYMMETRIC_COVERAGE,MID_SPATIAL_CONCORDANCE,yes
MVOcC_5_2,MVOcC-approved,rostral cuneus gyrus,,191,NGIQ-BR-00000195,HUMAN_AUTHORITY_APPROVED_CANDIDATE,pericalcarine,Left Pericalcarine Cortex,0.415708,lingual,0.293839,0.121869,0.0,3,192,NGIQ-BR-00000196,HUMAN_AUTHORITY_APPROVED_CANDIDATE,pericalcarine,Right Pericalcarine Cortex,0.44259,lingual,0.307744,0.134846,0.0,3,SAME_TOP1_TARGET,AUTHORITY_SURFACE_DISCORDANCE;BOUNDARY_LIKE,yes
MVOcC_5_3,MVOcC-approved,caudal cuneus gyrus,,193,NGIQ-BR-00000197,HUMAN_AUTHORITY_APPROVED_CANDIDATE,pericalcarine,Left Pericalcarine Cortex,0.477893,cuneus,0.280339,0.197554,0.0,5,194,NGIQ-BR-00000198,HUMAN_AUTHORITY_APPROVED_CANDIDATE,cuneus,Right Cuneus,0.560852,pericalcarine,0.391481,0.169371,0.0,4,DIFFERENT_TOP1_TARGET,AUTHORITY_SURFACE_DISCORDANCE;BILATERAL_TARGET_DISAGREEMENT;BOUNDARY_LIKE,yes
MVOcC_5_4,MVOcC-approved,rostral lingual gyrus,,195,NGIQ-BR-00000199,HUMAN_AUTHORITY_APPROVED_CANDIDATE,lingual,Left Lingual Gyrus,0.979464,fusiform,0.010268,0.969196,0.0,3,196,NGIQ-BR-00000200,HUMAN_AUTHORITY_APPROVED_CANDIDATE,lingual,Right Lingual Gyrus,0.923177,parahippocampal,0.048177,0.875,0.0,3,SAME_TOP1_TARGET,HIGH_SPATIAL_CONCORDANCE,yes
MVOcC_5_5,NO_G1_ROLLUP,ventromedial parietooccipital sulcus,,197,NGIQ-BR-00000201,NO_G1_ROLLUP,lingual,Left Lingual Gyrus,0.379668,cuneus,0.265906,0.113762,0.0,5,198,NGIQ-BR-00000202,NO_G1_ROLLUP,lingual,Right Lingual Gyrus,0.47494,cuneus,0.232697,0.242243,0.0,6,SAME_TOP1_TARGET,BOUNDARY_LIKE,yes
pSTS_2_1,pSTS,rostroposterior superior temporal sulcus,Banks of STS,121,NGIQ-BR-00000133,NO_G1_ROLLUP,bankssts,Left Middle Temporal Gyrus,0.026728,middletemporal,0.026728,0.018433,0.964977,3,122,NGIQ-BR-00000134,NO_G1_ROLLUP,bankssts,Right Middle Temporal Gyrus,0.036585,middletemporal,0.036585,0.029726,0.956555,3,SAME_TOP1_TARGET,BOUNDARY_LIKE;NON_G1_COMPONENT_PRESENT,yes
pSTS_2_2,pSTS,caudoposterior superior temporal sulcus,Banks of STS,123,NGIQ-BR-00000135,NO_G1_ROLLUP,bankssts,Left Inferior Parietal Lobule,0.066318,inferiorparietal,0.066318,0.021815,0.842059,5,124,NGIQ-BR-00000136,NO_G1_ROLLUP,bankssts,Right Supramarginal Gyrus,0.047441,supramarginal,0.047441,0.037453,0.933833,4,DIFFERENT_TOP1_TARGET,BILATERAL_TARGET_DISAGREEMENT;BOUNDARY_LIKE;NON_G1_COMPONENT_PRESENT,yes
