candidate_id,source_entity_id,target_entity_id,mapping_relation,decision_fidelity_status,target_identity_status,hemisphere_status,coverage_status,method_status,lifecycle_status,provenance_status,review_result
G3G1-STAGE-1BC537F9955D7AF43E82,NGIQ-BR-00000001,NGIQ-BR-00000294,contained_in,PASS,PASS,PASS,PASS,PASS,PASS,PASS,PASS
G3G1-STAGE-3726667C247AE19F62FD,NGIQ-BR-00000002,NGIQ-BR-00000325,contained_in,PASS,PASS,PASS,PASS,PASS,PASS,PASS,PASS
G3G1-STAGE-1772D40A7229B3196E11,NGIQ-BR-00000021,NGIQ-BR-00000294,contained_in,PASS,PASS,PASS,PASS,PASS,PASS,PASS,PASS
G3G1-STAGE-50203553BAA5AE0FC4AF,NGIQ-BR-00000022,NGIQ-BR-00000325,contained_in,PASS,PASS,PASS,PASS,PASS,PASS,PASS,PASS
G3G1-STAGE-0C5D9CD7EFF5753C7472,NGIQ-BR-00000023,NGIQ-BR-00000294,contained_in,PASS,PASS,PASS,PASS,PASS,PASS,PASS,PASS
G3G1-STAGE-9000E285C26056E5B50F,NGIQ-BR-00000024,NGIQ-BR-00000325,contained_in,PASS,PASS,PASS,PASS,PASS,PASS,PASS,PASS
G3G1-STAGE-407C25B1A2E766A8498D,NGIQ-BR-00000025,NGIQ-BR-00000294,contained_in,PASS,PASS,PASS,PASS,PASS,PASS,PASS,PASS
G3G1-STAGE-AB8C3A9589590BA43ECF,NGIQ-BR-00000026,NGIQ-BR-00000325,contained_in,PASS,PASS,PASS,PASS,PASS,PASS,PASS,PASS
G3G1-STAGE-AD42037366BAE8B47AEA,NGIQ-BR-00000027,NGIQ-BR-00000294,contained_in,PASS,PASS,PASS,PASS,PASS,PASS,PASS,PASS
G3G1-STAGE-9FB60D529F1CF9602155,NGIQ-BR-00000028,NGIQ-BR-00000325,contained_in,PASS,PASS,PASS,PASS,PASS,PASS,PASS,PASS
G3G1-STAGE-571FD4B93C8601B47873,NGIQ-BR-00000029,NGIQ-BR-00000294,contained_in,PASS,PASS,PASS,PASS,PASS,PASS,PASS,PASS
G3G1-STAGE-28F0BCFC40073B97CD62,NGIQ-BR-00000030,NGIQ-BR-00000325,contained_in,PASS,PASS,PASS,PASS,PASS,PASS,PASS,PASS
G3G1-STAGE-B2081FFDD0F0F28A591C,NGIQ-BR-00000031,NGIQ-BR-00000294,contained_in,PASS,PASS,PASS,PASS,PASS,PASS,PASS,PASS
G3G1-STAGE-A6ED8194B5D54C0E3EAD,NGIQ-BR-00000032,NGIQ-BR-00000325,contained_in,PASS,PASS,PASS,PASS,PASS,PASS,PASS,PASS
G3G1-STAGE-E5B98FF9FD43C2B54768,NGIQ-BR-00000033,NGIQ-BR-00000293,dominant_overlap,PASS,PASS,PASS,PASS,PASS,PASS,PASS,PASS
G3G1-STAGE-3C58C172620C87748043,NGIQ-BR-00000034,NGIQ-BR-00000324,dominant_overlap,PASS,PASS,PASS,PASS,PASS,PASS,PASS,PASS
G3G1-STAGE-72E76FDE05B74AA2206C,NGIQ-BR-00000035,NGIQ-BR-00000270,dominant_overlap,PASS,PASS,PASS,PASS,PASS,PASS,PASS,PASS
G3G1-STAGE-C1C6FBF5045714DD1839,NGIQ-BR-00000036,NGIQ-BR-00000301,dominant_overlap,PASS,PASS,PASS,PASS,PASS,PASS,PASS,PASS
G3G1-STAGE-C7CB33E9DBC2EEDEB143,NGIQ-BR-00000037,NGIQ-BR-00000293,contained_in,PASS,PASS,PASS,PASS,PASS,PASS,PASS,PASS
G3G1-STAGE-7A411A063BF00F98218B,NGIQ-BR-00000038,NGIQ-BR-00000324,contained_in,PASS,PASS,PASS,PASS,PASS,PASS,PASS,PASS
G3G1-STAGE-F7DBD87A59B61D8D61BE,NGIQ-BR-00000039,NGIQ-BR-00000293,contained_in,PASS,PASS,PASS,PASS,PASS,PASS,PASS,PASS
G3G1-STAGE-C6CB348F53DA7CCD86DB,NGIQ-BR-00000040,NGIQ-BR-00000324,contained_in,PASS,PASS,PASS,PASS,PASS,PASS,PASS,PASS
G3G1-STAGE-0CE6B3F2DE5B2EB24B79,NGIQ-BR-00000041,NGIQ-BR-00000293,partial_overlap,PASS,PASS,PASS,PASS,PASS,PASS,PASS,PASS
G3G1-STAGE-3CE912D0C00C4FA5DDDA,NGIQ-BR-00000041,NGIQ-BR-00000270,partial_overlap,PASS,PASS,PASS,PASS,PASS,PASS,PASS,PASS
G3G1-STAGE-331B06B006847DEFDF9F,NGIQ-BR-00000042,NGIQ-BR-00000324,partial_overlap,PASS,PASS,PASS,PASS,PASS,PASS,PASS,PASS
G3G1-STAGE-B54A90353295D60AE474,NGIQ-BR-00000042,NGIQ-BR-00000301,partial_overlap,PASS,PASS,PASS,PASS,PASS,PASS,PASS,PASS
G3G1-STAGE-58C1B73C4BF61E790EC7,NGIQ-BR-00000043,NGIQ-BR-00000270,contained_in,PASS,PASS,PASS,PASS,PASS,PASS,PASS,PASS
G3G1-STAGE-65B48EF7C0A509E2B66F,NGIQ-BR-00000044,NGIQ-BR-00000301,contained_in,PASS,PASS,PASS,PASS,PASS,PASS,PASS,PASS
G3G1-STAGE-8CAE09C2C42FC07A8201,NGIQ-BR-00000045,NGIQ-BR-00000293,contained_in,PASS,PASS,PASS,PASS,PASS,PASS,PASS,PASS
G3G1-STAGE-6CD73AD0EE8C8099F641,NGIQ-BR-00000046,NGIQ-BR-00000324,contained_in,PASS,PASS,PASS,PASS,PASS,PASS,PASS,PASS
G3G1-STAGE-A96A28EA7E62023E3F1C,NGIQ-BR-00000003,NGIQ-BR-00000284,dominant_overlap,PASS,PASS,PASS,PASS,PASS,PASS,PASS,PASS
G3G1-STAGE-7AAD7FD134672F6E0FFA,NGIQ-BR-00000004,NGIQ-BR-00000315,dominant_overlap,PASS,PASS,PASS,PASS,PASS,PASS,PASS,PASS
G3G1-STAGE-B8D099959A13A07580CC,NGIQ-BR-00000049,NGIQ-BR-00000284,partial_overlap,PASS,PASS,PASS,PASS,PASS,PASS,PASS,PASS
G3G1-STAGE-043CB794EC3AB3C80D8A,NGIQ-BR-00000049,NGIQ-BR-00000286,partial_overlap,PASS,PASS,PASS,PASS,PASS,PASS,PASS,PASS
G3G1-STAGE-C9D98ABF7C212F07CFAD,NGIQ-BR-00000050,NGIQ-BR-00000315,partial_overlap,PASS,PASS,PASS,PASS,PASS,PASS,PASS,PASS
G3G1-STAGE-03FF042864CFBD4B10BE,NGIQ-BR-00000050,NGIQ-BR-00000317,partial_overlap,PASS,PASS,PASS,PASS,PASS,PASS,PASS,PASS
G3G1-STAGE-965F1B0749CA40217399,NGIQ-BR-00000051,NGIQ-BR-00000286,contained_in,PASS,PASS,PASS,PASS,PASS,PASS,PASS,PASS
G3G1-STAGE-2A04738C6FB7C0644760,NGIQ-BR-00000052,NGIQ-BR-00000317,contained_in,PASS,PASS,PASS,PASS,PASS,PASS,PASS,PASS
G3G1-STAGE-6E1F41030261AE6F7BCF,NGIQ-BR-00000053,NGIQ-BR-00000284,partial_overlap,PASS,PASS,PASS,PASS,PASS,PASS,PASS,PASS
G3G1-STAGE-C75BD5DEE8A5DD736EDC,NGIQ-BR-00000053,NGIQ-BR-00000286,partial_overlap,PASS,PASS,PASS,PASS,PASS,PASS,PASS,PASS
G3G1-STAGE-1378901230E78D75F2C7,NGIQ-BR-00000054,NGIQ-BR-00000315,partial_overlap,PASS,PASS,PASS,PASS,PASS,PASS,PASS,PASS
G3G1-STAGE-BFBF3A64B6033353719C,NGIQ-BR-00000054,NGIQ-BR-00000317,partial_overlap,PASS,PASS,PASS,PASS,PASS,PASS,PASS,PASS
G3G1-STAGE-1E50ADDD288C64F0AF2E,NGIQ-BR-00000055,NGIQ-BR-00000284,dominant_overlap,PASS,PASS,PASS,PASS,PASS,PASS,PASS,PASS
G3G1-STAGE-B516779D8918883F4B93,NGIQ-BR-00000056,NGIQ-BR-00000315,dominant_overlap,PASS,PASS,PASS,PASS,PASS,PASS,PASS,PASS
G3G1-STAGE-FA88AAEB6FFD307136EC,NGIQ-BR-00000057,NGIQ-BR-00000280,dominant_overlap,PASS,PASS,PASS,PASS,PASS,PASS,PASS,PASS
G3G1-STAGE-F3F71A31D68B7BC65229,NGIQ-BR-00000058,NGIQ-BR-00000311,dominant_overlap,PASS,PASS,PASS,PASS,PASS,PASS,PASS,PASS
G3G1-STAGE-F637847DE701F3B91462,NGIQ-BR-00000059,NGIQ-BR-00000278,partial_overlap,PASS,PASS,PASS,PASS,PASS,PASS,PASS,PASS
G3G1-STAGE-F90BA6165CB2555C2AF9,NGIQ-BR-00000059,NGIQ-BR-00000285,partial_overlap,PASS,PASS,PASS,PASS,PASS,PASS,PASS,PASS
G3G1-STAGE-A71D0C697E2F73F220FE,NGIQ-BR-00000060,NGIQ-BR-00000309,partial_overlap,PASS,PASS,PASS,PASS,PASS,PASS,PASS,PASS
G3G1-STAGE-530129CBEEB0B389FD39,NGIQ-BR-00000060,NGIQ-BR-00000316,partial_overlap,PASS,PASS,PASS,PASS,PASS,PASS,PASS,PASS
G3G1-STAGE-EACFFC5632081A674FE5,NGIQ-BR-00000061,NGIQ-BR-00000278,contained_in,PASS,PASS,PASS,PASS,PASS,PASS,PASS,PASS
G3G1-STAGE-D40D5774A61904153389,NGIQ-BR-00000062,NGIQ-BR-00000309,contained_in,PASS,PASS,PASS,PASS,PASS,PASS,PASS,PASS
G3G1-STAGE-819CF186E5BFA7034B0A,NGIQ-BR-00000063,NGIQ-BR-00000280,partial_overlap,PASS,PASS,PASS,PASS,PASS,PASS,PASS,PASS
G3G1-STAGE-EBB1BD3A893B056C4E93,NGIQ-BR-00000063,NGIQ-BR-00000278,partial_overlap,PASS,PASS,PASS,PASS,PASS,PASS,PASS,PASS
G3G1-STAGE-6368787E0038320C87D1,NGIQ-BR-00000064,NGIQ-BR-00000311,partial_overlap,PASS,PASS,PASS,PASS,PASS,PASS,PASS,PASS
G3G1-STAGE-86E66FA36AF12640FD42,NGIQ-BR-00000064,NGIQ-BR-00000309,partial_overlap,PASS,PASS,PASS,PASS,PASS,PASS,PASS,PASS
G3G1-STAGE-F1F5DEAF59734BEBCF97,NGIQ-BR-00000065,NGIQ-BR-00000280,dominant_overlap,PASS,PASS,PASS,PASS,PASS,PASS,PASS,PASS
G3G1-STAGE-A0D7101D82F023B613AB,NGIQ-BR-00000066,NGIQ-BR-00000311,dominant_overlap,PASS,PASS,PASS,PASS,PASS,PASS,PASS,PASS
G3G1-STAGE-AC718218972F73EA4C06,NGIQ-BR-00000067,NGIQ-BR-00000278,partial_overlap,PASS,PASS,PASS,PASS,PASS,PASS,PASS,PASS
G3G1-STAGE-787E04ED8483CA18694F,NGIQ-BR-00000067,NGIQ-BR-00000285,partial_overlap,PASS,PASS,PASS,PASS,PASS,PASS,PASS,PASS
G3G1-STAGE-00BD51BA39242F523144,NGIQ-BR-00000068,NGIQ-BR-00000309,partial_overlap,PASS,PASS,PASS,PASS,PASS,PASS,PASS,PASS
G3G1-STAGE-B408DD224A2E2A7B5800,NGIQ-BR-00000068,NGIQ-BR-00000316,partial_overlap,PASS,PASS,PASS,PASS,PASS,PASS,PASS,PASS
G3G1-STAGE-63110A79997D9E71F2DC,NGIQ-BR-00000069,NGIQ-BR-00000290,contained_in,PASS,PASS,PASS,PASS,PASS,PASS,PASS,PASS
G3G1-STAGE-52A65B9979224B123D91,NGIQ-BR-00000070,NGIQ-BR-00000321,contained_in,PASS,PASS,PASS,PASS,PASS,PASS,PASS,PASS
G3G1-STAGE-BBEAD7976E03189FF93F,NGIQ-BR-00000071,NGIQ-BR-00000290,contained_in,PASS,PASS,PASS,PASS,PASS,PASS,PASS,PASS
G3G1-STAGE-455D015E32862A43A1D4,NGIQ-BR-00000072,NGIQ-BR-00000321,contained_in,PASS,PASS,PASS,PASS,PASS,PASS,PASS,PASS
G3G1-STAGE-9071B7CE05570259F292,NGIQ-BR-00000073,NGIQ-BR-00000290,contained_in,PASS,PASS,PASS,PASS,PASS,PASS,PASS,PASS
G3G1-STAGE-E34CABE5C2B264BDDAFA,NGIQ-BR-00000074,NGIQ-BR-00000321,contained_in,PASS,PASS,PASS,PASS,PASS,PASS,PASS,PASS
G3G1-STAGE-9246D29F7481C78D86AB,NGIQ-BR-00000075,NGIQ-BR-00000290,contained_in,PASS,PASS,PASS,PASS,PASS,PASS,PASS,PASS
G3G1-STAGE-53CDDDA5CE4C4A318127,NGIQ-BR-00000076,NGIQ-BR-00000321,contained_in,PASS,PASS,PASS,PASS,PASS,PASS,PASS,PASS
G3G1-STAGE-9FF9206708445D2825BF,NGIQ-BR-00000077,NGIQ-BR-00000290,contained_in,PASS,PASS,PASS,PASS,PASS,PASS,PASS,PASS
G3G1-STAGE-97A6B2F22A1D7707D144,NGIQ-BR-00000078,NGIQ-BR-00000321,contained_in,PASS,PASS,PASS,PASS,PASS,PASS,PASS,PASS
G3G1-STAGE-E40B82DC654F21EDFD65,NGIQ-BR-00000079,NGIQ-BR-00000290,contained_in,PASS,PASS,PASS,PASS,PASS,PASS,PASS,PASS
G3G1-STAGE-05C34DECFD1153A1B344,NGIQ-BR-00000080,NGIQ-BR-00000321,contained_in,PASS,PASS,PASS,PASS,PASS,PASS,PASS,PASS
G3G1-STAGE-00EA300231D6DE9ED40A,NGIQ-BR-00000081,NGIQ-BR-00000283,contained_in,PASS,PASS,PASS,PASS,PASS,PASS,PASS,PASS
G3G1-STAGE-D70C44B8358AE3ADB36C,NGIQ-BR-00000082,NGIQ-BR-00000314,contained_in,PASS,PASS,PASS,PASS,PASS,PASS,PASS,PASS
G3G1-STAGE-4992C33A802F384C03CB,NGIQ-BR-00000083,NGIQ-BR-00000283,contained_in,PASS,PASS,PASS,PASS,PASS,PASS,PASS,PASS
G3G1-STAGE-4E42B95FC6824B42713B,NGIQ-BR-00000084,NGIQ-BR-00000314,contained_in,PASS,PASS,PASS,PASS,PASS,PASS,PASS,PASS
G3G1-STAGE-67B770FBF1060C102470,NGIQ-BR-00000085,NGIQ-BR-00000296,dominant_overlap,PASS,PASS,PASS,PASS,PASS,PASS,PASS,PASS
G3G1-STAGE-5566D249FF84B7436EA3,NGIQ-BR-00000086,NGIQ-BR-00000327,dominant_overlap,PASS,PASS,PASS,PASS,PASS,PASS,PASS,PASS
G3G1-STAGE-26CC04C82E1E66F7FA90,NGIQ-BR-00000087,NGIQ-BR-00000296,partial_overlap,PASS,PASS,PASS,PASS,PASS,PASS,PASS,PASS
G3G1-STAGE-B7BC778E1D469470A685,NGIQ-BR-00000087,NGIQ-BR-00000298,partial_overlap,PASS,PASS,PASS,PASS,PASS,PASS,PASS,PASS
G3G1-STAGE-843B235A3B396E44FBEA,NGIQ-BR-00000088,NGIQ-BR-00000327,partial_overlap,PASS,PASS,PASS,PASS,PASS,PASS,PASS,PASS
G3G1-STAGE-0D1C1DDAA359C3FFED8A,NGIQ-BR-00000088,NGIQ-BR-00000329,partial_overlap,PASS,PASS,PASS,PASS,PASS,PASS,PASS,PASS
G3G1-STAGE-2746049D8B8F0EB06F36,NGIQ-BR-00000089,NGIQ-BR-00000296,contained_in,PASS,PASS,PASS,PASS,PASS,PASS,PASS,PASS
G3G1-STAGE-5C2F8B88CE918EC06285,NGIQ-BR-00000090,NGIQ-BR-00000327,contained_in,PASS,PASS,PASS,PASS,PASS,PASS,PASS,PASS
G3G1-STAGE-51BE792FE30476D30EBE,NGIQ-BR-00000091,NGIQ-BR-00000296,contained_in,PASS,PASS,PASS,PASS,PASS,PASS,PASS,PASS
G3G1-STAGE-EFB72652CF88A660C1A9,NGIQ-BR-00000092,NGIQ-BR-00000327,contained_in,PASS,PASS,PASS,PASS,PASS,PASS,PASS,PASS
G3G1-STAGE-8EBF66C38C22761C406D,NGIQ-BR-00000093,NGIQ-BR-00000296,contained_in,PASS,PASS,PASS,PASS,PASS,PASS,PASS,PASS
G3G1-STAGE-3536B682365038BF6601,NGIQ-BR-00000094,NGIQ-BR-00000327,contained_in,PASS,PASS,PASS,PASS,PASS,PASS,PASS,PASS
G3G1-STAGE-7E0EB034F902C1FC5718,NGIQ-BR-00000007,NGIQ-BR-00000281,contained_in,PASS,PASS,PASS,PASS,PASS,PASS,PASS,PASS
G3G1-STAGE-8EF813348AC4CABFE697,NGIQ-BR-00000008,NGIQ-BR-00000312,contained_in,PASS,PASS,PASS,PASS,PASS,PASS,PASS,PASS
G3G1-STAGE-FDE3E41E4F618DE4B520,NGIQ-BR-00000095,NGIQ-BR-00000281,contained_in,PASS,PASS,PASS,PASS,PASS,PASS,PASS,PASS
G3G1-STAGE-0670E10DAB49D09D35E9,NGIQ-BR-00000096,NGIQ-BR-00000312,contained_in,PASS,PASS,PASS,PASS,PASS,PASS,PASS,PASS
G3G1-STAGE-D916482E9D10CDEBA9C0,NGIQ-BR-00000097,NGIQ-BR-00000281,contained_in,PASS,PASS,PASS,PASS,PASS,PASS,PASS,PASS
G3G1-STAGE-A5936471BCC1101E9B20,NGIQ-BR-00000098,NGIQ-BR-00000312,contained_in,PASS,PASS,PASS,PASS,PASS,PASS,PASS,PASS
G3G1-STAGE-FB57948874C89CA0A112,NGIQ-BR-00000099,NGIQ-BR-00000281,contained_in,PASS,PASS,PASS,PASS,PASS,PASS,PASS,PASS
G3G1-STAGE-5393E475713C3CA4BF6E,NGIQ-BR-00000100,NGIQ-BR-00000312,contained_in,PASS,PASS,PASS,PASS,PASS,PASS,PASS,PASS
G3G1-STAGE-7E20F6B7B1A604A3D17B,NGIQ-BR-00000101,NGIQ-BR-00000275,contained_in,PASS,PASS,PASS,PASS,PASS,PASS,PASS,PASS
G3G1-STAGE-1BAE8AB597B811F8E34C,NGIQ-BR-00000102,NGIQ-BR-00000306,contained_in,PASS,PASS,PASS,PASS,PASS,PASS,PASS,PASS
G3G1-STAGE-F92DCD1DB64D6EA307B8,NGIQ-BR-00000103,NGIQ-BR-00000275,contained_in,PASS,PASS,PASS,PASS,PASS,PASS,PASS,PASS
G3G1-STAGE-23F7C5FE5C97883E0EF5,NGIQ-BR-00000104,NGIQ-BR-00000306,contained_in,PASS,PASS,PASS,PASS,PASS,PASS,PASS,PASS
G3G1-STAGE-650F1BD4B8B81364A05B,NGIQ-BR-00000105,NGIQ-BR-00000275,contained_in,PASS,PASS,PASS,PASS,PASS,PASS,PASS,PASS
G3G1-STAGE-0BBBFD4B153D01F3F1A7,NGIQ-BR-00000106,NGIQ-BR-00000306,contained_in,PASS,PASS,PASS,PASS,PASS,PASS,PASS,PASS
G3G1-STAGE-403F2F377FA9A1A436D2,NGIQ-BR-00000107,NGIQ-BR-00000275,contained_in,PASS,PASS,PASS,PASS,PASS,PASS,PASS,PASS
G3G1-STAGE-AC7F975CB9E3BF6C45C1,NGIQ-BR-00000108,NGIQ-BR-00000306,contained_in,PASS,PASS,PASS,PASS,PASS,PASS,PASS,PASS
G3G1-STAGE-C93C809F054C59D51513,NGIQ-BR-00000109,NGIQ-BR-00000275,contained_in,PASS,PASS,PASS,PASS,PASS,PASS,PASS,PASS
G3G1-STAGE-8A48100D231D706C4C38,NGIQ-BR-00000110,NGIQ-BR-00000306,contained_in,PASS,PASS,PASS,PASS,PASS,PASS,PASS,PASS
G3G1-STAGE-6BF6A8E39E988AEE8427,NGIQ-BR-00000111,NGIQ-BR-00000275,contained_in,PASS,PASS,PASS,PASS,PASS,PASS,PASS,PASS
G3G1-STAGE-15CCA481769B5BDC56B2,NGIQ-BR-00000112,NGIQ-BR-00000306,contained_in,PASS,PASS,PASS,PASS,PASS,PASS,PASS,PASS
G3G1-STAGE-9438A3FBD15AA43ADC22,NGIQ-BR-00000113,NGIQ-BR-00000275,contained_in,PASS,PASS,PASS,PASS,PASS,PASS,PASS,PASS
G3G1-STAGE-332557CE853E04F7B63D,NGIQ-BR-00000114,NGIQ-BR-00000306,contained_in,PASS,PASS,PASS,PASS,PASS,PASS,PASS,PASS
G3G1-STAGE-109A4F84A04D55D2C586,NGIQ-BR-00000115,NGIQ-BR-00000273,contained_in,PASS,PASS,PASS,PASS,PASS,PASS,PASS,PASS
G3G1-STAGE-2E57F2AE4B63BCD302E8,NGIQ-BR-00000116,NGIQ-BR-00000304,contained_in,PASS,PASS,PASS,PASS,PASS,PASS,PASS,PASS
G3G1-STAGE-8E754D98849E2028764F,NGIQ-BR-00000117,NGIQ-BR-00000273,contained_in,PASS,PASS,PASS,PASS,PASS,PASS,PASS,PASS
G3G1-STAGE-30178C1C692B9E4738C5,NGIQ-BR-00000118,NGIQ-BR-00000304,contained_in,PASS,PASS,PASS,PASS,PASS,PASS,PASS,PASS
G3G1-STAGE-61D3EC9BCDDCF02D2FD1,NGIQ-BR-00000119,NGIQ-BR-00000273,contained_in,PASS,PASS,PASS,PASS,PASS,PASS,PASS,PASS
G3G1-STAGE-F905D5F53293A2401029,NGIQ-BR-00000120,NGIQ-BR-00000304,contained_in,PASS,PASS,PASS,PASS,PASS,PASS,PASS,PASS
G3G1-STAGE-A9B5026D53132821F920,NGIQ-BR-00000121,NGIQ-BR-00000272,contained_in,PASS,PASS,PASS,PASS,PASS,PASS,PASS,PASS
G3G1-STAGE-21803A43C877E2489BA4,NGIQ-BR-00000122,NGIQ-BR-00000303,contained_in,PASS,PASS,PASS,PASS,PASS,PASS,PASS,PASS
G3G1-STAGE-E2A71900C76DB3133FFE,NGIQ-BR-00000123,NGIQ-BR-00000282,contained_in,PASS,PASS,PASS,PASS,PASS,PASS,PASS,PASS
G3G1-STAGE-B3CA09F88D669666F994,NGIQ-BR-00000124,NGIQ-BR-00000313,contained_in,PASS,PASS,PASS,PASS,PASS,PASS,PASS,PASS
G3G1-STAGE-1EDCA47F2EFC244B4684,NGIQ-BR-00000125,NGIQ-BR-00000282,dominant_overlap,PASS,PASS,PASS,PASS,PASS,PASS,PASS,PASS
G3G1-STAGE-9FA222BA152B11C2D0D7,NGIQ-BR-00000126,NGIQ-BR-00000313,dominant_overlap,PASS,PASS,PASS,PASS,PASS,PASS,PASS,PASS
G3G1-STAGE-9B52ACF9049C44DEADB3,NGIQ-BR-00000127,NGIQ-BR-00000272,dominant_overlap,PASS,PASS,PASS,PASS,PASS,PASS,PASS,PASS
G3G1-STAGE-C99CC3DD7CF32836881D,NGIQ-BR-00000128,NGIQ-BR-00000303,dominant_overlap,PASS,PASS,PASS,PASS,PASS,PASS,PASS,PASS
G3G1-STAGE-3868C417EDB8B371734C,NGIQ-BR-00000129,NGIQ-BR-00000272,dominant_overlap,PASS,PASS,PASS,PASS,PASS,PASS,PASS,PASS
G3G1-STAGE-1B48CF35112AF17979DA,NGIQ-BR-00000130,NGIQ-BR-00000303,dominant_overlap,PASS,PASS,PASS,PASS,PASS,PASS,PASS,PASS
G3G1-STAGE-730605B1B6C39959CAF9,NGIQ-BR-00000131,NGIQ-BR-00000282,dominant_overlap,PASS,PASS,PASS,PASS,PASS,PASS,PASS,PASS
G3G1-STAGE-B03C10CD2A2FB93EBD8C,NGIQ-BR-00000132,NGIQ-BR-00000313,dominant_overlap,PASS,PASS,PASS,PASS,PASS,PASS,PASS,PASS
G3G1-STAGE-2E0FD57E30C20728CD19,NGIQ-BR-00000009,NGIQ-BR-00000295,contained_in,PASS,PASS,PASS,PASS,PASS,PASS,PASS,PASS
G3G1-STAGE-3746C1D3253F9AF6F5C0,NGIQ-BR-00000010,NGIQ-BR-00000326,contained_in,PASS,PASS,PASS,PASS,PASS,PASS,PASS,PASS
G3G1-STAGE-EB008EAB68863595478D,NGIQ-BR-00000137,NGIQ-BR-00000295,contained_in,PASS,PASS,PASS,PASS,PASS,PASS,PASS,PASS
G3G1-STAGE-1F993B907D653F331EF1,NGIQ-BR-00000138,NGIQ-BR-00000326,contained_in,PASS,PASS,PASS,PASS,PASS,PASS,PASS,PASS
G3G1-STAGE-BB31B8126A70A4FF171F,NGIQ-BR-00000139,NGIQ-BR-00000295,contained_in,PASS,PASS,PASS,PASS,PASS,PASS,PASS,PASS
G3G1-STAGE-BC3113D5F6E76507F9B6,NGIQ-BR-00000140,NGIQ-BR-00000326,contained_in,PASS,PASS,PASS,PASS,PASS,PASS,PASS,PASS
G3G1-STAGE-0DDC67A01C7FFC6BB872,NGIQ-BR-00000141,NGIQ-BR-00000295,contained_in,PASS,PASS,PASS,PASS,PASS,PASS,PASS,PASS
G3G1-STAGE-D44CCF5C0AFEE02CC416,NGIQ-BR-00000142,NGIQ-BR-00000326,contained_in,PASS,PASS,PASS,PASS,PASS,PASS,PASS,PASS
G3G1-STAGE-6B3C1FE7CE0F8D2EEFC6,NGIQ-BR-00000143,NGIQ-BR-00000295,contained_in,PASS,PASS,PASS,PASS,PASS,PASS,PASS,PASS
G3G1-STAGE-A2B1B5A1500388C0937C,NGIQ-BR-00000144,NGIQ-BR-00000326,contained_in,PASS,PASS,PASS,PASS,PASS,PASS,PASS,PASS
G3G1-STAGE-57443C43D1D736DDBCF3,NGIQ-BR-00000011,NGIQ-BR-00000274,contained_in,PASS,PASS,PASS,PASS,PASS,PASS,PASS,PASS
G3G1-STAGE-4B1ED625F4AC01A7D7C2,NGIQ-BR-00000012,NGIQ-BR-00000305,contained_in,PASS,PASS,PASS,PASS,PASS,PASS,PASS,PASS
G3G1-STAGE-17CBF4B9CC91621A6656,NGIQ-BR-00000145,NGIQ-BR-00000274,dominant_overlap,PASS,PASS,PASS,PASS,PASS,PASS,PASS,PASS
G3G1-STAGE-7C051573B84E0A5B8EAF,NGIQ-BR-00000146,NGIQ-BR-00000305,dominant_overlap,PASS,PASS,PASS,PASS,PASS,PASS,PASS,PASS
G3G1-STAGE-6B6A2E1B37DCE6E4597D,NGIQ-BR-00000147,NGIQ-BR-00000297,dominant_overlap,PASS,PASS,PASS,PASS,PASS,PASS,PASS,PASS
G3G1-STAGE-7D26134755BC1E5863B0,NGIQ-BR-00000148,NGIQ-BR-00000328,dominant_overlap,PASS,PASS,PASS,PASS,PASS,PASS,PASS,PASS
G3G1-STAGE-8F7A8291AE8D20597984,NGIQ-BR-00000149,NGIQ-BR-00000297,dominant_overlap,PASS,PASS,PASS,PASS,PASS,PASS,PASS,PASS
G3G1-STAGE-2FA2390FFA93B6467174,NGIQ-BR-00000150,NGIQ-BR-00000328,dominant_overlap,PASS,PASS,PASS,PASS,PASS,PASS,PASS,PASS
G3G1-STAGE-37F84DF84C081C5D3363,NGIQ-BR-00000151,NGIQ-BR-00000274,contained_in,PASS,PASS,PASS,PASS,PASS,PASS,PASS,PASS
G3G1-STAGE-040055C5544E8333A846,NGIQ-BR-00000152,NGIQ-BR-00000305,contained_in,PASS,PASS,PASS,PASS,PASS,PASS,PASS,PASS
G3G1-STAGE-5987486949392A6E36B0,NGIQ-BR-00000153,NGIQ-BR-00000297,contained_in,PASS,PASS,PASS,PASS,PASS,PASS,PASS,PASS
G3G1-STAGE-33FC30B8FBEFBC65286E,NGIQ-BR-00000154,NGIQ-BR-00000328,contained_in,PASS,PASS,PASS,PASS,PASS,PASS,PASS,PASS
G3G1-STAGE-F011BC19F8F4228C5678,NGIQ-BR-00000155,NGIQ-BR-00000291,contained_in,PASS,PASS,PASS,PASS,PASS,PASS,PASS,PASS
G3G1-STAGE-0F0CFAA325A026D81D2E,NGIQ-BR-00000156,NGIQ-BR-00000322,contained_in,PASS,PASS,PASS,PASS,PASS,PASS,PASS,PASS
G3G1-STAGE-EF63435F16FB5646E10D,NGIQ-BR-00000157,NGIQ-BR-00000291,contained_in,PASS,PASS,PASS,PASS,PASS,PASS,PASS,PASS
G3G1-STAGE-306EC7F997A0109D7DDB,NGIQ-BR-00000158,NGIQ-BR-00000322,contained_in,PASS,PASS,PASS,PASS,PASS,PASS,PASS,PASS
G3G1-STAGE-B3677C88338377D432E6,NGIQ-BR-00000159,NGIQ-BR-00000291,contained_in,PASS,PASS,PASS,PASS,PASS,PASS,PASS,PASS
G3G1-STAGE-CC33A4F7DF9B56395261,NGIQ-BR-00000160,NGIQ-BR-00000322,contained_in,PASS,PASS,PASS,PASS,PASS,PASS,PASS,PASS
G3G1-STAGE-AB0516646BB8AD4555A4,NGIQ-BR-00000161,NGIQ-BR-00000291,contained_in,PASS,PASS,PASS,PASS,PASS,PASS,PASS,PASS
G3G1-STAGE-C6F910CC3C1A6DE667F5,NGIQ-BR-00000162,NGIQ-BR-00000322,contained_in,PASS,PASS,PASS,PASS,PASS,PASS,PASS,PASS
G3G1-STAGE-7100A88802BC9AB95A86,NGIQ-BR-00000163,NGIQ-BR-00000288,contained_in,PASS,PASS,PASS,PASS,PASS,PASS,PASS,PASS
G3G1-STAGE-90117C7426773239F312,NGIQ-BR-00000164,NGIQ-BR-00000319,contained_in,PASS,PASS,PASS,PASS,PASS,PASS,PASS,PASS
G3G1-STAGE-99FD1624541C4BE85360,NGIQ-BR-00000165,NGIQ-BR-00000288,contained_in,PASS,PASS,PASS,PASS,PASS,PASS,PASS,PASS
G3G1-STAGE-052D76B703C00DF94E87,NGIQ-BR-00000166,NGIQ-BR-00000319,contained_in,PASS,PASS,PASS,PASS,PASS,PASS,PASS,PASS
G3G1-STAGE-1D520CA89FCBA56C155C,NGIQ-BR-00000167,NGIQ-BR-00000288,contained_in,PASS,PASS,PASS,PASS,PASS,PASS,PASS,PASS
G3G1-STAGE-F9E0FE2E6C544BC55296,NGIQ-BR-00000168,NGIQ-BR-00000319,contained_in,PASS,PASS,PASS,PASS,PASS,PASS,PASS,PASS
G3G1-STAGE-361F901C02F474CB038E,NGIQ-BR-00000169,NGIQ-BR-00000288,contained_in,PASS,PASS,PASS,PASS,PASS,PASS,PASS,PASS
G3G1-STAGE-0A67F27797A96A4764E6,NGIQ-BR-00000170,NGIQ-BR-00000319,contained_in,PASS,PASS,PASS,PASS,PASS,PASS,PASS,PASS
G3G1-STAGE-AAB2D76C9775CA77E1E4,NGIQ-BR-00000013,NGIQ-BR-00000299,contained_in,PASS,PASS,PASS,PASS,PASS,PASS,PASS,PASS
G3G1-STAGE-C93DF98FA795060E0A1A,NGIQ-BR-00000014,NGIQ-BR-00000330,contained_in,PASS,PASS,PASS,PASS,PASS,PASS,PASS,PASS
G3G1-STAGE-44379F604CFDA9D64630,NGIQ-BR-00000171,NGIQ-BR-00000299,contained_in,PASS,PASS,PASS,PASS,PASS,PASS,PASS,PASS
G3G1-STAGE-4FF96585B5FECEEF553D,NGIQ-BR-00000172,NGIQ-BR-00000330,contained_in,PASS,PASS,PASS,PASS,PASS,PASS,PASS,PASS
G3G1-STAGE-4EE4A083B27D175EB6B4,NGIQ-BR-00000173,NGIQ-BR-00000299,contained_in,PASS,PASS,PASS,PASS,PASS,PASS,PASS,PASS
G3G1-STAGE-F10959BCB583224760AD,NGIQ-BR-00000174,NGIQ-BR-00000330,contained_in,PASS,PASS,PASS,PASS,PASS,PASS,PASS,PASS
G3G1-STAGE-5B7ECD7E73504CEEB4B8,NGIQ-BR-00000175,NGIQ-BR-00000299,contained_in,PASS,PASS,PASS,PASS,PASS,PASS,PASS,PASS
G3G1-STAGE-127C427B23FF0C27E639,NGIQ-BR-00000176,NGIQ-BR-00000330,contained_in,PASS,PASS,PASS,PASS,PASS,PASS,PASS,PASS
G3G1-STAGE-51154F5D9A309550BBD6,NGIQ-BR-00000177,NGIQ-BR-00000299,contained_in,PASS,PASS,PASS,PASS,PASS,PASS,PASS,PASS
G3G1-STAGE-F9E86ABD5B28ABDEB3E1,NGIQ-BR-00000178,NGIQ-BR-00000330,contained_in,PASS,PASS,PASS,PASS,PASS,PASS,PASS,PASS
G3G1-STAGE-B0676854686718965BED,NGIQ-BR-00000179,NGIQ-BR-00000299,contained_in,PASS,PASS,PASS,PASS,PASS,PASS,PASS,PASS
G3G1-STAGE-93E6BFD59E395FF8D338,NGIQ-BR-00000180,NGIQ-BR-00000330,contained_in,PASS,PASS,PASS,PASS,PASS,PASS,PASS,PASS
G3G1-STAGE-F882FEC7824018D3C2DF,NGIQ-BR-00000181,NGIQ-BR-00000276,partial_overlap,PASS,PASS,PASS,PASS,PASS,PASS,PASS,PASS
G3G1-STAGE-571B4BFF2C83A9E2C7AB,NGIQ-BR-00000181,NGIQ-BR-00000289,partial_overlap,PASS,PASS,PASS,PASS,PASS,PASS,PASS,PASS
G3G1-STAGE-6D14E1F2F748162D86B3,NGIQ-BR-00000182,NGIQ-BR-00000307,partial_overlap,PASS,PASS,PASS,PASS,PASS,PASS,PASS,PASS
G3G1-STAGE-58A23F313293CAF2C93C,NGIQ-BR-00000182,NGIQ-BR-00000320,partial_overlap,PASS,PASS,PASS,PASS,PASS,PASS,PASS,PASS
G3G1-STAGE-36872F531EC7FB0F0E3B,NGIQ-BR-00000183,NGIQ-BR-00000269,partial_overlap,PASS,PASS,PASS,PASS,PASS,PASS,PASS,PASS
G3G1-STAGE-14AF4CAE4516BF2F5362,NGIQ-BR-00000183,NGIQ-BR-00000289,partial_overlap,PASS,PASS,PASS,PASS,PASS,PASS,PASS,PASS
G3G1-STAGE-9DD6973738C0636E21E7,NGIQ-BR-00000184,NGIQ-BR-00000300,partial_overlap,PASS,PASS,PASS,PASS,PASS,PASS,PASS,PASS
G3G1-STAGE-90B87D5D3E098BACFF60,NGIQ-BR-00000184,NGIQ-BR-00000320,partial_overlap,PASS,PASS,PASS,PASS,PASS,PASS,PASS,PASS
G3G1-STAGE-0CE22300321C5344EE23,NGIQ-BR-00000187,NGIQ-BR-00000276,dominant_overlap,PASS,PASS,PASS,PASS,PASS,PASS,PASS,PASS
G3G1-STAGE-A0AE43E05E793091AAB5,NGIQ-BR-00000188,NGIQ-BR-00000307,dominant_overlap,PASS,PASS,PASS,PASS,PASS,PASS,PASS,PASS
G3G1-STAGE-9DDC27EFB12328AB8AB5,NGIQ-BR-00000189,NGIQ-BR-00000269,partial_overlap,PASS,PASS,PASS,PASS,PASS,PASS,PASS,PASS
G3G1-STAGE-51B1F4E199101E3B8EA4,NGIQ-BR-00000189,NGIQ-BR-00000289,partial_overlap,PASS,PASS,PASS,PASS,PASS,PASS,PASS,PASS
G3G1-STAGE-EA27A989B56D7B9356AB,NGIQ-BR-00000190,NGIQ-BR-00000300,partial_overlap,PASS,PASS,PASS,PASS,PASS,PASS,PASS,PASS
G3G1-STAGE-B0809E064BB6CA3F940F,NGIQ-BR-00000190,NGIQ-BR-00000320,partial_overlap,PASS,PASS,PASS,PASS,PASS,PASS,PASS,PASS
G3G1-STAGE-07DF302560C07809B5BE,NGIQ-BR-00000191,NGIQ-BR-00000289,dominant_overlap,PASS,PASS,PASS,PASS,PASS,PASS,PASS,PASS
G3G1-STAGE-8B4C29A9CC95A687A369,NGIQ-BR-00000192,NGIQ-BR-00000320,dominant_overlap,PASS,PASS,PASS,PASS,PASS,PASS,PASS,PASS
G3G1-STAGE-8AACD78BD2756E79F8EB,NGIQ-BR-00000193,NGIQ-BR-00000292,contained_in,PASS,PASS,PASS,PASS,PASS,PASS,PASS,PASS
G3G1-STAGE-122448EB9C244C97A310,NGIQ-BR-00000194,NGIQ-BR-00000323,contained_in,PASS,PASS,PASS,PASS,PASS,PASS,PASS,PASS
G3G1-STAGE-4514C64C92B3732417F3,NGIQ-BR-00000015,NGIQ-BR-00000279,dominant_overlap,PASS,PASS,PASS,PASS,PASS,PASS,PASS,PASS
G3G1-STAGE-7A96BADA56304412E35F,NGIQ-BR-00000016,NGIQ-BR-00000310,dominant_overlap,PASS,PASS,PASS,PASS,PASS,PASS,PASS,PASS
G3G1-STAGE-F27CABDEBAC7430FE2F5,NGIQ-BR-00000199,NGIQ-BR-00000279,contained_in,PASS,PASS,PASS,PASS,PASS,PASS,PASS,PASS
G3G1-STAGE-4A3F6CA90319D30739B5,NGIQ-BR-00000200,NGIQ-BR-00000310,contained_in,PASS,PASS,PASS,PASS,PASS,PASS,PASS,PASS
G3G1-STAGE-610DC8DF8DE285DAF391,NGIQ-BR-00000203,NGIQ-BR-00000277,contained_in,PASS,PASS,PASS,PASS,PASS,PASS,PASS,PASS
G3G1-STAGE-10AEDC5455BA70BFDD62,NGIQ-BR-00000204,NGIQ-BR-00000308,contained_in,PASS,PASS,PASS,PASS,PASS,PASS,PASS,PASS
G3G1-STAGE-100D9ED794F5187AE9D8,NGIQ-BR-00000205,NGIQ-BR-00000277,contained_in,PASS,PASS,PASS,PASS,PASS,PASS,PASS,PASS
G3G1-STAGE-2A3DB55B2A21EF2A26A2,NGIQ-BR-00000206,NGIQ-BR-00000308,contained_in,PASS,PASS,PASS,PASS,PASS,PASS,PASS,PASS
G3G1-STAGE-09C7475AEAB8042B3068,NGIQ-BR-00000207,NGIQ-BR-00000277,contained_in,PASS,PASS,PASS,PASS,PASS,PASS,PASS,PASS
G3G1-STAGE-1AC0F348C7D384824866,NGIQ-BR-00000208,NGIQ-BR-00000308,contained_in,PASS,PASS,PASS,PASS,PASS,PASS,PASS,PASS
G3G1-STAGE-C6D773CA1D25136091B7,NGIQ-BR-00000209,NGIQ-BR-00000277,contained_in,PASS,PASS,PASS,PASS,PASS,PASS,PASS,PASS
G3G1-STAGE-A36BF0D8623369342DFC,NGIQ-BR-00000210,NGIQ-BR-00000308,contained_in,PASS,PASS,PASS,PASS,PASS,PASS,PASS,PASS
G3G1-STAGE-767123B12E7366D4C2AD,NGIQ-BR-00000215,NGIQ-BR-00000253,contained_in,PASS,PASS,PASS,PASS,PASS,PASS,PASS,PASS
G3G1-STAGE-563F15BFF770AE0952FF,NGIQ-BR-00000216,NGIQ-BR-00000261,contained_in,PASS,PASS,PASS,PASS,PASS,PASS,PASS,PASS
G3G1-STAGE-3D8B79777406A39CC868,NGIQ-BR-00000217,NGIQ-BR-00000253,contained_in,PASS,PASS,PASS,PASS,PASS,PASS,PASS,PASS
G3G1-STAGE-D66548C6C64D00874755,NGIQ-BR-00000218,NGIQ-BR-00000261,contained_in,PASS,PASS,PASS,PASS,PASS,PASS,PASS,PASS
G3G1-STAGE-5D6D474A39A97B535D5E,NGIQ-BR-00000017,NGIQ-BR-00000252,contained_in,PASS,PASS,PASS,PASS,PASS,PASS,PASS,PASS
G3G1-STAGE-2E96FF05A9CAA019AEB6,NGIQ-BR-00000018,NGIQ-BR-00000260,contained_in,PASS,PASS,PASS,PASS,PASS,PASS,PASS,PASS
G3G1-STAGE-59FF8DB58BC518DFF679,NGIQ-BR-00000219,NGIQ-BR-00000252,contained_in,PASS,PASS,PASS,PASS,PASS,PASS,PASS,PASS
G3G1-STAGE-EAF306332CDE66E8FE54,NGIQ-BR-00000220,NGIQ-BR-00000260,contained_in,PASS,PASS,PASS,PASS,PASS,PASS,PASS,PASS
G3G1-STAGE-E46D2C44D4F8EDA02750,NGIQ-BR-00000019,NGIQ-BR-00000248,contained_in,PASS,PASS,PASS,PASS,PASS,PASS,PASS,PASS
G3G1-STAGE-08D95289BD22C7658FA3,NGIQ-BR-00000221,NGIQ-BR-00000257,contained_in,PASS,PASS,PASS,PASS,PASS,PASS,PASS,PASS
G3G1-STAGE-0CBE50E829C13B2A8C63,NGIQ-BR-00000222,NGIQ-BR-00000250,contained_in,PASS,PASS,PASS,PASS,PASS,PASS,PASS,PASS
G3G1-STAGE-86BACEE2C2E3D1D8E169,NGIQ-BR-00000223,NGIQ-BR-00000259,contained_in,PASS,PASS,PASS,PASS,PASS,PASS,PASS,PASS
G3G1-STAGE-5489510ACC2EC71006AA,NGIQ-BR-00000224,NGIQ-BR-00000254,contained_in,PASS,PASS,PASS,PASS,PASS,PASS,PASS,PASS
G3G1-STAGE-60F37B965CF74D21E0D8,NGIQ-BR-00000225,NGIQ-BR-00000262,contained_in,PASS,PASS,PASS,PASS,PASS,PASS,PASS,PASS
G3G1-STAGE-723E87ABF0A98F88BA0B,NGIQ-BR-00000226,NGIQ-BR-00000249,contained_in,PASS,PASS,PASS,PASS,PASS,PASS,PASS,PASS
G3G1-STAGE-EE8D1974650DF0F7914B,NGIQ-BR-00000227,NGIQ-BR-00000258,contained_in,PASS,PASS,PASS,PASS,PASS,PASS,PASS,PASS
G3G1-STAGE-8AB6EC9511ED9D19D8F0,NGIQ-BR-00000228,NGIQ-BR-00000248,contained_in,PASS,PASS,PASS,PASS,PASS,PASS,PASS,PASS
G3G1-STAGE-71CC9B7EB62A2365361A,NGIQ-BR-00000229,NGIQ-BR-00000257,contained_in,PASS,PASS,PASS,PASS,PASS,PASS,PASS,PASS
G3G1-STAGE-C1E0A6B8DAC3179AC4D0,NGIQ-BR-00000230,NGIQ-BR-00000249,contained_in,PASS,PASS,PASS,PASS,PASS,PASS,PASS,PASS
G3G1-STAGE-FB7D390EF213E5756396,NGIQ-BR-00000231,NGIQ-BR-00000258,contained_in,PASS,PASS,PASS,PASS,PASS,PASS,PASS,PASS
G3G1-STAGE-5A2CF3C0F6AE66B76791,NGIQ-BR-00000020,NGIQ-BR-00000247,contained_in,PASS,PASS,PASS,PASS,PASS,PASS,PASS,PASS
G3G1-STAGE-DFEC75004B4792E8B7BB,NGIQ-BR-00000232,NGIQ-BR-00000256,contained_in,PASS,PASS,PASS,PASS,PASS,PASS,PASS,PASS
G3G1-STAGE-ABB05C5BA63ACCD143B1,NGIQ-BR-00000233,NGIQ-BR-00000247,contained_in,PASS,PASS,PASS,PASS,PASS,PASS,PASS,PASS
G3G1-STAGE-6C26688964FC7D250551,NGIQ-BR-00000234,NGIQ-BR-00000256,contained_in,PASS,PASS,PASS,PASS,PASS,PASS,PASS,PASS
G3G1-STAGE-5C2C1F51A664A60C826C,NGIQ-BR-00000235,NGIQ-BR-00000247,contained_in,PASS,PASS,PASS,PASS,PASS,PASS,PASS,PASS
G3G1-STAGE-D80B3ED47F84611D9183,NGIQ-BR-00000236,NGIQ-BR-00000256,contained_in,PASS,PASS,PASS,PASS,PASS,PASS,PASS,PASS
G3G1-STAGE-6724FAD18329F71759A5,NGIQ-BR-00000237,NGIQ-BR-00000247,contained_in,PASS,PASS,PASS,PASS,PASS,PASS,PASS,PASS
G3G1-STAGE-8A16F00148199A46F3BF,NGIQ-BR-00000238,NGIQ-BR-00000256,contained_in,PASS,PASS,PASS,PASS,PASS,PASS,PASS,PASS
G3G1-STAGE-9BAFDACA4564EF0CB979,NGIQ-BR-00000239,NGIQ-BR-00000247,contained_in,PASS,PASS,PASS,PASS,PASS,PASS,PASS,PASS
G3G1-STAGE-F637D3D48DA0BF83537E,NGIQ-BR-00000240,NGIQ-BR-00000256,contained_in,PASS,PASS,PASS,PASS,PASS,PASS,PASS,PASS
G3G1-STAGE-4B072711BD0E3D087F22,NGIQ-BR-00000241,NGIQ-BR-00000247,contained_in,PASS,PASS,PASS,PASS,PASS,PASS,PASS,PASS
G3G1-STAGE-5F0A9006561F98695D3A,NGIQ-BR-00000242,NGIQ-BR-00000256,contained_in,PASS,PASS,PASS,PASS,PASS,PASS,PASS,PASS
G3G1-STAGE-3A612137075773E930C5,NGIQ-BR-00000243,NGIQ-BR-00000247,contained_in,PASS,PASS,PASS,PASS,PASS,PASS,PASS,PASS
G3G1-STAGE-732F07A0911240508355,NGIQ-BR-00000244,NGIQ-BR-00000256,contained_in,PASS,PASS,PASS,PASS,PASS,PASS,PASS,PASS
G3G1-STAGE-34B7FAC7A9F8CB8EA60C,NGIQ-BR-00000245,NGIQ-BR-00000247,contained_in,PASS,PASS,PASS,PASS,PASS,PASS,PASS,PASS
G3G1-STAGE-33078FFD7CA20912A139,NGIQ-BR-00000246,NGIQ-BR-00000256,contained_in,PASS,PASS,PASS,PASS,PASS,PASS,PASS,PASS
