hemisphere,g3_entity_id,parcel_id,official_code,official_modified_name,seed_mask_code,seed_type,cohort,current_authority_decision,g3_vertex_count,dk_unlabeled_vertex_count,dk_unlabeled_ratio,top1_dk_label,top1_dk_source_coverage,top2_dk_label,top2_dk_source_coverage,top3_dk_label,top3_dk_source_coverage,top1_minus_top2_margin,top1_g1_entity_id,top1_g1_name,top1_g1_coverage,non_g1_dk_coverage_ratio,unlabeled_ratio,number_of_overlapping_dk_regions,coverage_sum_error
left,NGIQ-BR-00000001,1,SFG_L_7_1,medial area 8,SFG,single,SINGLE_SEED_CONTROL,SEED_CONTAINMENT_CONFIRMED,1272,0,0.0,superiorfrontal,1.0,,0,,0,1.0,NGIQ-BR-00000294,Left Superior Frontal Gyrus,1.0,0,0.0,1,0.0
left,NGIQ-BR-00000021,3,SFG_L_7_2,dorsolateral area 8,SFG,single,SINGLE_SEED_CONTROL,SEED_CONTAINMENT_CONFIRMED,2032,0,0.0,superiorfrontal,0.972441,caudalmiddlefrontal,0.01378,rostralmiddlefrontal,0.01378,0.958661,NGIQ-BR-00000294,Left Superior Frontal Gyrus,0.972441,0,0.0,3,0.0
left,NGIQ-BR-00000023,5,SFG_L_7_3,lateral area 9,SFG,single,SINGLE_SEED_CONTROL,SEED_CONTAINMENT_CONFIRMED,1426,0,0.0,superiorfrontal,0.975456,rostralmiddlefrontal,0.024544,,0,0.950912,NGIQ-BR-00000294,Left Superior Frontal Gyrus,0.975456,0,0.0,2,0.0
left,NGIQ-BR-00000025,7,SFG_L_7_4,dorsolateral area 6,SFG,single,SINGLE_SEED_CONTROL,SEED_CONTAINMENT_CONFIRMED,1506,0,0.0,superiorfrontal,0.998672,precentral,0.001328,,0,0.997344,NGIQ-BR-00000294,Left Superior Frontal Gyrus,0.998672,0,0.0,2,0.0
left,NGIQ-BR-00000027,9,SFG_L_7_5,medial area 6,SFG,single,SINGLE_SEED_CONTROL,SEED_CONTAINMENT_CONFIRMED,2079,0,0.0,superiorfrontal,0.95671,paracentral,0.033189,posteriorcingulate,0.010101,0.923521,NGIQ-BR-00000294,Left Superior Frontal Gyrus,0.95671,0,0.0,3,0.0
left,NGIQ-BR-00000029,11,SFG_L_7_6,medial area 9,SFG,single,SINGLE_SEED_CONTROL,SEED_CONTAINMENT_CONFIRMED,1160,0,0.0,superiorfrontal,1.0,,0,,0,1.0,NGIQ-BR-00000294,Left Superior Frontal Gyrus,1.0,0,0.0,1,0.0
left,NGIQ-BR-00000031,13,SFG_L_7_7,medial area 10,SFG,single,SINGLE_SEED_CONTROL,SEED_CONTAINMENT_CONFIRMED,1676,0,0.0,superiorfrontal,1.0,,0,,0,1.0,NGIQ-BR-00000294,Left Superior Frontal Gyrus,1.0,0,0.0,1,0.0
left,NGIQ-BR-00000033,15,MFG_L_7_1,dorsal area 9/46,MFG,composite,COMPOSITE_SEED_PENDING,PENDING_HUMAN_REVIEW,1921,0,0.0,rostralmiddlefrontal,0.953149,superiorfrontal,0.046851,,0,0.906299,NGIQ-BR-00000293,Left Rostral Middle Frontal Cortex,0.953149,0,0.0,2,0.0
left,NGIQ-BR-00000035,17,MFG_L_7_2,inferior frontal junction,MFG,composite,COMPOSITE_SEED_PENDING,PENDING_HUMAN_REVIEW,1631,0,0.0,caudalmiddlefrontal,0.767627,rostralmiddlefrontal,0.22195,parsopercularis,0.010423,0.545677,NGIQ-BR-00000270,Left Caudal Middle Frontal Gyrus,0.767627,0,0.0,3,0.0
left,NGIQ-BR-00000037,19,MFG_L_7_3,area 46,MFG,composite,COMPOSITE_SEED_PENDING,PENDING_HUMAN_REVIEW,1290,0,0.0,rostralmiddlefrontal,0.993798,superiorfrontal,0.006202,,0,0.987597,NGIQ-BR-00000293,Left Rostral Middle Frontal Cortex,0.993798,0,0.0,2,0.0
left,NGIQ-BR-00000039,21,MFG_L_7_4,ventral area 9/46,MFG,composite,COMPOSITE_SEED_PENDING,PENDING_HUMAN_REVIEW,1677,0,0.0,rostralmiddlefrontal,1.0,,0,,0,1.0,NGIQ-BR-00000293,Left Rostral Middle Frontal Cortex,1.0,0,0.0,1,0.0
left,NGIQ-BR-00000041,23,MFG_L_7_5,ventrolateral area 8,MFG,composite,COMPOSITE_SEED_PENDING,PENDING_HUMAN_REVIEW,1581,0,0.0,caudalmiddlefrontal,0.642631,rostralmiddlefrontal,0.350411,superiorfrontal,0.006958,0.29222,NGIQ-BR-00000270,Left Caudal Middle Frontal Gyrus,0.642631,0,0.0,3,0.0
left,NGIQ-BR-00000043,25,MFG_L_7_6,ventrolateral area 6,MFG,composite,COMPOSITE_SEED_PENDING,PENDING_HUMAN_REVIEW,1256,0,0.0,caudalmiddlefrontal,0.964172,superiorfrontal,0.029459,precentral,0.006369,0.934713,NGIQ-BR-00000270,Left Caudal Middle Frontal Gyrus,0.964172,0,0.0,3,0.0
left,NGIQ-BR-00000045,27,MFG_L_7_7,lateral area 10,MFG,composite,COMPOSITE_SEED_PENDING,PENDING_HUMAN_REVIEW,1303,0,0.0,rostralmiddlefrontal,0.932464,superiorfrontal,0.031466,parsorbitalis,0.017652,0.900998,NGIQ-BR-00000293,Left Rostral Middle Frontal Cortex,0.932464,0.002302,0.0,5,0.0
left,NGIQ-BR-00000003,29,IFG_L_6_1,dorsal area 44,IFG,composite,COMPOSITE_SEED_PENDING,PENDING_HUMAN_REVIEW,765,0,0.0,parsopercularis,0.96732,caudalmiddlefrontal,0.03268,,0,0.934641,NGIQ-BR-00000284,"Left Inferior Frontal Gyrus, Pars Opercularis",0.96732,0,0.0,2,0.0
left,NGIQ-BR-00000047,31,IFG_L_6_2,inferior frontal sulcus,IFG,composite,COMPOSITE_SEED_PENDING,NO_G1_ROLLUP,705,0,0.0,parsopercularis,0.459574,parstriangularis,0.363121,rostralmiddlefrontal,0.177305,0.096454,NGIQ-BR-00000284,"Left Inferior Frontal Gyrus, Pars Opercularis",0.459574,0,0.0,3,0.0
left,NGIQ-BR-00000049,33,IFG_L_6_3,caudal area 45,IFG,composite,COMPOSITE_SEED_PENDING,PENDING_HUMAN_REVIEW,658,0,0.0,parsopercularis,0.68541,parstriangularis,0.31459,,0,0.370821,NGIQ-BR-00000284,"Left Inferior Frontal Gyrus, Pars Opercularis",0.68541,0,0.0,2,0.0
left,NGIQ-BR-00000051,35,IFG_L_6_4,rostral area 45,IFG,composite,COMPOSITE_SEED_PENDING,PENDING_HUMAN_REVIEW,661,0,0.0,parstriangularis,0.92587,rostralmiddlefrontal,0.07413,,0,0.85174,NGIQ-BR-00000286,"Left Inferior Frontal Gyrus, Pars Triangularis",0.92587,0,0.0,2,0.0
left,NGIQ-BR-00000053,37,IFG_L_6_5,opercular area 44,IFG,composite,COMPOSITE_SEED_PENDING,PENDING_HUMAN_REVIEW,1437,0,0.0,parstriangularis,0.583855,parsopercularis,0.399443,insula,0.010438,0.184412,NGIQ-BR-00000286,"Left Inferior Frontal Gyrus, Pars Triangularis",0.583855,0,0.0,4,0.0
left,NGIQ-BR-00000055,39,IFG_L_6_6,ventral area 44,IFG,composite,COMPOSITE_SEED_PENDING,PENDING_HUMAN_REVIEW,649,0,0.0,parsopercularis,0.992296,precentral,0.007704,,0,0.984592,NGIQ-BR-00000284,"Left Inferior Frontal Gyrus, Pars Opercularis",0.992296,0,0.0,2,0.0
left,NGIQ-BR-00000057,41,OrG_L_6_1,medial area 14,OrG,composite,COMPOSITE_SEED_PENDING,PENDING_HUMAN_REVIEW,855,0,0.0,medialorbitofrontal,0.808187,frontalpole,0.098246,superiorfrontal,0.092398,0.715789,NGIQ-BR-00000280,Left Medial Orbitofrontal Cortex,0.808187,0.098246,0.0,4,0.0
left,NGIQ-BR-00000059,43,OrG_L_6_2,orbital area 12/47,OrG,composite,COMPOSITE_SEED_PENDING,PENDING_HUMAN_REVIEW,805,0,0.0,lateralorbitofrontal,0.581366,parsorbitalis,0.418634,,0,0.162733,NGIQ-BR-00000278,Left Lateral Orbitofrontal Cortex,0.581366,0,0.0,2,0.0
left,NGIQ-BR-00000061,45,OrG_L_6_3,lateral area 11,OrG,composite,COMPOSITE_SEED_PENDING,PENDING_HUMAN_REVIEW,1621,0,0.0,lateralorbitofrontal,0.99013,parsorbitalis,0.00987,,0,0.980259,NGIQ-BR-00000278,Left Lateral Orbitofrontal Cortex,0.99013,0,0.0,2,0.0
left,NGIQ-BR-00000063,47,OrG_L_6_4,medial area 11,OrG,composite,COMPOSITE_SEED_PENDING,PENDING_HUMAN_REVIEW,1218,0,0.0,medialorbitofrontal,0.569787,lateralorbitofrontal,0.237274,frontalpole,0.151888,0.332512,NGIQ-BR-00000280,Left Medial Orbitofrontal Cortex,0.569787,0.151888,0.0,4,0.0
left,NGIQ-BR-00000065,49,OrG_L_6_5,area 13,OrG,composite,COMPOSITE_SEED_PENDING,PENDING_HUMAN_REVIEW,2021,0,0.0,medialorbitofrontal,0.60663,lateralorbitofrontal,0.357249,rostralanteriorcingulate,0.018803,0.249381,NGIQ-BR-00000280,Left Medial Orbitofrontal Cortex,0.60663,0,0.0,4,0.0
left,NGIQ-BR-00000067,51,OrG_L_6_6,lateral area 12/47,OrG,composite,COMPOSITE_SEED_PENDING,PENDING_HUMAN_REVIEW,1482,0,0.0,lateralorbitofrontal,0.506073,parsorbitalis,0.391363,parstriangularis,0.078947,0.11471,NGIQ-BR-00000278,Left Lateral Orbitofrontal Cortex,0.506073,0,0.0,4,0.0
left,NGIQ-BR-00000069,53,PrG_L_6_1,area 4(head and face region),PrG,single,SINGLE_SEED_CONTROL,SEED_CONTAINMENT_CONFIRMED,3000,0,0.0,precentral,0.996333,postcentral,0.003667,,0,0.992667,NGIQ-BR-00000290,Left Precentral Gyrus,0.996333,0,0.0,2,0.0
left,NGIQ-BR-00000071,55,PrG_L_6_2,caudal dorsolateral area 6,PrG,single,SINGLE_SEED_CONTROL,SEED_CONTAINMENT_CONFIRMED,2095,0,0.0,precentral,0.9179,caudalmiddlefrontal,0.066826,superiorfrontal,0.015274,0.851074,NGIQ-BR-00000290,Left Precentral Gyrus,0.9179,0,0.0,3,0.0
left,NGIQ-BR-00000073,57,PrG_L_6_3,area 4(upper limb region),PrG,single,SINGLE_SEED_CONTROL,SEED_CONTAINMENT_CONFIRMED,2106,0,0.0,precentral,0.906458,postcentral,0.093542,,0,0.812915,NGIQ-BR-00000290,Left Precentral Gyrus,0.906458,0,0.0,2,0.0
left,NGIQ-BR-00000075,59,PrG_L_6_4,area 4(trunk region),PrG,single,SINGLE_SEED_CONTROL,SEED_CONTAINMENT_CONFIRMED,847,0,0.0,precentral,0.850059,superiorfrontal,0.14876,paracentral,0.001181,0.701299,NGIQ-BR-00000290,Left Precentral Gyrus,0.850059,0,0.0,3,0.0
left,NGIQ-BR-00000077,61,PrG_L_6_5,area 4(tongue and larynx region),PrG,single,SINGLE_SEED_CONTROL,SEED_CONTAINMENT_CONFIRMED,1432,0,0.0,precentral,0.912011,postcentral,0.030726,insula,0.02933,0.881285,NGIQ-BR-00000290,Left Precentral Gyrus,0.912011,0,0.0,4,0.0
left,NGIQ-BR-00000079,63,PrG_L_6_6,caudal ventrolateral area 6,PrG,single,SINGLE_SEED_CONTROL,SEED_CONTAINMENT_CONFIRMED,1794,0,0.0,precentral,0.925864,parsopercularis,0.038462,caudalmiddlefrontal,0.035674,0.887402,NGIQ-BR-00000290,Left Precentral Gyrus,0.925864,0,0.0,3,0.0
left,NGIQ-BR-00000081,65,PCL_L_2_1,area 1/2/3 (lower limb region),PCL,single,SINGLE_SEED_CONTROL,SEED_CONTAINMENT_CONFIRMED,1398,0,0.0,paracentral,0.924893,precentral,0.05794,precuneus,0.012876,0.866953,NGIQ-BR-00000283,Left Paracentral Lobule,0.924893,0,0.0,4,0.0
left,NGIQ-BR-00000083,67,PCL_L_2_2,"area 4, (lower limb region)",PCL,single,SINGLE_SEED_CONTROL,SEED_CONTAINMENT_CONFIRMED,1361,0,0.0,paracentral,0.972814,precentral,0.016165,superiorfrontal,0.011021,0.95665,NGIQ-BR-00000283,Left Paracentral Lobule,0.972814,0,0.0,3,0.0
left,NGIQ-BR-00000005,69,STG_L_6_1,medial area 38,STG,composite,COMPOSITE_SEED_PENDING,PENDING_HUMAN_REVIEW,1092,0,0.0,temporalpole,0.752747,superiortemporal,0.154762,entorhinal,0.054029,0.100733,NGIQ-BR-00000296,Left Superior Temporal Gyrus,0.154762,0.752747,0.0,6,0.0
left,NGIQ-BR-00000085,71,STG_L_6_2,area 41/42,STG,composite,COMPOSITE_SEED_PENDING,PENDING_HUMAN_REVIEW,1617,0,0.0,superiortemporal,0.961657,transversetemporal,0.028448,supramarginal,0.009895,0.93321,NGIQ-BR-00000296,Left Superior Temporal Gyrus,0.961657,0,0.0,3,0.0
left,NGIQ-BR-00000087,73,STG_L_6_3,TE1.0 and TE1.2,STG,composite,COMPOSITE_SEED_PENDING,PENDING_HUMAN_REVIEW,2285,0,0.0,superiortemporal,0.570241,transversetemporal,0.429322,insula,0.000438,0.140919,NGIQ-BR-00000296,Left Superior Temporal Gyrus,0.570241,0,0.0,3,0.0
left,NGIQ-BR-00000089,75,STG_L_6_4,caudal area 22,STG,composite,COMPOSITE_SEED_PENDING,PENDING_HUMAN_REVIEW,1422,0,0.0,superiortemporal,0.954993,bankssts,0.043601,middletemporal,0.001406,0.953586,NGIQ-BR-00000296,Left Superior Temporal Gyrus,0.954993,0.043601,0.0,3,0.0
left,NGIQ-BR-00000091,77,STG_L_6_5,lateral area 38,STG,composite,COMPOSITE_SEED_PENDING,PENDING_HUMAN_REVIEW,1042,0,0.0,superiortemporal,0.957774,insula,0.042226,,0,0.915547,NGIQ-BR-00000296,Left Superior Temporal Gyrus,0.957774,0,0.0,2,0.0
left,NGIQ-BR-00000093,79,STG_L_6_6,rostral area 22,STG,composite,COMPOSITE_SEED_PENDING,PENDING_HUMAN_REVIEW,1582,0,0.0,superiortemporal,0.994943,middletemporal,0.005057,,0,0.989886,NGIQ-BR-00000296,Left Superior Temporal Gyrus,0.994943,0,0.0,2,0.0
left,NGIQ-BR-00000007,81,MTG_L_4_1,caudal area 21,MTG,single,SINGLE_SEED_CONTROL,SEED_CONTAINMENT_CONFIRMED,651,0,0.0,middletemporal,0.984639,inferiortemporal,0.015361,,0,0.969278,NGIQ-BR-00000281,Left Middle Temporal Gyrus,0.984639,0,0.0,2,0.0
left,NGIQ-BR-00000095,83,MTG_L_4_2,rostral area 21,MTG,single,SINGLE_SEED_CONTROL,SEED_CONTAINMENT_CONFIRMED,936,0,0.0,middletemporal,0.935897,superiortemporal,0.056624,inferiortemporal,0.007479,0.879274,NGIQ-BR-00000281,Left Middle Temporal Gyrus,0.935897,0,0.0,3,0.0
left,NGIQ-BR-00000097,85,MTG_L_4_3,dorsolateral area 37,MTG,single,SINGLE_SEED_CONTROL,SEED_CONTAINMENT_CONFIRMED,905,0,0.0,middletemporal,0.952486,bankssts,0.045304,inferiorparietal,0.00221,0.950276,NGIQ-BR-00000281,Left Middle Temporal Gyrus,0.952486,0.045304,0.0,3,0.0
left,NGIQ-BR-00000099,87,MTG_L_4_4,anterior superior temporal sulcus,MTG,single,SINGLE_SEED_CONTROL,SEED_CONTAINMENT_CONFIRMED,1467,0,0.0,middletemporal,0.965917,superiortemporal,0.029993,bankssts,0.00409,0.935924,NGIQ-BR-00000281,Left Middle Temporal Gyrus,0.965917,0.00409,0.0,3,0.0
left,NGIQ-BR-00000101,89,ITG_L_7_1,intermediate ventral area 20,ITG,single,SINGLE_SEED_CONTROL,SEED_CONTAINMENT_CONFIRMED,348,0,0.0,inferiortemporal,0.974138,fusiform,0.025862,,0,0.948276,NGIQ-BR-00000275,Left Inferior Temporal Gyrus,0.974138,0,0.0,2,0.0
left,NGIQ-BR-00000103,91,ITG_L_7_2,extreme lateroventral area 37,ITG,single,SINGLE_SEED_CONTROL,SEED_CONTAINMENT_CONFIRMED,480,0,0.0,inferiortemporal,1.0,,0,,0,1.0,NGIQ-BR-00000275,Left Inferior Temporal Gyrus,1.0,0,0.0,1,0.0
left,NGIQ-BR-00000105,93,ITG_L_7_3,rostral area 20,ITG,single,SINGLE_SEED_CONTROL,SEED_CONTAINMENT_CONFIRMED,616,0,0.0,inferiortemporal,0.909091,middletemporal,0.064935,fusiform,0.025974,0.844156,NGIQ-BR-00000275,Left Inferior Temporal Gyrus,0.909091,0,0.0,3,0.0
left,NGIQ-BR-00000107,95,ITG_L_7_4,intermediate lateral area 20,ITG,single,SINGLE_SEED_CONTROL,SEED_CONTAINMENT_CONFIRMED,575,0,0.0,inferiortemporal,0.796522,middletemporal,0.203478,,0,0.593043,NGIQ-BR-00000275,Left Inferior Temporal Gyrus,0.796522,0,0.0,2,0.0
left,NGIQ-BR-00000109,97,ITG_L_7_5,ventrolateral area 37,ITG,single,SINGLE_SEED_CONTROL,SEED_CONTAINMENT_CONFIRMED,776,0,0.0,inferiortemporal,0.78866,middletemporal,0.21134,,0,0.57732,NGIQ-BR-00000275,Left Inferior Temporal Gyrus,0.78866,0,0.0,2,0.0
left,NGIQ-BR-00000111,99,ITG_L_7_6,caudolateral of area 20,ITG,single,SINGLE_SEED_CONTROL,SEED_CONTAINMENT_CONFIRMED,631,0,0.0,inferiortemporal,0.754358,middletemporal,0.245642,,0,0.508716,NGIQ-BR-00000275,Left Inferior Temporal Gyrus,0.754358,0,0.0,2,0.0
left,NGIQ-BR-00000113,101,ITG_L_7_7,caudoventral of area 20,ITG,single,SINGLE_SEED_CONTROL,SEED_CONTAINMENT_CONFIRMED,875,0,0.0,inferiortemporal,1.0,,0,,0,1.0,NGIQ-BR-00000275,Left Inferior Temporal Gyrus,1.0,0,0.0,1,0.0
left,NGIQ-BR-00000115,103,FuG_L_3_1,rostroventral area 20,FuG,single,SINGLE_SEED_CONTROL,SEED_CONTAINMENT_CONFIRMED,1855,0,0.0,fusiform,0.919677,parahippocampal,0.026415,entorhinal,0.025337,0.893261,NGIQ-BR-00000273,Left Fusiform Gyrus,0.919677,0.002695,0.0,6,0.0
left,NGIQ-BR-00000117,105,FuG_L_3_2,medioventral area 37,FuG,single,SINGLE_SEED_CONTROL,SEED_CONTAINMENT_CONFIRMED,1649,0,0.0,fusiform,0.948454,lateraloccipital,0.039418,lingual,0.012129,0.909036,NGIQ-BR-00000273,Left Fusiform Gyrus,0.948454,0,0.0,3,0.0
left,NGIQ-BR-00000119,107,FuG_L_3_3,lateroventral area 37,FuG,single,SINGLE_SEED_CONTROL,SEED_CONTAINMENT_CONFIRMED,1718,0,0.0,fusiform,0.759022,inferiortemporal,0.240978,,0,0.518044,NGIQ-BR-00000273,Left Fusiform Gyrus,0.759022,0,0.0,2,0.0
left,NGIQ-BR-00000121,109,PhG_L_6_1,rostral area 35/36,PhG,composite,COMPOSITE_SEED_PENDING,PENDING_HUMAN_REVIEW,396,0,0.0,entorhinal,0.974747,fusiform,0.025253,,0,0.949495,NGIQ-BR-00000272,Left Entorhinal Cortex,0.974747,0,0.0,2,0.0
left,NGIQ-BR-00000123,111,PhG_L_6_2,caudal area 35/36,PhG,composite,COMPOSITE_SEED_PENDING,PENDING_HUMAN_REVIEW,376,0,0.0,parahippocampal,0.928191,entorhinal,0.071809,,0,0.856383,NGIQ-BR-00000282,Left Parahippocampal Gyrus,0.928191,0,0.0,2,0.0
left,NGIQ-BR-00000125,113,PhG_L_6_3,"area TL (lateral PPHC, posterior parahippocampal gyrus)",PhG,composite,COMPOSITE_SEED_PENDING,PENDING_HUMAN_REVIEW,623,0,0.0,parahippocampal,0.979133,fusiform,0.020867,,0,0.958266,NGIQ-BR-00000282,Left Parahippocampal Gyrus,0.979133,0,0.0,2,0.0
left,NGIQ-BR-00000127,115,PhG_L_6_4,"area 28/34 (EC, entorhinal cortex)",PhG,composite,COMPOSITE_SEED_PENDING,PENDING_HUMAN_REVIEW,369,0,0.0,entorhinal,0.607046,parahippocampal,0.392954,,0,0.214092,NGIQ-BR-00000272,Left Entorhinal Cortex,0.607046,0,0.0,2,0.0
left,NGIQ-BR-00000129,117,PhG_L_6_5,area TI(temporal agranular insular cortex),PhG,composite,COMPOSITE_SEED_PENDING,PENDING_HUMAN_REVIEW,96,0,0.0,entorhinal,0.833333,temporalpole,0.114583,insula,0.052083,0.78125,NGIQ-BR-00000272,Left Entorhinal Cortex,0.833333,0.114583,0.0,3,0.0
left,NGIQ-BR-00000131,119,PhG_L_6_6,area TH (medial PPHC),PhG,composite,COMPOSITE_SEED_PENDING,PENDING_HUMAN_REVIEW,425,0,0.0,parahippocampal,0.896471,lingual,0.077647,isthmuscingulate,0.025882,0.818824,NGIQ-BR-00000282,Left Parahippocampal Gyrus,0.896471,0,0.0,3,0.0
left,NGIQ-BR-00000133,121,pSTS_L_2_1,rostroposterior superior temporal sulcus,Psts,single,SEED_TARGET_NOT_IN_G1,NO_G1_ROLLUP,1085,0,0.0,bankssts,0.964977,middletemporal,0.026728,superiortemporal,0.008295,0.018433,NGIQ-BR-00000281,Left Middle Temporal Gyrus,0.026728,0.964977,0.0,3,0.0
left,NGIQ-BR-00000135,123,pSTS_L_2_2,caudoposterior superior temporal sulcus,Psts,single,SEED_TARGET_NOT_IN_G1,NO_G1_ROLLUP,1146,0,0.0,bankssts,0.842059,inferiorparietal,0.066318,supramarginal,0.044503,0.021815,NGIQ-BR-00000274,Left Inferior Parietal Lobule,0.066318,0.842059,0.0,5,0.0
left,NGIQ-BR-00000009,125,SPL_L_5_1,rostral area 7,SPL,single,SINGLE_SEED_CONTROL,SEED_CONTAINMENT_CONFIRMED,840,0,0.0,superiorparietal,1.0,,0,,0,1.0,NGIQ-BR-00000295,Left Superior Parietal Lobule,1.0,0,0.0,1,0.0
left,NGIQ-BR-00000137,127,SPL_L_5_2,caudal area 7,SPL,single,SINGLE_SEED_CONTROL,SEED_CONTAINMENT_CONFIRMED,1488,0,0.0,superiorparietal,0.950941,precuneus,0.049059,,0,0.901882,NGIQ-BR-00000295,Left Superior Parietal Lobule,0.950941,0,0.0,2,0.0
left,NGIQ-BR-00000139,129,SPL_L_5_3,lateral area 5,SPL,single,SINGLE_SEED_CONTROL,SEED_CONTAINMENT_CONFIRMED,1959,0,0.0,superiorparietal,0.985197,supramarginal,0.010209,inferiorparietal,0.004594,0.974987,NGIQ-BR-00000295,Left Superior Parietal Lobule,0.985197,0,0.0,3,0.0
left,NGIQ-BR-00000141,131,SPL_L_5_4,postcentral area 7,SPL,single,SINGLE_SEED_CONTROL,SEED_CONTAINMENT_CONFIRMED,1621,0,0.0,superiorparietal,0.988279,postcentral,0.011721,,0,0.976558,NGIQ-BR-00000295,Left Superior Parietal Lobule,0.988279,0,0.0,2,0.0
left,NGIQ-BR-00000143,133,SPL_L_5_5,intraparietal area 7(hIP3),SPL,single,SINGLE_SEED_CONTROL,SEED_CONTAINMENT_CONFIRMED,1254,0,0.0,superiorparietal,1.0,,0,,0,1.0,NGIQ-BR-00000295,Left Superior Parietal Lobule,1.0,0,0.0,1,0.0
left,NGIQ-BR-00000011,135,IPL_L_6_1,caudal area 39(PGp),IPL,composite,COMPOSITE_SEED_PENDING,PENDING_HUMAN_REVIEW,1999,0,0.0,inferiorparietal,0.969985,superiorparietal,0.025013,lateraloccipital,0.005003,0.944972,NGIQ-BR-00000274,Left Inferior Parietal Lobule,0.969985,0,0.0,3,0.0
left,NGIQ-BR-00000145,137,IPL_L_6_2,rostrodorsal area 39(Hip3),IPL,composite,COMPOSITE_SEED_PENDING,PENDING_HUMAN_REVIEW,2455,0,0.0,inferiorparietal,0.794705,supramarginal,0.112016,superiorparietal,0.093279,0.682688,NGIQ-BR-00000274,Left Inferior Parietal Lobule,0.794705,0,0.0,3,0.0
left,NGIQ-BR-00000147,139,IPL_L_6_3,rostrodorsal area 40(PFt),IPL,composite,COMPOSITE_SEED_PENDING,PENDING_HUMAN_REVIEW,2848,0,0.0,supramarginal,0.974017,postcentral,0.022121,superiorparietal,0.003862,0.951896,NGIQ-BR-00000297,Left Supramarginal Gyrus,0.974017,0,0.0,3,0.0
left,NGIQ-BR-00000149,141,IPL_L_6_4,caudal area 40(PFm),IPL,composite,COMPOSITE_SEED_PENDING,PENDING_HUMAN_REVIEW,2855,0,0.0,supramarginal,0.82732,inferiorparietal,0.154466,superiortemporal,0.018214,0.672855,NGIQ-BR-00000297,Left Supramarginal Gyrus,0.82732,0,0.0,3,0.0
left,NGIQ-BR-00000151,143,IPL_L_6_5,rostroventral area 39(PGa),IPL,composite,COMPOSITE_SEED_PENDING,PENDING_HUMAN_REVIEW,3484,0,0.0,inferiorparietal,0.901837,supramarginal,0.085247,middletemporal,0.007176,0.81659,NGIQ-BR-00000274,Left Inferior Parietal Lobule,0.901837,0.004592,0.0,5,0.0
left,NGIQ-BR-00000153,145,IPL_L_6_6,rostroventral area 40(PFop),IPL,composite,COMPOSITE_SEED_PENDING,PENDING_HUMAN_REVIEW,2767,0,0.0,supramarginal,0.970365,superiortemporal,0.018432,insula,0.010481,0.951934,NGIQ-BR-00000297,Left Supramarginal Gyrus,0.970365,0,0.0,4,0.0
left,NGIQ-BR-00000155,147,PCun_L_4_1,medial area 7(PEp),Pcun,single,SINGLE_SEED_CONTROL,SEED_CONTAINMENT_CONFIRMED,1258,0,0.0,precuneus,0.9062,superiorparietal,0.0938,,0,0.812401,NGIQ-BR-00000291,Left Precuneus,0.9062,0,0.0,2,0.0
left,NGIQ-BR-00000157,149,PCun_L_4_2,medial area 5(PEm),Pcun,single,SINGLE_SEED_CONTROL,SEED_CONTAINMENT_CONFIRMED,1793,0,0.0,precuneus,0.903514,superiorparietal,0.048522,paracentral,0.047964,0.854992,NGIQ-BR-00000291,Left Precuneus,0.903514,0,0.0,3,0.0
left,NGIQ-BR-00000159,151,PCun_L_4_3,dorsomedial parietooccipital sulcus(PEr),Pcun,single,SINGLE_SEED_CONTROL,SEED_CONTAINMENT_CONFIRMED,2275,0,0.0,precuneus,0.963516,superiorparietal,0.018901,cuneus,0.016703,0.944615,NGIQ-BR-00000291,Left Precuneus,0.963516,0,0.0,4,0.0
left,NGIQ-BR-00000161,153,PCun_L_4_4,area 31 (Lc1),Pcun,single,SINGLE_SEED_CONTROL,SEED_CONTAINMENT_CONFIRMED,2006,0,0.0,precuneus,0.95015,isthmuscingulate,0.04985,,0,0.900299,NGIQ-BR-00000291,Left Precuneus,0.95015,0,0.0,2,0.0
left,NGIQ-BR-00000163,155,PoG_L_4_1,"area 1/2/3(upper limb, head and face region)",PoG,single,SINGLE_SEED_CONTROL,SEED_CONTAINMENT_CONFIRMED,3151,0,0.0,postcentral,0.987623,precentral,0.012377,,0,0.975246,NGIQ-BR-00000288,Left Postcentral Gyrus,0.987623,0,0.0,2,0.0
left,NGIQ-BR-00000165,157,PoG_L_4_2,area 1/2/3(tongue and larynx region),PoG,single,SINGLE_SEED_CONTROL,SEED_CONTAINMENT_CONFIRMED,2054,0,0.0,postcentral,0.910906,supramarginal,0.054041,insula,0.028238,0.856865,NGIQ-BR-00000288,Left Postcentral Gyrus,0.910906,0,0.0,4,0.0
left,NGIQ-BR-00000167,159,PoG_L_4_3,area 2,PoG,single,SINGLE_SEED_CONTROL,SEED_CONTAINMENT_CONFIRMED,2431,0,0.0,postcentral,0.899218,superiorparietal,0.097079,supramarginal,0.003702,0.802139,NGIQ-BR-00000288,Left Postcentral Gyrus,0.899218,0,0.0,3,0.0
left,NGIQ-BR-00000169,161,PoG_L_4_4,area 1/2/3(trunk region),PoG,single,SINGLE_SEED_CONTROL,SEED_CONTAINMENT_CONFIRMED,2112,0,0.0,postcentral,0.951705,superiorparietal,0.025095,paracentral,0.016572,0.92661,NGIQ-BR-00000288,Left Postcentral Gyrus,0.951705,0,0.0,5,0.0
left,NGIQ-BR-00000013,163,INS_L_6_1,hypergranular insula,INS,single,SINGLE_SEED_CONTROL,SEED_CONTAINMENT_CONFIRMED,1065,0,0.0,insula,0.965258,transversetemporal,0.032864,superiortemporal,0.001878,0.932394,NGIQ-BR-00000299,Left Insula,0.965258,0,0.0,3,0.0
left,NGIQ-BR-00000171,165,INS_L_6_2,ventral agranular insula,INS,single,SINGLE_SEED_CONTROL,SEED_CONTAINMENT_CONFIRMED,717,0,0.0,insula,0.601116,lateralorbitofrontal,0.398884,,0,0.202232,NGIQ-BR-00000299,Left Insula,0.601116,0,0.0,2,0.0
left,NGIQ-BR-00000173,167,INS_L_6_3,dorsal agranular insula,INS,single,SINGLE_SEED_CONTROL,SEED_CONTAINMENT_CONFIRMED,727,0,0.0,insula,0.927098,lateralorbitofrontal,0.05227,parstriangularis,0.020633,0.874828,NGIQ-BR-00000299,Left Insula,0.927098,0,0.0,3,0.0
left,NGIQ-BR-00000175,169,INS_L_6_4,ventral dysgranular and granular insula,INS,single,SINGLE_SEED_CONTROL,SEED_CONTAINMENT_CONFIRMED,1128,0,0.0,insula,0.948582,superiortemporal,0.051418,,0,0.897163,NGIQ-BR-00000299,Left Insula,0.948582,0,0.0,2,0.0
left,NGIQ-BR-00000177,171,INS_L_6_5,dorsal granular insula,INS,single,SINGLE_SEED_CONTROL,SEED_CONTAINMENT_CONFIRMED,771,0,0.0,insula,1.0,,0,,0,1.0,NGIQ-BR-00000299,Left Insula,1.0,0,0.0,1,0.0
left,NGIQ-BR-00000179,173,INS_L_6_6,dorsal dysgranular insula,INS,single,SINGLE_SEED_CONTROL,SEED_CONTAINMENT_CONFIRMED,1169,0,0.0,insula,0.735672,parsopercularis,0.222412,precentral,0.041916,0.513259,NGIQ-BR-00000299,Left Insula,0.735672,0,0.0,3,0.0
left,NGIQ-BR-00000181,175,CG_L_7_1,dorsal area 23,CG,composite,COMPOSITE_SEED_PENDING,PENDING_HUMAN_REVIEW,1209,0,0.0,isthmuscingulate,0.608768,posteriorcingulate,0.378825,precuneus,0.012407,0.229942,NGIQ-BR-00000276,Left Isthmus Of Cingulate Gyrus,0.608768,0,0.0,3,0.0
left,NGIQ-BR-00000183,177,CG_L_7_2,rostroventral area 24,CG,composite,COMPOSITE_SEED_PENDING,PENDING_HUMAN_REVIEW,1102,0,0.0,caudalanteriorcingulate,0.57441,posteriorcingulate,0.372958,rostralanteriorcingulate,0.052632,0.201452,NGIQ-BR-00000269,Left Caudal Anterior Cingulate Cortex,0.57441,0,0.0,3,0.0
left,NGIQ-BR-00000185,179,CG_L_7_3,pregenual area 32,CG,composite,COMPOSITE_SEED_PENDING,PENDING_HUMAN_REVIEW,877,0,0.0,superiorfrontal,0.402509,caudalanteriorcingulate,0.337514,rostralanteriorcingulate,0.259977,0.064994,NGIQ-BR-00000294,Left Superior Frontal Gyrus,0.402509,0,0.0,3,0.0
left,NGIQ-BR-00000187,181,CG_L_7_4,ventral area 23,CG,composite,COMPOSITE_SEED_PENDING,PENDING_HUMAN_REVIEW,1819,0,0.0,isthmuscingulate,0.861462,posteriorcingulate,0.092908,precuneus,0.031336,0.768554,NGIQ-BR-00000276,Left Isthmus Of Cingulate Gyrus,0.861462,0,0.0,5,0.0
left,NGIQ-BR-00000189,183,CG_L_7_5,caudodorsal area 24,CG,composite,COMPOSITE_SEED_PENDING,PENDING_HUMAN_REVIEW,1081,0,0.0,caudalanteriorcingulate,0.454209,posteriorcingulate,0.296022,superiorfrontal,0.249769,0.158187,NGIQ-BR-00000269,Left Caudal Anterior Cingulate Cortex,0.454209,0,0.0,3,0.0
left,NGIQ-BR-00000191,185,CG_L_7_6,caudal area 24,CG,composite,COMPOSITE_SEED_PENDING,PENDING_HUMAN_REVIEW,2256,0,0.0,posteriorcingulate,0.702128,paracentral,0.215426,superiorfrontal,0.054521,0.486702,NGIQ-BR-00000289,Left Posterior Cingulate Cortex,0.702128,0,0.0,4,0.0
left,NGIQ-BR-00000193,187,CG_L_7_7,subgenual area 32,CG,composite,COMPOSITE_SEED_PENDING,PENDING_HUMAN_REVIEW,1074,0,0.0,rostralanteriorcingulate,0.936685,medialorbitofrontal,0.039106,superiorfrontal,0.024209,0.897579,NGIQ-BR-00000292,Left Rostral Anterior Cingulate Cortex,0.936685,0,0.0,3,0.0
left,NGIQ-BR-00000015,189,MVOcC_L_5_1,caudal lingual gyrus,MVOcC,composite,HUMAN_AUTHORITY_APPROVED_CANDIDATE,HUMAN_AUTHORITY_APPROVED_CANDIDATE,642,0,0.0,lingual,0.981308,lateraloccipital,0.018692,,0,0.962617,NGIQ-BR-00000279,Left Lingual Gyrus,0.981308,0,0.0,2,0.0
left,NGIQ-BR-00000195,191,MVOcC_L_5_2,rostral cuneus gyrus,MVOcC,composite,HUMAN_AUTHORITY_APPROVED_CANDIDATE,HUMAN_AUTHORITY_APPROVED_CANDIDATE,1477,0,0.0,pericalcarine,0.415708,lingual,0.293839,cuneus,0.290454,0.121869,NGIQ-BR-00000287,Left Pericalcarine Cortex,0.415708,0,0.0,3,0.0
left,NGIQ-BR-00000197,193,MVOcC_L_5_3,caudal cuneus gyrus,MVOcC,composite,HUMAN_AUTHORITY_APPROVED_CANDIDATE,HUMAN_AUTHORITY_APPROVED_CANDIDATE,1063,0,0.0,pericalcarine,0.477893,cuneus,0.280339,lingual,0.208843,0.197554,NGIQ-BR-00000287,Left Pericalcarine Cortex,0.477893,0,0.0,5,0.0
left,NGIQ-BR-00000199,195,MVOcC_L_5_4,rostral lingual gyrus,MVOcC,composite,HUMAN_AUTHORITY_APPROVED_CANDIDATE,HUMAN_AUTHORITY_APPROVED_CANDIDATE,1753,0,0.0,lingual,0.979464,fusiform,0.010268,parahippocampal,0.010268,0.969196,NGIQ-BR-00000279,Left Lingual Gyrus,0.979464,0,0.0,3,0.0
left,NGIQ-BR-00000201,197,MVOcC_L_5_5,ventromedial parietooccipital sulcus,MVOcC,composite,COMPOSITE_SEED_PENDING,NO_G1_ROLLUP,2892,0,0.0,lingual,0.379668,cuneus,0.265906,pericalcarine,0.262794,0.113762,NGIQ-BR-00000279,Left Lingual Gyrus,0.379668,0,0.0,5,0.0
left,NGIQ-BR-00000203,199,LOcC_L_4_1,middle occipital gyrus,LOcC,single,SINGLE_SEED_CONTROL,SEED_CONTAINMENT_CONFIRMED,1532,0,0.0,lateraloccipital,0.907963,inferiorparietal,0.086162,superiorparietal,0.005875,0.821802,NGIQ-BR-00000277,Left Lateral Occipital Cortex,0.907963,0,0.0,3,0.0
left,NGIQ-BR-00000205,201,LOcC_L_4_2,area V5/MT+,LOcC,single,SINGLE_SEED_CONTROL,SEED_CONTAINMENT_CONFIRMED,1697,0,0.0,lateraloccipital,0.770183,inferiorparietal,0.096641,inferiortemporal,0.075427,0.673542,NGIQ-BR-00000277,Left Lateral Occipital Cortex,0.770183,0,0.0,5,0.0
left,NGIQ-BR-00000207,203,LOcC_L_4_3,occipital polar cortex,LOcC,single,SINGLE_SEED_CONTROL,SEED_CONTAINMENT_CONFIRMED,1848,0,0.0,lateraloccipital,0.964827,pericalcarine,0.016234,cuneus,0.007035,0.948593,NGIQ-BR-00000277,Left Lateral Occipital Cortex,0.964827,0,0.0,5,0.0
left,NGIQ-BR-00000209,205,LOcC_L_4_4,inferior occipital gyrus,LOcC,single,SINGLE_SEED_CONTROL,SEED_CONTAINMENT_CONFIRMED,1799,0,0.0,lateraloccipital,0.945525,fusiform,0.038355,lingual,0.01612,0.907171,NGIQ-BR-00000277,Left Lateral Occipital Cortex,0.945525,0,0.0,3,0.0
left,NGIQ-BR-00000211,207,LOcC_L_2_1,medial superior occipital gyrus,LOcC,single,SINGLE_SEED_CONTROL,SEED_CONTAINMENT_CONFIRMED,1039,0,0.0,superiorparietal,0.844081,cuneus,0.079885,lateraloccipital,0.076035,0.764196,NGIQ-BR-00000295,Left Superior Parietal Lobule,0.844081,0,0.0,3,0.0
left,NGIQ-BR-00000213,209,LOcC_L_2_2,lateral superior occipital gyrus,LOcC,single,SINGLE_SEED_CONTROL,SEED_CONTAINMENT_CONFIRMED,1702,0,0.0,superiorparietal,0.991187,inferiorparietal,0.008813,,0,0.982374,NGIQ-BR-00000295,Left Superior Parietal Lobule,0.991187,0,0.0,2,0.0
right,NGIQ-BR-00000002,2,SFG_R_7_1,medial area 8,SFG,single,SINGLE_SEED_CONTROL,SEED_CONTAINMENT_CONFIRMED,1854,0,0.0,superiorfrontal,1.0,,0,,0,1.0,NGIQ-BR-00000325,Right Superior Frontal Gyrus,1.0,0,0.0,1,0.0
right,NGIQ-BR-00000022,4,SFG_R_7_2,dorsolateral area 8,SFG,single,SINGLE_SEED_CONTROL,SEED_CONTAINMENT_CONFIRMED,1412,0,0.0,superiorfrontal,0.983711,caudalmiddlefrontal,0.016289,,0,0.967422,NGIQ-BR-00000325,Right Superior Frontal Gyrus,0.983711,0,0.0,2,0.0
right,NGIQ-BR-00000024,6,SFG_R_7_3,lateral area 9,SFG,single,SINGLE_SEED_CONTROL,SEED_CONTAINMENT_CONFIRMED,1517,0,0.0,superiorfrontal,0.970336,rostralmiddlefrontal,0.029664,,0,0.940672,NGIQ-BR-00000325,Right Superior Frontal Gyrus,0.970336,0,0.0,2,0.0
right,NGIQ-BR-00000026,8,SFG_R_7_4,dorsolateral area 6,SFG,single,SINGLE_SEED_CONTROL,SEED_CONTAINMENT_CONFIRMED,1530,0,0.0,superiorfrontal,0.995425,precentral,0.002614,caudalmiddlefrontal,0.001961,0.99281,NGIQ-BR-00000325,Right Superior Frontal Gyrus,0.995425,0,0.0,3,0.0
right,NGIQ-BR-00000028,10,SFG_R_7_5,medial area 6,SFG,single,SINGLE_SEED_CONTROL,SEED_CONTAINMENT_CONFIRMED,1638,0,0.0,superiorfrontal,0.937118,paracentral,0.051893,posteriorcingulate,0.010989,0.885226,NGIQ-BR-00000325,Right Superior Frontal Gyrus,0.937118,0,0.0,3,0.0
right,NGIQ-BR-00000030,12,SFG_R_7_6,medial area 9,SFG,single,SINGLE_SEED_CONTROL,SEED_CONTAINMENT_CONFIRMED,1795,0,0.0,superiorfrontal,1.0,,0,,0,1.0,NGIQ-BR-00000325,Right Superior Frontal Gyrus,1.0,0,0.0,1,0.0
right,NGIQ-BR-00000032,14,SFG_R_7_7,medial area 10,SFG,single,SINGLE_SEED_CONTROL,SEED_CONTAINMENT_CONFIRMED,1506,0,0.0,superiorfrontal,0.996016,rostralmiddlefrontal,0.003984,,0,0.992032,NGIQ-BR-00000325,Right Superior Frontal Gyrus,0.996016,0,0.0,2,0.0
right,NGIQ-BR-00000034,16,MFG_R_7_1,dorsal area 9/46,MFG,composite,COMPOSITE_SEED_PENDING,PENDING_HUMAN_REVIEW,1946,0,0.0,rostralmiddlefrontal,0.820144,caudalmiddlefrontal,0.131552,superiorfrontal,0.048304,0.688592,NGIQ-BR-00000324,Right Rostral Middle Frontal Cortex,0.820144,0,0.0,3,0.0
right,NGIQ-BR-00000036,18,MFG_R_7_2,inferior frontal junction,MFG,composite,COMPOSITE_SEED_PENDING,PENDING_HUMAN_REVIEW,1435,0,0.0,caudalmiddlefrontal,0.942857,rostralmiddlefrontal,0.043206,precentral,0.013937,0.899652,NGIQ-BR-00000301,Right Caudal Middle Frontal Gyrus,0.942857,0,0.0,3,0.0
right,NGIQ-BR-00000038,20,MFG_R_7_3,area 46,MFG,composite,COMPOSITE_SEED_PENDING,PENDING_HUMAN_REVIEW,1609,0,0.0,rostralmiddlefrontal,1.0,,0,,0,1.0,NGIQ-BR-00000324,Right Rostral Middle Frontal Cortex,1.0,0,0.0,1,0.0
right,NGIQ-BR-00000040,22,MFG_R_7_4,ventral area 9/46,MFG,composite,COMPOSITE_SEED_PENDING,PENDING_HUMAN_REVIEW,1838,0,0.0,rostralmiddlefrontal,0.975517,parstriangularis,0.012514,parsopercularis,0.01197,0.963003,NGIQ-BR-00000324,Right Rostral Middle Frontal Cortex,0.975517,0,0.0,3,0.0
right,NGIQ-BR-00000042,24,MFG_R_7_5,ventrolateral area 8,MFG,composite,COMPOSITE_SEED_PENDING,PENDING_HUMAN_REVIEW,1347,0,0.0,rostralmiddlefrontal,0.637713,caudalmiddlefrontal,0.362287,,0,0.275427,NGIQ-BR-00000324,Right Rostral Middle Frontal Cortex,0.637713,0,0.0,2,0.0
right,NGIQ-BR-00000044,26,MFG_R_7_6,ventrolateral area 6,MFG,composite,COMPOSITE_SEED_PENDING,PENDING_HUMAN_REVIEW,1206,0,0.0,caudalmiddlefrontal,0.958541,superiorfrontal,0.04063,precentral,0.000829,0.91791,NGIQ-BR-00000301,Right Caudal Middle Frontal Gyrus,0.958541,0,0.0,3,0.0
right,NGIQ-BR-00000046,28,MFG_R_7_7,lateral area 10,MFG,composite,COMPOSITE_SEED_PENDING,PENDING_HUMAN_REVIEW,1571,0,0.0,rostralmiddlefrontal,0.93571,parsorbitalis,0.028644,lateralorbitofrontal,0.019096,0.907066,NGIQ-BR-00000324,Right Rostral Middle Frontal Cortex,0.93571,0,0.0,4,0.0
right,NGIQ-BR-00000004,30,IFG_R_6_1,dorsal area 44,IFG,composite,COMPOSITE_SEED_PENDING,PENDING_HUMAN_REVIEW,1102,0,0.0,parsopercularis,0.72323,rostralmiddlefrontal,0.241379,caudalmiddlefrontal,0.033575,0.481851,NGIQ-BR-00000315,"Right Inferior Frontal Gyrus, Pars Opercularis",0.72323,0,0.0,4,0.0
right,NGIQ-BR-00000048,32,IFG_R_6_2,inferior frontal sulcus,IFG,composite,COMPOSITE_SEED_PENDING,NO_G1_ROLLUP,592,0,0.0,parstriangularis,0.726351,rostralmiddlefrontal,0.165541,parsopercularis,0.108108,0.560811,NGIQ-BR-00000317,"Right Inferior Frontal Gyrus, Pars Triangularis",0.726351,0,0.0,3,0.0
right,NGIQ-BR-00000050,34,IFG_R_6_3,caudal area 45,IFG,composite,COMPOSITE_SEED_PENDING,PENDING_HUMAN_REVIEW,542,0,0.0,parsopercularis,0.516605,parstriangularis,0.483395,,0,0.03321,NGIQ-BR-00000315,"Right Inferior Frontal Gyrus, Pars Opercularis",0.516605,0,0.0,2,0.0
right,NGIQ-BR-00000052,36,IFG_R_6_4,rostral area 45,IFG,composite,COMPOSITE_SEED_PENDING,PENDING_HUMAN_REVIEW,685,0,0.0,parstriangularis,1.0,,0,,0,1.0,NGIQ-BR-00000317,"Right Inferior Frontal Gyrus, Pars Triangularis",1.0,0,0.0,1,0.0
right,NGIQ-BR-00000054,38,IFG_R_6_5,opercular area 44,IFG,composite,COMPOSITE_SEED_PENDING,PENDING_HUMAN_REVIEW,1650,0,0.0,parstriangularis,0.530909,parsopercularis,0.437576,lateralorbitofrontal,0.015152,0.093333,NGIQ-BR-00000317,"Right Inferior Frontal Gyrus, Pars Triangularis",0.530909,0,0.0,5,0.0
right,NGIQ-BR-00000056,40,IFG_R_6_6,ventral area 44,IFG,composite,COMPOSITE_SEED_PENDING,PENDING_HUMAN_REVIEW,565,0,0.0,parsopercularis,0.886726,precentral,0.113274,,0,0.773451,NGIQ-BR-00000315,"Right Inferior Frontal Gyrus, Pars Opercularis",0.886726,0,0.0,2,0.0
right,NGIQ-BR-00000058,42,OrG_R_6_1,medial area 14,OrG,composite,COMPOSITE_SEED_PENDING,PENDING_HUMAN_REVIEW,1016,0,0.0,medialorbitofrontal,0.895669,rostralanteriorcingulate,0.058071,superiorfrontal,0.04626,0.837598,NGIQ-BR-00000311,Right Medial Orbitofrontal Cortex,0.895669,0,0.0,3,0.0
right,NGIQ-BR-00000060,44,OrG_R_6_2,orbital area 12/47,OrG,composite,COMPOSITE_SEED_PENDING,PENDING_HUMAN_REVIEW,645,0,0.0,parsorbitalis,0.620155,lateralorbitofrontal,0.379845,,0,0.24031,NGIQ-BR-00000316,"Right Inferior Frontal Gyrus, Pars Orbitalis",0.620155,0,0.0,2,0.0
right,NGIQ-BR-00000062,46,OrG_R_6_3,lateral area 11,OrG,composite,COMPOSITE_SEED_PENDING,PENDING_HUMAN_REVIEW,2618,0,0.0,lateralorbitofrontal,0.956455,insula,0.024446,parsorbitalis,0.018335,0.932009,NGIQ-BR-00000309,Right Lateral Orbitofrontal Cortex,0.956455,0,0.0,4,0.0
right,NGIQ-BR-00000064,48,OrG_R_6_4,medial area 11,OrG,composite,COMPOSITE_SEED_PENDING,PENDING_HUMAN_REVIEW,1339,0,0.0,medialorbitofrontal,0.563107,frontalpole,0.275579,lateralorbitofrontal,0.11053,0.452577,NGIQ-BR-00000311,Right Medial Orbitofrontal Cortex,0.563107,0.275579,0.0,5,0.0
right,NGIQ-BR-00000066,50,OrG_R_6_5,area 13,OrG,composite,COMPOSITE_SEED_PENDING,PENDING_HUMAN_REVIEW,1964,0,0.0,medialorbitofrontal,0.569756,lateralorbitofrontal,0.403259,rostralanteriorcingulate,0.024949,0.166497,NGIQ-BR-00000311,Right Medial Orbitofrontal Cortex,0.569756,0,0.0,4,0.0
right,NGIQ-BR-00000068,52,OrG_R_6_6,lateral area 12/47,OrG,composite,COMPOSITE_SEED_PENDING,PENDING_HUMAN_REVIEW,1113,0,0.0,lateralorbitofrontal,0.495957,parsorbitalis,0.401617,parstriangularis,0.088949,0.09434,NGIQ-BR-00000309,Right Lateral Orbitofrontal Cortex,0.495957,0,0.0,5,0.0
right,NGIQ-BR-00000070,54,PrG_R_6_1,area 4(head and face region),PrG,single,SINGLE_SEED_CONTROL,SEED_CONTAINMENT_CONFIRMED,1905,0,0.0,precentral,0.971129,postcentral,0.028871,,0,0.942257,NGIQ-BR-00000321,Right Precentral Gyrus,0.971129,0,0.0,2,0.0
right,NGIQ-BR-00000072,56,PrG_R_6_2,caudal dorsolateral area 6,PrG,single,SINGLE_SEED_CONTROL,SEED_CONTAINMENT_CONFIRMED,2652,0,0.0,precentral,0.844646,superiorfrontal,0.097662,caudalmiddlefrontal,0.057692,0.746983,NGIQ-BR-00000321,Right Precentral Gyrus,0.844646,0,0.0,3,0.0
right,NGIQ-BR-00000074,58,PrG_R_6_3,area 4(upper limb region),PrG,single,SINGLE_SEED_CONTROL,SEED_CONTAINMENT_CONFIRMED,2254,0,0.0,precentral,0.964951,postcentral,0.035049,,0,0.929902,NGIQ-BR-00000321,Right Precentral Gyrus,0.964951,0,0.0,2,0.0
right,NGIQ-BR-00000076,60,PrG_R_6_4,area 4(trunk region),PrG,single,SINGLE_SEED_CONTROL,SEED_CONTAINMENT_CONFIRMED,1811,0,0.0,precentral,0.899503,superiorfrontal,0.057427,postcentral,0.04307,0.842076,NGIQ-BR-00000321,Right Precentral Gyrus,0.899503,0,0.0,3,0.0
right,NGIQ-BR-00000078,62,PrG_R_6_5,area 4(tongue and larynx region),PrG,single,SINGLE_SEED_CONTROL,SEED_CONTAINMENT_CONFIRMED,1169,0,0.0,precentral,0.954662,parsopercularis,0.025663,postcentral,0.019675,0.928999,NGIQ-BR-00000321,Right Precentral Gyrus,0.954662,0,0.0,3,0.0
right,NGIQ-BR-00000080,64,PrG_R_6_6,caudal ventrolateral area 6,PrG,single,SINGLE_SEED_CONTROL,SEED_CONTAINMENT_CONFIRMED,1439,0,0.0,precentral,0.965254,caudalmiddlefrontal,0.017373,parsopercularis,0.017373,0.94788,NGIQ-BR-00000321,Right Precentral Gyrus,0.965254,0,0.0,3,0.0
right,NGIQ-BR-00000082,66,PCL_R_2_1,area 1/2/3 (lower limb region),PCL,single,SINGLE_SEED_CONTROL,SEED_CONTAINMENT_CONFIRMED,2123,0,0.0,paracentral,0.928874,precuneus,0.050871,postcentral,0.019312,0.878003,NGIQ-BR-00000314,Right Paracentral Lobule,0.928874,0,0.0,4,0.0
right,NGIQ-BR-00000084,68,PCL_R_2_2,"area 4, (lower limb region)",PCL,single,SINGLE_SEED_CONTROL,SEED_CONTAINMENT_CONFIRMED,1723,0,0.0,paracentral,0.93906,precentral,0.049913,superiorfrontal,0.010447,0.889147,NGIQ-BR-00000314,Right Paracentral Lobule,0.93906,0,0.0,4,0.0
right,NGIQ-BR-00000006,70,STG_R_6_1,medial area 38,STG,composite,COMPOSITE_SEED_PENDING,PENDING_HUMAN_REVIEW,918,0,0.0,temporalpole,0.794118,superiortemporal,0.147059,entorhinal,0.041394,0.105664,NGIQ-BR-00000327,Right Superior Temporal Gyrus,0.147059,0.794118,0.0,6,0.0
right,NGIQ-BR-00000086,72,STG_R_6_2,area 41/42,STG,composite,COMPOSITE_SEED_PENDING,PENDING_HUMAN_REVIEW,1207,0,0.0,superiortemporal,0.865783,transversetemporal,0.126761,supramarginal,0.007457,0.739022,NGIQ-BR-00000327,Right Superior Temporal Gyrus,0.865783,0,0.0,3,0.0
right,NGIQ-BR-00000088,74,STG_R_6_3,TE1.0 and TE1.2,STG,composite,COMPOSITE_SEED_PENDING,PENDING_HUMAN_REVIEW,1856,0,0.0,superiortemporal,0.675108,transversetemporal,0.304957,insula,0.019935,0.370151,NGIQ-BR-00000327,Right Superior Temporal Gyrus,0.675108,0,0.0,3,0.0
right,NGIQ-BR-00000090,76,STG_R_6_4,caudal area 22,STG,composite,COMPOSITE_SEED_PENDING,PENDING_HUMAN_REVIEW,1186,0,0.0,superiortemporal,0.958685,bankssts,0.040472,supramarginal,0.000843,0.957841,NGIQ-BR-00000327,Right Superior Temporal Gyrus,0.958685,0.040472,0.0,3,0.0
right,NGIQ-BR-00000092,78,STG_R_6_5,lateral area 38,STG,composite,COMPOSITE_SEED_PENDING,PENDING_HUMAN_REVIEW,1489,0,0.0,superiortemporal,0.965749,insula,0.034251,,0,0.931498,NGIQ-BR-00000327,Right Superior Temporal Gyrus,0.965749,0,0.0,2,0.0
right,NGIQ-BR-00000094,80,STG_R_6_6,rostral area 22,STG,composite,COMPOSITE_SEED_PENDING,PENDING_HUMAN_REVIEW,617,0,0.0,superiortemporal,0.970827,bankssts,0.029173,,0,0.970827,NGIQ-BR-00000327,Right Superior Temporal Gyrus,0.970827,0.029173,0.0,2,0.0
right,NGIQ-BR-00000008,82,MTG_R_4_1,caudal area 21,MTG,single,SINGLE_SEED_CONTROL,SEED_CONTAINMENT_CONFIRMED,1092,0,0.0,middletemporal,0.97619,inferiortemporal,0.02381,,0,0.952381,NGIQ-BR-00000312,Right Middle Temporal Gyrus,0.97619,0,0.0,2,0.0
right,NGIQ-BR-00000096,84,MTG_R_4_2,rostral area 21,MTG,single,SINGLE_SEED_CONTROL,SEED_CONTAINMENT_CONFIRMED,1256,0,0.0,middletemporal,0.895701,superiortemporal,0.085191,temporalpole,0.01035,0.81051,NGIQ-BR-00000312,Right Middle Temporal Gyrus,0.895701,0.01035,0.0,4,0.0
right,NGIQ-BR-00000098,86,MTG_R_4_3,dorsolateral area 37,MTG,single,SINGLE_SEED_CONTROL,SEED_CONTAINMENT_CONFIRMED,1290,0,0.0,middletemporal,0.873643,inferiorparietal,0.09845,bankssts,0.027907,0.775194,NGIQ-BR-00000312,Right Middle Temporal Gyrus,0.873643,0.027907,0.0,3,0.0
right,NGIQ-BR-00000100,88,MTG_R_4_4,anterior superior temporal sulcus,MTG,single,SINGLE_SEED_CONTROL,SEED_CONTAINMENT_CONFIRMED,2445,0,0.0,middletemporal,0.594683,superiortemporal,0.405317,,0,0.189366,NGIQ-BR-00000312,Right Middle Temporal Gyrus,0.594683,0,0.0,2,0.0
right,NGIQ-BR-00000102,90,ITG_R_7_1,intermediate ventral area 20,ITG,single,SINGLE_SEED_CONTROL,SEED_CONTAINMENT_CONFIRMED,382,0,0.0,inferiortemporal,1.0,,0,,0,1.0,NGIQ-BR-00000306,Right Inferior Temporal Gyrus,1.0,0,0.0,1,0.0
right,NGIQ-BR-00000104,92,ITG_R_7_2,extreme lateroventral area 37,ITG,single,SINGLE_SEED_CONTROL,SEED_CONTAINMENT_CONFIRMED,116,0,0.0,inferiortemporal,1.0,,0,,0,1.0,NGIQ-BR-00000306,Right Inferior Temporal Gyrus,1.0,0,0.0,1,0.0
right,NGIQ-BR-00000106,94,ITG_R_7_3,rostral area 20,ITG,single,SINGLE_SEED_CONTROL,SEED_CONTAINMENT_CONFIRMED,572,0,0.0,inferiortemporal,0.954545,middletemporal,0.033217,temporalpole,0.01049,0.921329,NGIQ-BR-00000306,Right Inferior Temporal Gyrus,0.954545,0.01049,0.0,4,0.0
right,NGIQ-BR-00000108,96,ITG_R_7_4,intermediate lateral area 20,ITG,single,SINGLE_SEED_CONTROL,SEED_CONTAINMENT_CONFIRMED,623,0,0.0,inferiortemporal,0.934189,middletemporal,0.065811,,0,0.868379,NGIQ-BR-00000306,Right Inferior Temporal Gyrus,0.934189,0,0.0,2,0.0
right,NGIQ-BR-00000110,98,ITG_R_7_5,ventrolateral area 37,ITG,single,SINGLE_SEED_CONTROL,SEED_CONTAINMENT_CONFIRMED,513,0,0.0,inferiortemporal,0.888889,middletemporal,0.107212,lateraloccipital,0.003899,0.781676,NGIQ-BR-00000306,Right Inferior Temporal Gyrus,0.888889,0,0.0,3,0.0
right,NGIQ-BR-00000112,100,ITG_R_7_6,caudolateral of area 20,ITG,single,SINGLE_SEED_CONTROL,SEED_CONTAINMENT_CONFIRMED,449,0,0.0,inferiortemporal,0.89755,middletemporal,0.10245,,0,0.7951,NGIQ-BR-00000306,Right Inferior Temporal Gyrus,0.89755,0,0.0,2,0.0
right,NGIQ-BR-00000114,102,ITG_R_7_7,caudoventral of area 20,ITG,single,SINGLE_SEED_CONTROL,SEED_CONTAINMENT_CONFIRMED,974,0,0.0,inferiortemporal,1.0,,0,,0,1.0,NGIQ-BR-00000306,Right Inferior Temporal Gyrus,1.0,0,0.0,1,0.0
right,NGIQ-BR-00000116,104,FuG_R_3_1,rostroventral area 20,FuG,single,SINGLE_SEED_CONTROL,SEED_CONTAINMENT_CONFIRMED,1909,0,0.0,fusiform,0.870089,inferiortemporal,0.095338,parahippocampal,0.014667,0.774751,NGIQ-BR-00000304,Right Fusiform Gyrus,0.870089,0.007334,0.0,5,0.0
right,NGIQ-BR-00000118,106,FuG_R_3_2,medioventral area 37,FuG,single,SINGLE_SEED_CONTROL,SEED_CONTAINMENT_CONFIRMED,1579,0,0.0,fusiform,0.9867,lingual,0.008233,lateraloccipital,0.005066,0.978467,NGIQ-BR-00000304,Right Fusiform Gyrus,0.9867,0,0.0,3,0.0
right,NGIQ-BR-00000120,108,FuG_R_3_3,lateroventral area 37,FuG,single,SINGLE_SEED_CONTROL,SEED_CONTAINMENT_CONFIRMED,1636,0,0.0,fusiform,0.761614,inferiortemporal,0.237164,lateraloccipital,0.001222,0.52445,NGIQ-BR-00000304,Right Fusiform Gyrus,0.761614,0,0.0,3,0.0
right,NGIQ-BR-00000122,110,PhG_R_6_1,rostral area 35/36,PhG,composite,COMPOSITE_SEED_PENDING,PENDING_HUMAN_REVIEW,280,0,0.0,entorhinal,0.903571,fusiform,0.096429,,0,0.807143,NGIQ-BR-00000303,Right Entorhinal Cortex,0.903571,0,0.0,2,0.0
right,NGIQ-BR-00000124,112,PhG_R_6_2,caudal area 35/36,PhG,composite,COMPOSITE_SEED_PENDING,PENDING_HUMAN_REVIEW,371,0,0.0,parahippocampal,0.951482,entorhinal,0.040431,fusiform,0.008086,0.911051,NGIQ-BR-00000313,Right Parahippocampal Gyrus,0.951482,0,0.0,3,0.0
right,NGIQ-BR-00000126,114,PhG_R_6_3,"area TL (lateral PPHC, posterior parahippocampal gyrus)",PhG,composite,COMPOSITE_SEED_PENDING,PENDING_HUMAN_REVIEW,532,0,0.0,parahippocampal,0.836466,fusiform,0.163534,,0,0.672932,NGIQ-BR-00000313,Right Parahippocampal Gyrus,0.836466,0,0.0,2,0.0
right,NGIQ-BR-00000128,116,PhG_R_6_4,"area 28/34 (EC, entorhinal cortex)",PhG,composite,COMPOSITE_SEED_PENDING,PENDING_HUMAN_REVIEW,258,0,0.0,entorhinal,0.693798,parahippocampal,0.306202,,0,0.387597,NGIQ-BR-00000303,Right Entorhinal Cortex,0.693798,0,0.0,2,0.0
right,NGIQ-BR-00000130,118,PhG_R_6_5,area TI(temporal agranular insular cortex),PhG,composite,COMPOSITE_SEED_PENDING,PENDING_HUMAN_REVIEW,179,0,0.0,entorhinal,0.977654,temporalpole,0.022346,,0,0.977654,NGIQ-BR-00000303,Right Entorhinal Cortex,0.977654,0.022346,0.0,2,0.0
right,NGIQ-BR-00000132,120,PhG_R_6_6,area TH (medial PPHC),PhG,composite,COMPOSITE_SEED_PENDING,PENDING_HUMAN_REVIEW,480,0,0.0,parahippocampal,0.995833,lingual,0.004167,,0,0.991667,NGIQ-BR-00000313,Right Parahippocampal Gyrus,0.995833,0,0.0,2,0.0
right,NGIQ-BR-00000134,122,pSTS_R_2_1,rostroposterior superior temporal sulcus,Psts,single,SEED_TARGET_NOT_IN_G1,NO_G1_ROLLUP,1312,0,0.0,bankssts,0.956555,middletemporal,0.036585,superiortemporal,0.00686,0.029726,NGIQ-BR-00000312,Right Middle Temporal Gyrus,0.036585,0.956555,0.0,3,0.0
right,NGIQ-BR-00000136,124,pSTS_R_2_2,caudoposterior superior temporal sulcus,Psts,single,SEED_TARGET_NOT_IN_G1,NO_G1_ROLLUP,801,0,0.0,bankssts,0.933833,supramarginal,0.047441,inferiorparietal,0.009988,0.037453,NGIQ-BR-00000328,Right Supramarginal Gyrus,0.047441,0.933833,0.0,4,0.0
right,NGIQ-BR-00000010,126,SPL_R_5_1,rostral area 7,SPL,single,SINGLE_SEED_CONTROL,SEED_CONTAINMENT_CONFIRMED,1349,0,0.0,superiorparietal,1.0,,0,,0,1.0,NGIQ-BR-00000326,Right Superior Parietal Lobule,1.0,0,0.0,1,0.0
right,NGIQ-BR-00000138,128,SPL_R_5_2,caudal area 7,SPL,single,SINGLE_SEED_CONTROL,SEED_CONTAINMENT_CONFIRMED,1421,0,0.0,superiorparietal,1.0,,0,,0,1.0,NGIQ-BR-00000326,Right Superior Parietal Lobule,1.0,0,0.0,1,0.0
right,NGIQ-BR-00000140,130,SPL_R_5_3,lateral area 5,SPL,single,SINGLE_SEED_CONTROL,SEED_CONTAINMENT_CONFIRMED,1536,0,0.0,superiorparietal,0.979167,supramarginal,0.011068,postcentral,0.009766,0.968099,NGIQ-BR-00000326,Right Superior Parietal Lobule,0.979167,0,0.0,3,0.0
right,NGIQ-BR-00000142,132,SPL_R_5_4,postcentral area 7,SPL,single,SINGLE_SEED_CONTROL,SEED_CONTAINMENT_CONFIRMED,1464,0,0.0,superiorparietal,0.986339,postcentral,0.013661,,0,0.972678,NGIQ-BR-00000326,Right Superior Parietal Lobule,0.986339,0,0.0,2,0.0
right,NGIQ-BR-00000144,134,SPL_R_5_5,intraparietal area 7(hIP3),SPL,single,SINGLE_SEED_CONTROL,SEED_CONTAINMENT_CONFIRMED,1226,0,0.0,superiorparietal,0.967374,inferiorparietal,0.032626,,0,0.934747,NGIQ-BR-00000326,Right Superior Parietal Lobule,0.967374,0,0.0,2,0.0
right,NGIQ-BR-00000012,136,IPL_R_6_1,caudal area 39(PGp),IPL,composite,COMPOSITE_SEED_PENDING,PENDING_HUMAN_REVIEW,2494,0,0.0,inferiorparietal,0.98316,middletemporal,0.014435,lateraloccipital,0.002005,0.968725,NGIQ-BR-00000305,Right Inferior Parietal Lobule,0.98316,0,0.0,4,0.0
right,NGIQ-BR-00000146,138,IPL_R_6_2,rostrodorsal area 39(Hip3),IPL,composite,COMPOSITE_SEED_PENDING,PENDING_HUMAN_REVIEW,2674,0,0.0,inferiorparietal,0.927823,superiorparietal,0.072177,,0,0.855647,NGIQ-BR-00000305,Right Inferior Parietal Lobule,0.927823,0,0.0,2,0.0
right,NGIQ-BR-00000148,140,IPL_R_6_3,rostrodorsal area 40(PFt),IPL,composite,COMPOSITE_SEED_PENDING,PENDING_HUMAN_REVIEW,3043,0,0.0,supramarginal,0.794611,inferiorparietal,0.178442,superiorparietal,0.016103,0.616168,NGIQ-BR-00000328,Right Supramarginal Gyrus,0.794611,0,0.0,4,0.0
right,NGIQ-BR-00000150,142,IPL_R_6_4,caudal area 40(PFm),IPL,composite,COMPOSITE_SEED_PENDING,PENDING_HUMAN_REVIEW,2359,0,0.0,supramarginal,0.695634,inferiorparietal,0.299279,superiortemporal,0.005087,0.396354,NGIQ-BR-00000328,Right Supramarginal Gyrus,0.695634,0,0.0,3,0.0
right,NGIQ-BR-00000152,144,IPL_R_6_5,rostroventral area 39(PGa),IPL,composite,COMPOSITE_SEED_PENDING,PENDING_HUMAN_REVIEW,3341,0,0.0,inferiorparietal,0.917989,supramarginal,0.049386,bankssts,0.027237,0.868602,NGIQ-BR-00000305,Right Inferior Parietal Lobule,0.917989,0.027237,0.0,4,0.0
right,NGIQ-BR-00000154,146,IPL_R_6_6,rostroventral area 40(PFop),IPL,composite,COMPOSITE_SEED_PENDING,PENDING_HUMAN_REVIEW,3879,0,0.0,supramarginal,0.965971,postcentral,0.018561,superiortemporal,0.010312,0.947409,NGIQ-BR-00000328,Right Supramarginal Gyrus,0.965971,0,0.0,5,0.0
right,NGIQ-BR-00000156,148,PCun_R_4_1,medial area 7(PEp),Pcun,single,SINGLE_SEED_CONTROL,SEED_CONTAINMENT_CONFIRMED,1236,0,0.0,precuneus,0.855178,superiorparietal,0.144822,,0,0.710356,NGIQ-BR-00000322,Right Precuneus,0.855178,0,0.0,2,0.0
right,NGIQ-BR-00000158,150,PCun_R_4_2,medial area 5(PEm),Pcun,single,SINGLE_SEED_CONTROL,SEED_CONTAINMENT_CONFIRMED,1861,0,0.0,precuneus,0.945191,superiorparietal,0.053735,paracentral,0.001075,0.891456,NGIQ-BR-00000322,Right Precuneus,0.945191,0,0.0,3,0.0
right,NGIQ-BR-00000160,152,PCun_R_4_3,dorsomedial parietooccipital sulcus(PEr),Pcun,single,SINGLE_SEED_CONTROL,SEED_CONTAINMENT_CONFIRMED,2740,0,0.0,precuneus,0.923723,superiorparietal,0.048175,lingual,0.009489,0.875547,NGIQ-BR-00000322,Right Precuneus,0.923723,0,0.0,6,0.0
right,NGIQ-BR-00000162,154,PCun_R_4_4,area 31 (Lc1),Pcun,single,SINGLE_SEED_CONTROL,SEED_CONTAINMENT_CONFIRMED,2446,0,0.0,precuneus,0.969338,isthmuscingulate,0.030662,,0,0.938675,NGIQ-BR-00000322,Right Precuneus,0.969338,0,0.0,2,0.0
right,NGIQ-BR-00000164,156,PoG_R_4_1,"area 1/2/3(upper limb, head and face region)",PoG,single,SINGLE_SEED_CONTROL,SEED_CONTAINMENT_CONFIRMED,2740,0,0.0,postcentral,0.990146,precentral,0.009854,,0,0.980292,NGIQ-BR-00000319,Right Postcentral Gyrus,0.990146,0,0.0,2,0.0
right,NGIQ-BR-00000166,158,PoG_R_4_2,area 1/2/3(tongue and larynx region),PoG,single,SINGLE_SEED_CONTROL,SEED_CONTAINMENT_CONFIRMED,1819,0,0.0,postcentral,0.930181,supramarginal,0.031336,precentral,0.025289,0.898846,NGIQ-BR-00000319,Right Postcentral Gyrus,0.930181,0,0.0,4,0.0
right,NGIQ-BR-00000168,160,PoG_R_4_3,area 2,PoG,single,SINGLE_SEED_CONTROL,SEED_CONTAINMENT_CONFIRMED,2489,0,0.0,postcentral,0.97951,supramarginal,0.017678,superiorparietal,0.002812,0.961832,NGIQ-BR-00000319,Right Postcentral Gyrus,0.97951,0,0.0,3,0.0
right,NGIQ-BR-00000170,162,PoG_R_4_4,area 1/2/3(trunk region),PoG,single,SINGLE_SEED_CONTROL,SEED_CONTAINMENT_CONFIRMED,1910,0,0.0,postcentral,0.965445,superiorparietal,0.027749,paracentral,0.004712,0.937696,NGIQ-BR-00000319,Right Postcentral Gyrus,0.965445,0,0.0,4,0.0
right,NGIQ-BR-00000014,164,INS_R_6_1,hypergranular insula,INS,single,SINGLE_SEED_CONTROL,SEED_CONTAINMENT_CONFIRMED,1092,0,0.0,insula,0.946886,transversetemporal,0.041209,supramarginal,0.011905,0.905678,NGIQ-BR-00000330,Right Insula,0.946886,0,0.0,3,0.0
right,NGIQ-BR-00000172,166,INS_R_6_2,ventral agranular insula,INS,single,SINGLE_SEED_CONTROL,SEED_CONTAINMENT_CONFIRMED,413,0,0.0,insula,0.920097,lateralorbitofrontal,0.079903,,0,0.840194,NGIQ-BR-00000330,Right Insula,0.920097,0,0.0,2,0.0
right,NGIQ-BR-00000174,168,INS_R_6_3,dorsal agranular insula,INS,single,SINGLE_SEED_CONTROL,SEED_CONTAINMENT_CONFIRMED,658,0,0.0,insula,0.93921,lateralorbitofrontal,0.037994,parsopercularis,0.015198,0.901216,NGIQ-BR-00000330,Right Insula,0.93921,0,0.0,4,0.0
right,NGIQ-BR-00000176,170,INS_R_6_4,ventral dysgranular and granular insula,INS,single,SINGLE_SEED_CONTROL,SEED_CONTAINMENT_CONFIRMED,1216,0,0.0,insula,0.922697,superiortemporal,0.077303,,0,0.845395,NGIQ-BR-00000330,Right Insula,0.922697,0,0.0,2,0.0
right,NGIQ-BR-00000178,172,INS_R_6_5,dorsal granular insula,INS,single,SINGLE_SEED_CONTROL,SEED_CONTAINMENT_CONFIRMED,807,0,0.0,insula,0.957869,postcentral,0.042131,,0,0.915737,NGIQ-BR-00000330,Right Insula,0.957869,0,0.0,2,0.0
right,NGIQ-BR-00000180,174,INS_R_6_6,dorsal dysgranular insula,INS,single,SINGLE_SEED_CONTROL,SEED_CONTAINMENT_CONFIRMED,922,0,0.0,insula,0.939262,precentral,0.037961,parsopercularis,0.022777,0.901302,NGIQ-BR-00000330,Right Insula,0.939262,0,0.0,3,0.0
right,NGIQ-BR-00000182,176,CG_R_7_1,dorsal area 23,CG,composite,COMPOSITE_SEED_PENDING,PENDING_HUMAN_REVIEW,1060,0,0.0,isthmuscingulate,0.616038,posteriorcingulate,0.346226,precuneus,0.037736,0.269811,NGIQ-BR-00000307,Right Isthmus Of Cingulate Gyrus,0.616038,0,0.0,3,0.0
right,NGIQ-BR-00000184,178,CG_R_7_2,rostroventral area 24,CG,composite,COMPOSITE_SEED_PENDING,PENDING_HUMAN_REVIEW,1481,0,0.0,caudalanteriorcingulate,0.474679,rostralanteriorcingulate,0.272113,posteriorcingulate,0.251182,0.202566,NGIQ-BR-00000300,Right Caudal Anterior Cingulate Cortex,0.474679,0,0.0,4,0.0
right,NGIQ-BR-00000186,180,CG_R_7_3,pregenual area 32,CG,composite,COMPOSITE_SEED_PENDING,PENDING_HUMAN_REVIEW,701,0,0.0,caudalanteriorcingulate,0.805991,superiorfrontal,0.141227,rostralanteriorcingulate,0.052782,0.664765,NGIQ-BR-00000300,Right Caudal Anterior Cingulate Cortex,0.805991,0,0.0,3,0.0
right,NGIQ-BR-00000188,182,CG_R_7_4,ventral area 23,CG,composite,COMPOSITE_SEED_PENDING,PENDING_HUMAN_REVIEW,1585,0,0.0,isthmuscingulate,0.892114,posteriorcingulate,0.063722,precuneus,0.028391,0.828391,NGIQ-BR-00000307,Right Isthmus Of Cingulate Gyrus,0.892114,0,0.0,5,0.0
right,NGIQ-BR-00000190,184,CG_R_7_5,caudodorsal area 24,CG,composite,COMPOSITE_SEED_PENDING,PENDING_HUMAN_REVIEW,684,0,0.0,caudalanteriorcingulate,0.489766,posteriorcingulate,0.428363,superiorfrontal,0.081871,0.061404,NGIQ-BR-00000300,Right Caudal Anterior Cingulate Cortex,0.489766,0,0.0,3,0.0
right,NGIQ-BR-00000192,186,CG_R_7_6,caudal area 24,CG,composite,COMPOSITE_SEED_PENDING,PENDING_HUMAN_REVIEW,1752,0,0.0,posteriorcingulate,0.890982,paracentral,0.082763,precuneus,0.022831,0.808219,NGIQ-BR-00000320,Right Posterior Cingulate Cortex,0.890982,0,0.0,4,0.0
right,NGIQ-BR-00000194,188,CG_R_7_7,subgenual area 32,CG,composite,COMPOSITE_SEED_PENDING,PENDING_HUMAN_REVIEW,535,0,0.0,rostralanteriorcingulate,0.900935,superiorfrontal,0.06729,medialorbitofrontal,0.028037,0.833645,NGIQ-BR-00000323,Right Rostral Anterior Cingulate Cortex,0.900935,0,0.0,4,0.0
right,NGIQ-BR-00000016,190,MVOcC_R_5_1,caudal lingual gyrus,MVOcC,composite,HUMAN_AUTHORITY_APPROVED_CANDIDATE,HUMAN_AUTHORITY_APPROVED_CANDIDATE,977,0,0.0,lingual,0.790174,pericalcarine,0.155578,lateraloccipital,0.054248,0.634596,NGIQ-BR-00000310,Right Lingual Gyrus,0.790174,0,0.0,3,0.0
right,NGIQ-BR-00000196,192,MVOcC_R_5_2,rostral cuneus gyrus,MVOcC,composite,HUMAN_AUTHORITY_APPROVED_CANDIDATE,HUMAN_AUTHORITY_APPROVED_CANDIDATE,1498,0,0.0,pericalcarine,0.44259,lingual,0.307744,cuneus,0.249666,0.134846,NGIQ-BR-00000318,Right Pericalcarine Cortex,0.44259,0,0.0,3,0.0
right,NGIQ-BR-00000198,194,MVOcC_R_5_3,caudal cuneus gyrus,MVOcC,composite,HUMAN_AUTHORITY_APPROVED_CANDIDATE,HUMAN_AUTHORITY_APPROVED_CANDIDATE,986,0,0.0,cuneus,0.560852,pericalcarine,0.391481,superiorparietal,0.025355,0.169371,NGIQ-BR-00000302,Right Cuneus,0.560852,0,0.0,4,0.0
right,NGIQ-BR-00000200,196,MVOcC_R_5_4,rostral lingual gyrus,MVOcC,composite,HUMAN_AUTHORITY_APPROVED_CANDIDATE,HUMAN_AUTHORITY_APPROVED_CANDIDATE,1536,0,0.0,lingual,0.923177,parahippocampal,0.048177,fusiform,0.028646,0.875,NGIQ-BR-00000310,Right Lingual Gyrus,0.923177,0,0.0,3,0.0
right,NGIQ-BR-00000202,198,MVOcC_R_5_5,ventromedial parietooccipital sulcus,MVOcC,composite,COMPOSITE_SEED_PENDING,NO_G1_ROLLUP,2514,0,0.0,lingual,0.47494,cuneus,0.232697,pericalcarine,0.196897,0.242243,NGIQ-BR-00000310,Right Lingual Gyrus,0.47494,0,0.0,6,0.0
right,NGIQ-BR-00000204,200,LOcC_R_4_1,middle occipital gyrus,LOcC,single,SINGLE_SEED_CONTROL,SEED_CONTAINMENT_CONFIRMED,1423,0,0.0,lateraloccipital,0.951511,inferiorparietal,0.048489,,0,0.903022,NGIQ-BR-00000308,Right Lateral Occipital Cortex,0.951511,0,0.0,2,0.0
right,NGIQ-BR-00000206,202,LOcC_R_4_2,area V5/MT+,LOcC,single,SINGLE_SEED_CONTROL,SEED_CONTAINMENT_CONFIRMED,1411,0,0.0,lateraloccipital,0.820695,inferiortemporal,0.091425,inferiorparietal,0.07158,0.72927,NGIQ-BR-00000308,Right Lateral Occipital Cortex,0.820695,0,0.0,5,0.0
right,NGIQ-BR-00000208,204,LOcC_R_4_3,occipital polar cortex,LOcC,single,SINGLE_SEED_CONTROL,SEED_CONTAINMENT_CONFIRMED,1938,0,0.0,lateraloccipital,0.921053,pericalcarine,0.053148,cuneus,0.0258,0.867905,NGIQ-BR-00000308,Right Lateral Occipital Cortex,0.921053,0,0.0,3,0.0
right,NGIQ-BR-00000210,206,LOcC_R_4_4,inferior occipital gyrus,LOcC,single,SINGLE_SEED_CONTROL,SEED_CONTAINMENT_CONFIRMED,1438,0,0.0,lateraloccipital,0.979138,fusiform,0.020862,,0,0.958275,NGIQ-BR-00000308,Right Lateral Occipital Cortex,0.979138,0,0.0,2,0.0
right,NGIQ-BR-00000212,208,LOcC_R_2_1,medial superior occipital gyrus,LOcC,single,SINGLE_SEED_CONTROL,SEED_CONTAINMENT_CONFIRMED,1311,0,0.0,superiorparietal,0.831426,lateraloccipital,0.121281,cuneus,0.040427,0.710145,NGIQ-BR-00000326,Right Superior Parietal Lobule,0.831426,0,0.0,4,0.0
right,NGIQ-BR-00000214,210,LOcC_R_2_2,lateral superior occipital gyrus,LOcC,single,SINGLE_SEED_CONTROL,SEED_CONTAINMENT_CONFIRMED,1578,0,0.0,superiorparietal,0.943599,inferiorparietal,0.051965,lateraloccipital,0.004436,0.891635,NGIQ-BR-00000326,Right Superior Parietal Lobule,0.943599,0,0.0,3,0.0
