parcel_id,g3_entity_id,g3_name_en,g3_name_zh,official_code,official_modified_name,seed_mask,seed_dk_constituents,candidate_g1,hemisphere,current_human_decision,review_basis
15,NGIQ-BR-00000033,"Left Middle frontal gyrus, Brainnetome 7_1",左侧额中回（Brainnetome 7-1）,MFG_L_7_1,dorsal area 9/46,MFG,Anterior and Posterior part of Middle Frontal Gyrus,,left,PENDING_HUMAN_REVIEW,composite DK seed; candidate requires anatomical/spatial review
16,NGIQ-BR-00000034,"Right Middle frontal gyrus, Brainnetome 7_1",右侧额中回（Brainnetome 7-1）,MFG_R_7_1,dorsal area 9/46,MFG,Anterior and Posterior part of Middle Frontal Gyrus,,right,PENDING_HUMAN_REVIEW,composite DK seed; candidate requires anatomical/spatial review
17,NGIQ-BR-00000035,"Left Middle frontal gyrus, Brainnetome 7_2",左侧额中回（Brainnetome 7-2）,MFG_L_7_2,inferior frontal junction,MFG,Anterior and Posterior part of Middle Frontal Gyrus,,left,PENDING_HUMAN_REVIEW,composite DK seed; candidate requires anatomical/spatial review
18,NGIQ-BR-00000036,"Right Middle frontal gyrus, Brainnetome 7_2",右侧额中回（Brainnetome 7-2）,MFG_R_7_2,inferior frontal junction,MFG,Anterior and Posterior part of Middle Frontal Gyrus,,right,PENDING_HUMAN_REVIEW,composite DK seed; candidate requires anatomical/spatial review
19,NGIQ-BR-00000037,"Left Middle frontal gyrus, Brainnetome 7_3",左侧额中回（Brainnetome 7-3）,MFG_L_7_3,area 46,MFG,Anterior and Posterior part of Middle Frontal Gyrus,,left,PENDING_HUMAN_REVIEW,composite DK seed; candidate requires anatomical/spatial review
20,NGIQ-BR-00000038,"Right Middle frontal gyrus, Brainnetome 7_3",右侧额中回（Brainnetome 7-3）,MFG_R_7_3,area 46,MFG,Anterior and Posterior part of Middle Frontal Gyrus,,right,PENDING_HUMAN_REVIEW,composite DK seed; candidate requires anatomical/spatial review
21,NGIQ-BR-00000039,"Left Middle frontal gyrus, Brainnetome 7_4",左侧额中回（Brainnetome 7-4）,MFG_L_7_4,ventral area 9/46,MFG,Anterior and Posterior part of Middle Frontal Gyrus,,left,PENDING_HUMAN_REVIEW,composite DK seed; candidate requires anatomical/spatial review
22,NGIQ-BR-00000040,"Right Middle frontal gyrus, Brainnetome 7_4",右侧额中回（Brainnetome 7-4）,MFG_R_7_4,ventral area 9/46,MFG,Anterior and Posterior part of Middle Frontal Gyrus,,right,PENDING_HUMAN_REVIEW,composite DK seed; candidate requires anatomical/spatial review
23,NGIQ-BR-00000041,"Left Middle frontal gyrus, Brainnetome 7_5",左侧额中回（Brainnetome 7-5）,MFG_L_7_5,ventrolateral area 8,MFG,Anterior and Posterior part of Middle Frontal Gyrus,,left,PENDING_HUMAN_REVIEW,composite DK seed; candidate requires anatomical/spatial review
24,NGIQ-BR-00000042,"Right Middle frontal gyrus, Brainnetome 7_5",右侧额中回（Brainnetome 7-5）,MFG_R_7_5,ventrolateral area 8,MFG,Anterior and Posterior part of Middle Frontal Gyrus,,right,PENDING_HUMAN_REVIEW,composite DK seed; candidate requires anatomical/spatial review
25,NGIQ-BR-00000043,"Left Middle frontal gyrus, Brainnetome 7_6",左侧额中回（Brainnetome 7-6）,MFG_L_7_6,ventrolateral area 6,MFG,Anterior and Posterior part of Middle Frontal Gyrus,,left,PENDING_HUMAN_REVIEW,composite DK seed; candidate requires anatomical/spatial review
26,NGIQ-BR-00000044,"Right Middle frontal gyrus, Brainnetome 7_6",右侧额中回（Brainnetome 7-6）,MFG_R_7_6,ventrolateral area 6,MFG,Anterior and Posterior part of Middle Frontal Gyrus,,right,PENDING_HUMAN_REVIEW,composite DK seed; candidate requires anatomical/spatial review
27,NGIQ-BR-00000045,"Left Middle frontal gyrus, Brainnetome 7_7",左侧额中回（Brainnetome 7-7）,MFG_L_7_7,lateral area 10,MFG,Anterior and Posterior part of Middle Frontal Gyrus,,left,PENDING_HUMAN_REVIEW,composite DK seed; candidate requires anatomical/spatial review
28,NGIQ-BR-00000046,"Right Middle frontal gyrus, Brainnetome 7_7",右侧额中回（Brainnetome 7-7）,MFG_R_7_7,lateral area 10,MFG,Anterior and Posterior part of Middle Frontal Gyrus,,right,PENDING_HUMAN_REVIEW,composite DK seed; candidate requires anatomical/spatial review
29,NGIQ-BR-00000003,"Left Inferior frontal gyrus, Brainnetome 6_1",左侧额下回（Brainnetome 6-1）,IFG_L_6_1,dorsal area 44,IFG,Pars Opercularis; Pars Triangularis,,left,PENDING_HUMAN_REVIEW,composite DK seed; candidate requires anatomical/spatial review
30,NGIQ-BR-00000004,"Right Inferior frontal gyrus, Brainnetome 6_1",右侧额下回（Brainnetome 6-1）,IFG_R_6_1,dorsal area 44,IFG,Pars Opercularis; Pars Triangularis,,right,PENDING_HUMAN_REVIEW,composite DK seed; candidate requires anatomical/spatial review
31,NGIQ-BR-00000047,"Left Inferior frontal gyrus, Brainnetome 6_2",左侧额下回（Brainnetome 6-2）,IFG_L_6_2,inferior frontal sulcus,IFG,Pars Opercularis; Pars Triangularis,,left,NO_G1_ROLLUP,sulcus parcel; CURRENT G1 has no sulcus concept (frozen NO_ROLLUP preserved)
32,NGIQ-BR-00000048,"Right Inferior frontal gyrus, Brainnetome 6_2",右侧额下回（Brainnetome 6-2）,IFG_R_6_2,inferior frontal sulcus,IFG,Pars Opercularis; Pars Triangularis,,right,NO_G1_ROLLUP,sulcus parcel; CURRENT G1 has no sulcus concept (frozen NO_ROLLUP preserved)
33,NGIQ-BR-00000049,"Left Inferior frontal gyrus, Brainnetome 6_3",左侧额下回（Brainnetome 6-3）,IFG_L_6_3,caudal area 45,IFG,Pars Opercularis; Pars Triangularis,,left,PENDING_HUMAN_REVIEW,composite DK seed; candidate requires anatomical/spatial review
34,NGIQ-BR-00000050,"Right Inferior frontal gyrus, Brainnetome 6_3",右侧额下回（Brainnetome 6-3）,IFG_R_6_3,caudal area 45,IFG,Pars Opercularis; Pars Triangularis,,right,PENDING_HUMAN_REVIEW,composite DK seed; candidate requires anatomical/spatial review
35,NGIQ-BR-00000051,"Left Inferior frontal gyrus, Brainnetome 6_4",左侧额下回（Brainnetome 6-4）,IFG_L_6_4,rostral area 45,IFG,Pars Opercularis; Pars Triangularis,,left,PENDING_HUMAN_REVIEW,composite DK seed; candidate requires anatomical/spatial review
36,NGIQ-BR-00000052,"Right Inferior frontal gyrus, Brainnetome 6_4",右侧额下回（Brainnetome 6-4）,IFG_R_6_4,rostral area 45,IFG,Pars Opercularis; Pars Triangularis,,right,PENDING_HUMAN_REVIEW,composite DK seed; candidate requires anatomical/spatial review
37,NGIQ-BR-00000053,"Left Inferior frontal gyrus, Brainnetome 6_5",左侧额下回（Brainnetome 6-5）,IFG_L_6_5,opercular area 44,IFG,Pars Opercularis; Pars Triangularis,,left,PENDING_HUMAN_REVIEW,composite DK seed; candidate requires anatomical/spatial review
38,NGIQ-BR-00000054,"Right Inferior frontal gyrus, Brainnetome 6_5",右侧额下回（Brainnetome 6-5）,IFG_R_6_5,opercular area 44,IFG,Pars Opercularis; Pars Triangularis,,right,PENDING_HUMAN_REVIEW,composite DK seed; candidate requires anatomical/spatial review
39,NGIQ-BR-00000055,"Left Inferior frontal gyrus, Brainnetome 6_6",左侧额下回（Brainnetome 6-6）,IFG_L_6_6,ventral area 44,IFG,Pars Opercularis; Pars Triangularis,,left,PENDING_HUMAN_REVIEW,composite DK seed; candidate requires anatomical/spatial review
40,NGIQ-BR-00000056,"Right Inferior frontal gyrus, Brainnetome 6_6",右侧额下回（Brainnetome 6-6）,IFG_R_6_6,ventral area 44,IFG,Pars Opercularis; Pars Triangularis,,right,PENDING_HUMAN_REVIEW,composite DK seed; candidate requires anatomical/spatial review
41,NGIQ-BR-00000057,"Left Orbital gyrus, Brainnetome 6_1",左侧眶回（Brainnetome 6-1）,OrG_L_6_1,medial area 14,OrG,Pars Orbitalis; Lateral and Medial Divisions of Orbital Gyrus; Frontal Pole,,left,PENDING_HUMAN_REVIEW,composite DK seed; candidate requires anatomical/spatial review
42,NGIQ-BR-00000058,"Right Orbital gyrus, Brainnetome 6_1",右侧眶回（Brainnetome 6-1）,OrG_R_6_1,medial area 14,OrG,Pars Orbitalis; Lateral and Medial Divisions of Orbital Gyrus; Frontal Pole,,right,PENDING_HUMAN_REVIEW,composite DK seed; candidate requires anatomical/spatial review
43,NGIQ-BR-00000059,"Left Orbital gyrus, Brainnetome 6_2",左侧眶回（Brainnetome 6-2）,OrG_L_6_2,orbital area 12/47,OrG,Pars Orbitalis; Lateral and Medial Divisions of Orbital Gyrus; Frontal Pole,,left,PENDING_HUMAN_REVIEW,composite DK seed; candidate requires anatomical/spatial review
44,NGIQ-BR-00000060,"Right Orbital gyrus, Brainnetome 6_2",右侧眶回（Brainnetome 6-2）,OrG_R_6_2,orbital area 12/47,OrG,Pars Orbitalis; Lateral and Medial Divisions of Orbital Gyrus; Frontal Pole,,right,PENDING_HUMAN_REVIEW,composite DK seed; candidate requires anatomical/spatial review
45,NGIQ-BR-00000061,"Left Orbital gyrus, Brainnetome 6_3",左侧眶回（Brainnetome 6-3）,OrG_L_6_3,lateral area 11,OrG,Pars Orbitalis; Lateral and Medial Divisions of Orbital Gyrus; Frontal Pole,,left,PENDING_HUMAN_REVIEW,composite DK seed; candidate requires anatomical/spatial review
46,NGIQ-BR-00000062,"Right Orbital gyrus, Brainnetome 6_3",右侧眶回（Brainnetome 6-3）,OrG_R_6_3,lateral area 11,OrG,Pars Orbitalis; Lateral and Medial Divisions of Orbital Gyrus; Frontal Pole,,right,PENDING_HUMAN_REVIEW,composite DK seed; candidate requires anatomical/spatial review
47,NGIQ-BR-00000063,"Left Orbital gyrus, Brainnetome 6_4",左侧眶回（Brainnetome 6-4）,OrG_L_6_4,medial area 11,OrG,Pars Orbitalis; Lateral and Medial Divisions of Orbital Gyrus; Frontal Pole,,left,PENDING_HUMAN_REVIEW,composite DK seed; candidate requires anatomical/spatial review
48,NGIQ-BR-00000064,"Right Orbital gyrus, Brainnetome 6_4",右侧眶回（Brainnetome 6-4）,OrG_R_6_4,medial area 11,OrG,Pars Orbitalis; Lateral and Medial Divisions of Orbital Gyrus; Frontal Pole,,right,PENDING_HUMAN_REVIEW,composite DK seed; candidate requires anatomical/spatial review
49,NGIQ-BR-00000065,"Left Orbital gyrus, Brainnetome 6_5",左侧眶回（Brainnetome 6-5）,OrG_L_6_5,area 13,OrG,Pars Orbitalis; Lateral and Medial Divisions of Orbital Gyrus; Frontal Pole,,left,PENDING_HUMAN_REVIEW,composite DK seed; candidate requires anatomical/spatial review
50,NGIQ-BR-00000066,"Right Orbital gyrus, Brainnetome 6_5",右侧眶回（Brainnetome 6-5）,OrG_R_6_5,area 13,OrG,Pars Orbitalis; Lateral and Medial Divisions of Orbital Gyrus; Frontal Pole,,right,PENDING_HUMAN_REVIEW,composite DK seed; candidate requires anatomical/spatial review
51,NGIQ-BR-00000067,"Left Orbital gyrus, Brainnetome 6_6",左侧眶回（Brainnetome 6-6）,OrG_L_6_6,lateral area 12/47,OrG,Pars Orbitalis; Lateral and Medial Divisions of Orbital Gyrus; Frontal Pole,,left,PENDING_HUMAN_REVIEW,composite DK seed; candidate requires anatomical/spatial review
52,NGIQ-BR-00000068,"Right Orbital gyrus, Brainnetome 6_6",右侧眶回（Brainnetome 6-6）,OrG_R_6_6,lateral area 12/47,OrG,Pars Orbitalis; Lateral and Medial Divisions of Orbital Gyrus; Frontal Pole,,right,PENDING_HUMAN_REVIEW,composite DK seed; candidate requires anatomical/spatial review
69,NGIQ-BR-00000005,"Left Superior temporal gyrus, Brainnetome 6_1",左侧颞上回（Brainnetome 6-1）,STG_L_6_1,medial area 38,STG,Superior Temporal Gyrus; Temporal Pole; Transverse Temporal Cortex,,left,PENDING_HUMAN_REVIEW,composite DK seed; candidate requires anatomical/spatial review
70,NGIQ-BR-00000006,"Right Superior temporal gyrus, Brainnetome 6_1",右侧颞上回（Brainnetome 6-1）,STG_R_6_1,medial area 38,STG,Superior Temporal Gyrus; Temporal Pole; Transverse Temporal Cortex,,right,PENDING_HUMAN_REVIEW,composite DK seed; candidate requires anatomical/spatial review
71,NGIQ-BR-00000085,"Left Superior temporal gyrus, Brainnetome 6_2",左侧颞上回（Brainnetome 6-2）,STG_L_6_2,area 41/42,STG,Superior Temporal Gyrus; Temporal Pole; Transverse Temporal Cortex,,left,PENDING_HUMAN_REVIEW,composite DK seed; candidate requires anatomical/spatial review
72,NGIQ-BR-00000086,"Right Superior temporal gyrus, Brainnetome 6_2",右侧颞上回（Brainnetome 6-2）,STG_R_6_2,area 41/42,STG,Superior Temporal Gyrus; Temporal Pole; Transverse Temporal Cortex,,right,PENDING_HUMAN_REVIEW,composite DK seed; candidate requires anatomical/spatial review
73,NGIQ-BR-00000087,"Left Superior temporal gyrus, Brainnetome 6_3",左侧颞上回（Brainnetome 6-3）,STG_L_6_3,TE1.0 and TE1.2,STG,Superior Temporal Gyrus; Temporal Pole; Transverse Temporal Cortex,,left,PENDING_HUMAN_REVIEW,composite DK seed; candidate requires anatomical/spatial review
74,NGIQ-BR-00000088,"Right Superior temporal gyrus, Brainnetome 6_3",右侧颞上回（Brainnetome 6-3）,STG_R_6_3,TE1.0 and TE1.2,STG,Superior Temporal Gyrus; Temporal Pole; Transverse Temporal Cortex,,right,PENDING_HUMAN_REVIEW,composite DK seed; candidate requires anatomical/spatial review
75,NGIQ-BR-00000089,"Left Superior temporal gyrus, Brainnetome 6_4",左侧颞上回（Brainnetome 6-4）,STG_L_6_4,caudal area 22,STG,Superior Temporal Gyrus; Temporal Pole; Transverse Temporal Cortex,,left,PENDING_HUMAN_REVIEW,composite DK seed; candidate requires anatomical/spatial review
76,NGIQ-BR-00000090,"Right Superior temporal gyrus, Brainnetome 6_4",右侧颞上回（Brainnetome 6-4）,STG_R_6_4,caudal area 22,STG,Superior Temporal Gyrus; Temporal Pole; Transverse Temporal Cortex,,right,PENDING_HUMAN_REVIEW,composite DK seed; candidate requires anatomical/spatial review
77,NGIQ-BR-00000091,"Left Superior temporal gyrus, Brainnetome 6_5",左侧颞上回（Brainnetome 6-5）,STG_L_6_5,lateral area 38,STG,Superior Temporal Gyrus; Temporal Pole; Transverse Temporal Cortex,,left,PENDING_HUMAN_REVIEW,composite DK seed; candidate requires anatomical/spatial review
78,NGIQ-BR-00000092,"Right Superior temporal gyrus, Brainnetome 6_5",右侧颞上回（Brainnetome 6-5）,STG_R_6_5,lateral area 38,STG,Superior Temporal Gyrus; Temporal Pole; Transverse Temporal Cortex,,right,PENDING_HUMAN_REVIEW,composite DK seed; candidate requires anatomical/spatial review
79,NGIQ-BR-00000093,"Left Superior temporal gyrus, Brainnetome 6_6",左侧颞上回（Brainnetome 6-6）,STG_L_6_6,rostral area 22,STG,Superior Temporal Gyrus; Temporal Pole; Transverse Temporal Cortex,,left,PENDING_HUMAN_REVIEW,composite DK seed; candidate requires anatomical/spatial review
80,NGIQ-BR-00000094,"Right Superior temporal gyrus, Brainnetome 6_6",右侧颞上回（Brainnetome 6-6）,STG_R_6_6,rostral area 22,STG,Superior Temporal Gyrus; Temporal Pole; Transverse Temporal Cortex,,right,PENDING_HUMAN_REVIEW,composite DK seed; candidate requires anatomical/spatial review
109,NGIQ-BR-00000121,"Left Parahippocampal gyrus, Brainnetome 6_1",左侧海马旁回（Brainnetome 6-1）,PhG_L_6_1,rostral area 35/36,PhG,Entorhinal Area; Parahippocampal Gyrus,,left,PENDING_HUMAN_REVIEW,composite DK seed; candidate requires anatomical/spatial review
110,NGIQ-BR-00000122,"Right Parahippocampal gyrus, Brainnetome 6_1",右侧海马旁回（Brainnetome 6-1）,PhG_R_6_1,rostral area 35/36,PhG,Entorhinal Area; Parahippocampal Gyrus,,right,PENDING_HUMAN_REVIEW,composite DK seed; candidate requires anatomical/spatial review
111,NGIQ-BR-00000123,"Left Parahippocampal gyrus, Brainnetome 6_2",左侧海马旁回（Brainnetome 6-2）,PhG_L_6_2,caudal area 35/36,PhG,Entorhinal Area; Parahippocampal Gyrus,,left,PENDING_HUMAN_REVIEW,composite DK seed; candidate requires anatomical/spatial review
112,NGIQ-BR-00000124,"Right Parahippocampal gyrus, Brainnetome 6_2",右侧海马旁回（Brainnetome 6-2）,PhG_R_6_2,caudal area 35/36,PhG,Entorhinal Area; Parahippocampal Gyrus,,right,PENDING_HUMAN_REVIEW,composite DK seed; candidate requires anatomical/spatial review
113,NGIQ-BR-00000125,"Left Parahippocampal gyrus, Brainnetome 6_3",左侧海马旁回（Brainnetome 6-3）,PhG_L_6_3,"area TL (lateral PPHC, posterior parahippocampal gyrus)",PhG,Entorhinal Area; Parahippocampal Gyrus,,left,PENDING_HUMAN_REVIEW,composite DK seed; candidate requires anatomical/spatial review
114,NGIQ-BR-00000126,"Right Parahippocampal gyrus, Brainnetome 6_3",右侧海马旁回（Brainnetome 6-3）,PhG_R_6_3,"area TL (lateral PPHC, posterior parahippocampal gyrus)",PhG,Entorhinal Area; Parahippocampal Gyrus,,right,PENDING_HUMAN_REVIEW,composite DK seed; candidate requires anatomical/spatial review
115,NGIQ-BR-00000127,"Left Parahippocampal gyrus, Brainnetome 6_4",左侧海马旁回（Brainnetome 6-4）,PhG_L_6_4,"area 28/34 (EC, entorhinal cortex)",PhG,Entorhinal Area; Parahippocampal Gyrus,,left,PENDING_HUMAN_REVIEW,composite DK seed; candidate requires anatomical/spatial review
116,NGIQ-BR-00000128,"Right Parahippocampal gyrus, Brainnetome 6_4",右侧海马旁回（Brainnetome 6-4）,PhG_R_6_4,"area 28/34 (EC, entorhinal cortex)",PhG,Entorhinal Area; Parahippocampal Gyrus,,right,PENDING_HUMAN_REVIEW,composite DK seed; candidate requires anatomical/spatial review
117,NGIQ-BR-00000129,"Left Parahippocampal gyrus, Brainnetome 6_5",左侧海马旁回（Brainnetome 6-5）,PhG_L_6_5,area TI(temporal agranular insular cortex),PhG,Entorhinal Area; Parahippocampal Gyrus,,left,PENDING_HUMAN_REVIEW,composite DK seed; candidate requires anatomical/spatial review
118,NGIQ-BR-00000130,"Right Parahippocampal gyrus, Brainnetome 6_5",右侧海马旁回（Brainnetome 6-5）,PhG_R_6_5,area TI(temporal agranular insular cortex),PhG,Entorhinal Area; Parahippocampal Gyrus,,right,PENDING_HUMAN_REVIEW,composite DK seed; candidate requires anatomical/spatial review
119,NGIQ-BR-00000131,"Left Parahippocampal gyrus, Brainnetome 6_6",左侧海马旁回（Brainnetome 6-6）,PhG_L_6_6,area TH (medial PPHC),PhG,Entorhinal Area; Parahippocampal Gyrus,,left,PENDING_HUMAN_REVIEW,composite DK seed; candidate requires anatomical/spatial review
120,NGIQ-BR-00000132,"Right Parahippocampal gyrus, Brainnetome 6_6",右侧海马旁回（Brainnetome 6-6）,PhG_R_6_6,area TH (medial PPHC),PhG,Entorhinal Area; Parahippocampal Gyrus,,right,PENDING_HUMAN_REVIEW,composite DK seed; candidate requires anatomical/spatial review
135,NGIQ-BR-00000011,"Left Inferior parietal lobule, Brainnetome 6_1",左侧顶下小叶（Brainnetome 6-1）,IPL_L_6_1,caudal area 39(PGp),IPL,Inferior Parietal Lobule; Supramarginal Gyrus,,left,PENDING_HUMAN_REVIEW,composite DK seed; candidate requires anatomical/spatial review
136,NGIQ-BR-00000012,"Right Inferior parietal lobule, Brainnetome 6_1",右侧顶下小叶（Brainnetome 6-1）,IPL_R_6_1,caudal area 39(PGp),IPL,Inferior Parietal Lobule; Supramarginal Gyrus,,right,PENDING_HUMAN_REVIEW,composite DK seed; candidate requires anatomical/spatial review
137,NGIQ-BR-00000145,"Left Inferior parietal lobule, Brainnetome 6_2",左侧顶下小叶（Brainnetome 6-2）,IPL_L_6_2,rostrodorsal area 39(Hip3),IPL,Inferior Parietal Lobule; Supramarginal Gyrus,,left,PENDING_HUMAN_REVIEW,composite DK seed; candidate requires anatomical/spatial review
138,NGIQ-BR-00000146,"Right Inferior parietal lobule, Brainnetome 6_2",右侧顶下小叶（Brainnetome 6-2）,IPL_R_6_2,rostrodorsal area 39(Hip3),IPL,Inferior Parietal Lobule; Supramarginal Gyrus,,right,PENDING_HUMAN_REVIEW,composite DK seed; candidate requires anatomical/spatial review
139,NGIQ-BR-00000147,"Left Inferior parietal lobule, Brainnetome 6_3",左侧顶下小叶（Brainnetome 6-3）,IPL_L_6_3,rostrodorsal area 40(PFt),IPL,Inferior Parietal Lobule; Supramarginal Gyrus,,left,PENDING_HUMAN_REVIEW,composite DK seed; candidate requires anatomical/spatial review
140,NGIQ-BR-00000148,"Right Inferior parietal lobule, Brainnetome 6_3",右侧顶下小叶（Brainnetome 6-3）,IPL_R_6_3,rostrodorsal area 40(PFt),IPL,Inferior Parietal Lobule; Supramarginal Gyrus,,right,PENDING_HUMAN_REVIEW,composite DK seed; candidate requires anatomical/spatial review
141,NGIQ-BR-00000149,"Left Inferior parietal lobule, Brainnetome 6_4",左侧顶下小叶（Brainnetome 6-4）,IPL_L_6_4,caudal area 40(PFm),IPL,Inferior Parietal Lobule; Supramarginal Gyrus,,left,PENDING_HUMAN_REVIEW,composite DK seed; candidate requires anatomical/spatial review
142,NGIQ-BR-00000150,"Right Inferior parietal lobule, Brainnetome 6_4",右侧顶下小叶（Brainnetome 6-4）,IPL_R_6_4,caudal area 40(PFm),IPL,Inferior Parietal Lobule; Supramarginal Gyrus,,right,PENDING_HUMAN_REVIEW,composite DK seed; candidate requires anatomical/spatial review
143,NGIQ-BR-00000151,"Left Inferior parietal lobule, Brainnetome 6_5",左侧顶下小叶（Brainnetome 6-5）,IPL_L_6_5,rostroventral area 39(PGa),IPL,Inferior Parietal Lobule; Supramarginal Gyrus,,left,PENDING_HUMAN_REVIEW,composite DK seed; candidate requires anatomical/spatial review
144,NGIQ-BR-00000152,"Right Inferior parietal lobule, Brainnetome 6_5",右侧顶下小叶（Brainnetome 6-5）,IPL_R_6_5,rostroventral area 39(PGa),IPL,Inferior Parietal Lobule; Supramarginal Gyrus,,right,PENDING_HUMAN_REVIEW,composite DK seed; candidate requires anatomical/spatial review
145,NGIQ-BR-00000153,"Left Inferior parietal lobule, Brainnetome 6_6",左侧顶下小叶（Brainnetome 6-6）,IPL_L_6_6,rostroventral area 40(PFop),IPL,Inferior Parietal Lobule; Supramarginal Gyrus,,left,PENDING_HUMAN_REVIEW,composite DK seed; candidate requires anatomical/spatial review
146,NGIQ-BR-00000154,"Right Inferior parietal lobule, Brainnetome 6_6",右侧顶下小叶（Brainnetome 6-6）,IPL_R_6_6,rostroventral area 40(PFop),IPL,Inferior Parietal Lobule; Supramarginal Gyrus,,right,PENDING_HUMAN_REVIEW,composite DK seed; candidate requires anatomical/spatial review
175,NGIQ-BR-00000181,"Left Cingulate gyrus, Brainnetome 7_1",左侧扣带回（Brainnetome 7-1）,CG_L_7_1,dorsal area 23,CG,Anterior Cingulate Gyrus; Posterior Cingulate Gyrus; Caudal Part of Anterior Cingulate Gyrus; Isthmus of Cingulate Gyrus,,left,PENDING_HUMAN_REVIEW,composite DK seed; candidate requires anatomical/spatial review
176,NGIQ-BR-00000182,"Right Cingulate gyrus, Brainnetome 7_1",右侧扣带回（Brainnetome 7-1）,CG_R_7_1,dorsal area 23,CG,Anterior Cingulate Gyrus; Posterior Cingulate Gyrus; Caudal Part of Anterior Cingulate Gyrus; Isthmus of Cingulate Gyrus,,right,PENDING_HUMAN_REVIEW,composite DK seed; candidate requires anatomical/spatial review
177,NGIQ-BR-00000183,"Left Cingulate gyrus, Brainnetome 7_2",左侧扣带回（Brainnetome 7-2）,CG_L_7_2,rostroventral area 24,CG,Anterior Cingulate Gyrus; Posterior Cingulate Gyrus; Caudal Part of Anterior Cingulate Gyrus; Isthmus of Cingulate Gyrus,,left,PENDING_HUMAN_REVIEW,composite DK seed; candidate requires anatomical/spatial review
178,NGIQ-BR-00000184,"Right Cingulate gyrus, Brainnetome 7_2",右侧扣带回（Brainnetome 7-2）,CG_R_7_2,rostroventral area 24,CG,Anterior Cingulate Gyrus; Posterior Cingulate Gyrus; Caudal Part of Anterior Cingulate Gyrus; Isthmus of Cingulate Gyrus,,right,PENDING_HUMAN_REVIEW,composite DK seed; candidate requires anatomical/spatial review
179,NGIQ-BR-00000185,"Left Cingulate gyrus, Brainnetome 7_3",左侧扣带回（Brainnetome 7-3）,CG_L_7_3,pregenual area 32,CG,Anterior Cingulate Gyrus; Posterior Cingulate Gyrus; Caudal Part of Anterior Cingulate Gyrus; Isthmus of Cingulate Gyrus,,left,PENDING_HUMAN_REVIEW,composite DK seed; candidate requires anatomical/spatial review
180,NGIQ-BR-00000186,"Right Cingulate gyrus, Brainnetome 7_3",右侧扣带回（Brainnetome 7-3）,CG_R_7_3,pregenual area 32,CG,Anterior Cingulate Gyrus; Posterior Cingulate Gyrus; Caudal Part of Anterior Cingulate Gyrus; Isthmus of Cingulate Gyrus,,right,PENDING_HUMAN_REVIEW,composite DK seed; candidate requires anatomical/spatial review
181,NGIQ-BR-00000187,"Left Cingulate gyrus, Brainnetome 7_4",左侧扣带回（Brainnetome 7-4）,CG_L_7_4,ventral area 23,CG,Anterior Cingulate Gyrus; Posterior Cingulate Gyrus; Caudal Part of Anterior Cingulate Gyrus; Isthmus of Cingulate Gyrus,,left,PENDING_HUMAN_REVIEW,composite DK seed; candidate requires anatomical/spatial review
182,NGIQ-BR-00000188,"Right Cingulate gyrus, Brainnetome 7_4",右侧扣带回（Brainnetome 7-4）,CG_R_7_4,ventral area 23,CG,Anterior Cingulate Gyrus; Posterior Cingulate Gyrus; Caudal Part of Anterior Cingulate Gyrus; Isthmus of Cingulate Gyrus,,right,PENDING_HUMAN_REVIEW,composite DK seed; candidate requires anatomical/spatial review
183,NGIQ-BR-00000189,"Left Cingulate gyrus, Brainnetome 7_5",左侧扣带回（Brainnetome 7-5）,CG_L_7_5,caudodorsal area 24,CG,Anterior Cingulate Gyrus; Posterior Cingulate Gyrus; Caudal Part of Anterior Cingulate Gyrus; Isthmus of Cingulate Gyrus,,left,PENDING_HUMAN_REVIEW,composite DK seed; candidate requires anatomical/spatial review
184,NGIQ-BR-00000190,"Right Cingulate gyrus, Brainnetome 7_5",右侧扣带回（Brainnetome 7-5）,CG_R_7_5,caudodorsal area 24,CG,Anterior Cingulate Gyrus; Posterior Cingulate Gyrus; Caudal Part of Anterior Cingulate Gyrus; Isthmus of Cingulate Gyrus,,right,PENDING_HUMAN_REVIEW,composite DK seed; candidate requires anatomical/spatial review
185,NGIQ-BR-00000191,"Left Cingulate gyrus, Brainnetome 7_6",左侧扣带回（Brainnetome 7-6）,CG_L_7_6,caudal area 24,CG,Anterior Cingulate Gyrus; Posterior Cingulate Gyrus; Caudal Part of Anterior Cingulate Gyrus; Isthmus of Cingulate Gyrus,,left,PENDING_HUMAN_REVIEW,composite DK seed; candidate requires anatomical/spatial review
186,NGIQ-BR-00000192,"Right Cingulate gyrus, Brainnetome 7_6",右侧扣带回（Brainnetome 7-6）,CG_R_7_6,caudal area 24,CG,Anterior Cingulate Gyrus; Posterior Cingulate Gyrus; Caudal Part of Anterior Cingulate Gyrus; Isthmus of Cingulate Gyrus,,right,PENDING_HUMAN_REVIEW,composite DK seed; candidate requires anatomical/spatial review
187,NGIQ-BR-00000193,"Left Cingulate gyrus, Brainnetome 7_7",左侧扣带回（Brainnetome 7-7）,CG_L_7_7,subgenual area 32,CG,Anterior Cingulate Gyrus; Posterior Cingulate Gyrus; Caudal Part of Anterior Cingulate Gyrus; Isthmus of Cingulate Gyrus,,left,PENDING_HUMAN_REVIEW,composite DK seed; candidate requires anatomical/spatial review
188,NGIQ-BR-00000194,"Right Cingulate gyrus, Brainnetome 7_7",右侧扣带回（Brainnetome 7-7）,CG_R_7_7,subgenual area 32,CG,Anterior Cingulate Gyrus; Posterior Cingulate Gyrus; Caudal Part of Anterior Cingulate Gyrus; Isthmus of Cingulate Gyrus,,right,PENDING_HUMAN_REVIEW,composite DK seed; candidate requires anatomical/spatial review
189,NGIQ-BR-00000015,"Left Medioventral occipital cortex, Brainnetome 5_1",左侧腹内侧枕叶皮层（Brainnetome 5-1）,MVOcC_L_5_1,caudal lingual gyrus,MVOcC,Cuneus Cortex; Pericalcarine Cortex; Lingual Gyrus,Lingual Gyrus,left,HUMAN_AUTHORITY_APPROVED_CANDIDATE,Phase 1C official-nomenclature human approval (preserved)
190,NGIQ-BR-00000016,"Right Medioventral occipital cortex, Brainnetome 5_1",右侧腹内侧枕叶皮层（Brainnetome 5-1）,MVOcC_R_5_1,caudal lingual gyrus,MVOcC,Cuneus Cortex; Pericalcarine Cortex; Lingual Gyrus,Lingual Gyrus,right,HUMAN_AUTHORITY_APPROVED_CANDIDATE,Phase 1C official-nomenclature human approval (preserved)
191,NGIQ-BR-00000195,"Left Medioventral occipital cortex, Brainnetome 5_2",左侧腹内侧枕叶皮层（Brainnetome 5-2）,MVOcC_L_5_2,rostral cuneus gyrus,MVOcC,Cuneus Cortex; Pericalcarine Cortex; Lingual Gyrus,Cuneus,left,HUMAN_AUTHORITY_APPROVED_CANDIDATE,Phase 1C official-nomenclature human approval (preserved)
192,NGIQ-BR-00000196,"Right Medioventral occipital cortex, Brainnetome 5_2",右侧腹内侧枕叶皮层（Brainnetome 5-2）,MVOcC_R_5_2,rostral cuneus gyrus,MVOcC,Cuneus Cortex; Pericalcarine Cortex; Lingual Gyrus,Cuneus,right,HUMAN_AUTHORITY_APPROVED_CANDIDATE,Phase 1C official-nomenclature human approval (preserved)
193,NGIQ-BR-00000197,"Left Medioventral occipital cortex, Brainnetome 5_3",左侧腹内侧枕叶皮层（Brainnetome 5-3）,MVOcC_L_5_3,caudal cuneus gyrus,MVOcC,Cuneus Cortex; Pericalcarine Cortex; Lingual Gyrus,Cuneus,left,HUMAN_AUTHORITY_APPROVED_CANDIDATE,Phase 1C official-nomenclature human approval (preserved)
194,NGIQ-BR-00000198,"Right Medioventral occipital cortex, Brainnetome 5_3",右侧腹内侧枕叶皮层（Brainnetome 5-3）,MVOcC_R_5_3,caudal cuneus gyrus,MVOcC,Cuneus Cortex; Pericalcarine Cortex; Lingual Gyrus,Cuneus,right,HUMAN_AUTHORITY_APPROVED_CANDIDATE,Phase 1C official-nomenclature human approval (preserved)
195,NGIQ-BR-00000199,"Left Medioventral occipital cortex, Brainnetome 5_4",左侧腹内侧枕叶皮层（Brainnetome 5-4）,MVOcC_L_5_4,rostral lingual gyrus,MVOcC,Cuneus Cortex; Pericalcarine Cortex; Lingual Gyrus,Lingual Gyrus,left,HUMAN_AUTHORITY_APPROVED_CANDIDATE,Phase 1C official-nomenclature human approval (preserved)
196,NGIQ-BR-00000200,"Right Medioventral occipital cortex, Brainnetome 5_4",右侧腹内侧枕叶皮层（Brainnetome 5-4）,MVOcC_R_5_4,rostral lingual gyrus,MVOcC,Cuneus Cortex; Pericalcarine Cortex; Lingual Gyrus,Lingual Gyrus,right,HUMAN_AUTHORITY_APPROVED_CANDIDATE,Phase 1C official-nomenclature human approval (preserved)
197,NGIQ-BR-00000201,"Left Medioventral occipital cortex, Brainnetome 5_5",左侧腹内侧枕叶皮层（Brainnetome 5-5）,MVOcC_L_5_5,ventromedial parietooccipital sulcus,MVOcC,Cuneus Cortex; Pericalcarine Cortex; Lingual Gyrus,,left,NO_G1_ROLLUP,sulcus parcel; CURRENT G1 has no sulcus concept (frozen NO_ROLLUP preserved)
198,NGIQ-BR-00000202,"Right Medioventral occipital cortex, Brainnetome 5_5",右侧腹内侧枕叶皮层（Brainnetome 5-5）,MVOcC_R_5_5,ventromedial parietooccipital sulcus,MVOcC,Cuneus Cortex; Pericalcarine Cortex; Lingual Gyrus,,right,NO_G1_ROLLUP,sulcus parcel; CURRENT G1 has no sulcus concept (frozen NO_ROLLUP preserved)
219,NGIQ-BR-00000019,"Left Striatum (basal ganglia), Brainnetome 6_1",左侧纹状体（Brainnetome 6-1）,BG_L_6_1,ventral caudate,BG,Caudate Nucleus; Putamen; Globus Pallidus; Nucleus Accumbens,Caudate,left,HUMAN_AUTHORITY_APPROVED_CANDIDATE,Phase 1C official-nomenclature human approval (preserved)
220,NGIQ-BR-00000221,"Right Striatum (basal ganglia), Brainnetome 6_1",右侧纹状体（Brainnetome 6-1）,BG_R_6_1,ventral caudate,BG,Caudate Nucleus; Putamen; Globus Pallidus; Nucleus Accumbens,Caudate,right,HUMAN_AUTHORITY_APPROVED_CANDIDATE,Phase 1C official-nomenclature human approval (preserved)
221,NGIQ-BR-00000222,"Left Striatum (basal ganglia), Brainnetome 6_2",左侧纹状体（Brainnetome 6-2）,BG_L_6_2,globus pallidus,BG,Caudate Nucleus; Putamen; Globus Pallidus; Nucleus Accumbens,Globus Pallidus,left,HUMAN_AUTHORITY_APPROVED_CANDIDATE,Phase 1C official-nomenclature human approval (preserved)
222,NGIQ-BR-00000223,"Right Striatum (basal ganglia), Brainnetome 6_2",右侧纹状体（Brainnetome 6-2）,BG_R_6_2,globus pallidus,BG,Caudate Nucleus; Putamen; Globus Pallidus; Nucleus Accumbens,Globus Pallidus,right,HUMAN_AUTHORITY_APPROVED_CANDIDATE,Phase 1C official-nomenclature human approval (preserved)
223,NGIQ-BR-00000224,"Left Striatum (basal ganglia), Brainnetome 6_3",左侧纹状体（Brainnetome 6-3）,BG_L_6_3,nucleus accumbens,BG,Caudate Nucleus; Putamen; Globus Pallidus; Nucleus Accumbens,Nucleus Accumbens,left,HUMAN_AUTHORITY_APPROVED_CANDIDATE,Phase 1C official-nomenclature human approval (preserved)
224,NGIQ-BR-00000225,"Right Striatum (basal ganglia), Brainnetome 6_3",右侧纹状体（Brainnetome 6-3）,BG_R_6_3,nucleus accumbens,BG,Caudate Nucleus; Putamen; Globus Pallidus; Nucleus Accumbens,Nucleus Accumbens,right,HUMAN_AUTHORITY_APPROVED_CANDIDATE,Phase 1C official-nomenclature human approval (preserved)
225,NGIQ-BR-00000226,"Left Striatum (basal ganglia), Brainnetome 6_4",左侧纹状体（Brainnetome 6-4）,BG_L_6_4,ventromedial putamen,BG,Caudate Nucleus; Putamen; Globus Pallidus; Nucleus Accumbens,Putamen,left,HUMAN_AUTHORITY_APPROVED_CANDIDATE,Phase 1C official-nomenclature human approval (preserved)
226,NGIQ-BR-00000227,"Right Striatum (basal ganglia), Brainnetome 6_4",右侧纹状体（Brainnetome 6-4）,BG_R_6_4,ventromedial putamen,BG,Caudate Nucleus; Putamen; Globus Pallidus; Nucleus Accumbens,Putamen,right,HUMAN_AUTHORITY_APPROVED_CANDIDATE,Phase 1C official-nomenclature human approval (preserved)
227,NGIQ-BR-00000228,"Left Striatum (basal ganglia), Brainnetome 6_5",左侧纹状体（Brainnetome 6-5）,BG_L_6_5,dorsal caudate,BG,Caudate Nucleus; Putamen; Globus Pallidus; Nucleus Accumbens,Caudate,left,HUMAN_AUTHORITY_APPROVED_CANDIDATE,Phase 1C official-nomenclature human approval (preserved)
228,NGIQ-BR-00000229,"Right Striatum (basal ganglia), Brainnetome 6_5",右侧纹状体（Brainnetome 6-5）,BG_R_6_5,dorsal caudate,BG,Caudate Nucleus; Putamen; Globus Pallidus; Nucleus Accumbens,Caudate,right,HUMAN_AUTHORITY_APPROVED_CANDIDATE,Phase 1C official-nomenclature human approval (preserved)
229,NGIQ-BR-00000230,"Left Striatum (basal ganglia), Brainnetome 6_6",左侧纹状体（Brainnetome 6-6）,BG_L_6_6,dorsolateral putamen,BG,Caudate Nucleus; Putamen; Globus Pallidus; Nucleus Accumbens,Putamen,left,HUMAN_AUTHORITY_APPROVED_CANDIDATE,Phase 1C official-nomenclature human approval (preserved)
230,NGIQ-BR-00000231,"Right Striatum (basal ganglia), Brainnetome 6_6",右侧纹状体（Brainnetome 6-6）,BG_R_6_6,dorsolateral putamen,BG,Caudate Nucleus; Putamen; Globus Pallidus; Nucleus Accumbens,Putamen,right,HUMAN_AUTHORITY_APPROVED_CANDIDATE,Phase 1C official-nomenclature human approval (preserved)
