row_index,julich_asset_file,julich_component_id,julich_region_name,julich_hemisphere,spatial_identity_status,canonical_g4_descendant_count,pp_top1_g3_id,pp_top1_name,pp_top1_joint_mass,pp_top1_g4_weighted,pp_top1_g3_weighted,pp_top1_cosine,pp_top1_soft_dice,pp_top2_g3_id,pp_top2_g4_weighted,pp_top3_g3_id,pp_top1_top2_margin,pp_top1_top2_ratio,pp_association_effective_targets,hard_top1_g3_id,hard_top1_name,hard_top1_coverage,hard_top2_g3_id,hard_top2_coverage,hard_top3_g3_id,hard_top3_coverage,hard_top1_top2_margin,hard_top1_top2_ratio,hard_total_bna_coverage,bna_uncovered_fraction,effective_target_count,top1_agreement,evidence_pattern,qa_flags,metric_version
311,FRONTAL_TO_OCCIPITAL_GAPMAP_LEFT.nii.gz,JULICH_BRAIN_CYTOARCHITECTONIC_ATLAS_V3_1_FRONTAL_TO_OCCIPITAL_GAPMAP,Frontal-to-Occipital (GapMap) left,left,ONE_TO_ONE_CANONICAL,1,NGIQ-BR-00000159,PCun_L_4_3,5808.06813643,0.13863466,0.68192137,0.39281705,0.28703744,NGIQ-BR-00000161,0.12617123,NGIQ-BR-00000181,0.01246343,1.0988,16.6056,NGIQ-BR-00000161,PCun_L_4_4,0.13499942,NGIQ-BR-00000159,0.11739783,NGIQ-BR-00000201,0.09020429,0.01760159,1.1499,0.82570934,0.17429066,13.2152,FALSE,PROBABILITY_HARDLABEL_DISAGREEMENT,PP_HARDLABEL_TOP1_DISAGREE|one_to_one,G4_G3_OVERLAP_INTERPRETATION_V1
381,TEMPORAL_TO_PARIETAL_GAPMAP_LEFT.nii.gz,JULICH_BRAIN_CYTOARCHITECTONIC_ATLAS_V3_1_TEMPORAL_TO_PARIETAL_GAPMAP,Temporal-to-Parietal (GapMap) left,left,ONE_TO_ONE_CANONICAL,1,NGIQ-BR-00000007,MTG_L_4_1,5114.74951512,0.07949266,0.68957,0.377663,0.1741674,NGIQ-BR-00000097,0.07774303,NGIQ-BR-00000095,0.00174963,1.0225,24.1896,NGIQ-BR-00000005,STG_L_6_1,0.07416997,NGIQ-BR-00000095,0.06777227,NGIQ-BR-00000115,0.0666824,0.00639771,1.0944,0.9206617,0.0793383,21.2742,FALSE,PROBABILITY_HARDLABEL_DISAGREEMENT,PP_HARDLABEL_TOP1_DISAGREE|one_to_one,G4_G3_OVERLAP_INTERPRETATION_V1
118,AREA_HOC2_V2_18_RIGHT.nii.gz,JULICH_BRAIN_CYTOARCHITECTONIC_ATLAS_V3_1_AREA_HOC2_V2_18,"Area hOc2 (V2, 18) right",right,ONE_TO_ONE_CANONICAL,1,NGIQ-BR-00000196,MVOcC_R_5_2,1383.34986406,0.16568421,0.1849274,0.42806407,0.42787756,NGIQ-BR-00000198,0.15419331,NGIQ-BR-00000016,0.01149091,1.0745,8.7593,NGIQ-BR-00000208,LOcC_R_4_3,0.16253974,NGIQ-BR-00000196,0.15674782,NGIQ-BR-00000016,0.14968501,0.00579192,1.037,0.9574574,0.0425426,8.1174,FALSE,PROBABILITY_HARDLABEL_DISAGREEMENT,PP_HARDLABEL_TOP1_DISAGREE|one_to_one,G4_G3_OVERLAP_INTERPRETATION_V1
48,AREA_6V2_PRECG_RIGHT.nii.gz,JULICH_BRAIN_CYTOARCHITECTONIC_ATLAS_V3_1_AREA_6V2_PRECG,Area 6v2 (PreCG) right,right,ONE_TO_ONE_CANONICAL,1,NGIQ-BR-00000036,MFG_R_7_2,1355.88545816,0.31153357,0.20376094,0.54210214,0.50523856,NGIQ-BR-00000080,0.28428667,NGIQ-BR-00000044,0.0272469,1.0958,5.7783,NGIQ-BR-00000080,PrG_R_6_6,0.39825486,NGIQ-BR-00000036,0.29576176,NGIQ-BR-00000072,0.04536571,0.10249311,1.3465,0.84735569,0.15264431,3.6882,FALSE,PROBABILITY_HARDLABEL_DISAGREEMENT,PP_HARDLABEL_TOP1_DISAGREE|one_to_one,G4_G3_OVERLAP_INTERPRETATION_V1
256,AREA_STS1_STS_RIGHT.nii.gz,JULICH_BRAIN_CYTOARCHITECTONIC_ATLAS_V3_1_AREA_STS1_STS,Area STS1 (STS) right,right,ONE_TO_ONE_CANONICAL,1,NGIQ-BR-00000094,STG_R_6_6,1254.86615343,0.42759699,0.22626575,0.74650951,0.68242446,NGIQ-BR-00000100,0.23440088,NGIQ-BR-00000090,0.19319611,1.8242,5.1539,NGIQ-BR-00000100,MTG_R_4_4,0.55727487,NGIQ-BR-00000094,0.2435797,NGIQ-BR-00000134,0.04966388,0.31369518,2.2879,0.90895306,0.09104694,2.8749,FALSE,PROBABILITY_HARDLABEL_DISAGREEMENT,PP_HARDLABEL_TOP1_DISAGREE|one_to_one,G4_G3_OVERLAP_INTERPRETATION_V1
117,AREA_HOC2_V2_18_LEFT.nii.gz,JULICH_BRAIN_CYTOARCHITECTONIC_ATLAS_V3_1_AREA_HOC2_V2_18,"Area hOc2 (V2, 18) left",left,ONE_TO_ONE_CANONICAL,1,NGIQ-BR-00000197,MVOcC_L_5_3,1177.88651316,0.16577743,0.19948461,0.43603445,0.43116384,NGIQ-BR-00000207,0.16469645,NGIQ-BR-00000195,0.00108098,1.0066,9.379,NGIQ-BR-00000207,LOcC_L_4_3,0.1956661,NGIQ-BR-00000197,0.1575317,NGIQ-BR-00000195,0.14963202,0.03813441,1.2421,0.97009354,0.02990646,8.2233,FALSE,PROBABILITY_HARDLABEL_DISAGREEMENT,PP_HARDLABEL_TOP1_DISAGREE|one_to_one,G4_G3_OVERLAP_INTERPRETATION_V1
46,AREA_6V1_PRECG_RIGHT.nii.gz,JULICH_BRAIN_CYTOARCHITECTONIC_ATLAS_V3_1_AREA_6V1_PRECG,Area 6v1 (PreCG) right,right,ONE_TO_ONE_CANONICAL,1,NGIQ-BR-00000044,MFG_R_7_6,1027.27247397,0.37663396,0.17347246,0.55337134,0.49893917,NGIQ-BR-00000072,0.19404913,NGIQ-BR-00000036,0.18258483,1.9409,6.7293,NGIQ-BR-00000072,PrG_R_6_2,0.36741086,NGIQ-BR-00000044,0.36382204,NGIQ-BR-00000036,0.07053452,0.00358882,1.0099,0.89480519,0.10519481,3.5677,FALSE,PROBABILITY_HARDLABEL_DISAGREEMENT,PP_HARDLABEL_TOP1_DISAGREE|one_to_one,G4_G3_OVERLAP_INTERPRETATION_V1
32,AREA_5M_SPL_RIGHT.nii.gz,JULICH_BRAIN_CYTOARCHITECTONIC_ATLAS_V3_1_AREA_5M_SPL,Area 5M (SPL) right,right,ONE_TO_ONE_CANONICAL,1,NGIQ-BR-00000082,PCL_R_2_1,744.12165285,0.40253149,0.15554281,0.52399065,0.38033498,NGIQ-BR-00000158,0.31491728,NGIQ-BR-00000084,0.08761421,1.2782,5.4031,NGIQ-BR-00000158,PCun_R_4_2,0.38932568,NGIQ-BR-00000082,0.37157175,NGIQ-BR-00000142,0.05116659,0.01775393,1.0478,0.91205175,0.08794825,3.5661,FALSE,PROBABILITY_HARDLABEL_DISAGREEMENT,PP_HARDLABEL_TOP1_DISAGREE|one_to_one,G4_G3_OVERLAP_INTERPRETATION_V1
247,AREA_SFG3_SFG_LEFT.nii.gz,JULICH_BRAIN_CYTOARCHITECTONIC_ATLAS_V3_1_AREA_SFG3_SFG,Area SFG3 (SFG) left,left,ONE_TO_ONE_CANONICAL,1,NGIQ-BR-00000037,MFG_L_7_3,694.39963333,0.23705516,0.07770219,0.3795114,0.32576456,NGIQ-BR-00000033,0.22147005,NGIQ-BR-00000023,0.0155851,1.0704,6.0138,NGIQ-BR-00000033,MFG_L_7_1,0.27755561,NGIQ-BR-00000037,0.27447656,NGIQ-BR-00000023,0.22267137,0.00307905,1.0112,0.81791972,0.18208028,3.5218,FALSE,PROBABILITY_HARDLABEL_DISAGREEMENT,PP_HARDLABEL_TOP1_DISAGREE|one_to_one,G4_G3_OVERLAP_INTERPRETATION_V1
107,AREA_HIP5_IPS_LEFT.nii.gz,JULICH_BRAIN_CYTOARCHITECTONIC_ATLAS_V3_1_AREA_HIP5_IPS,Area hIP5 (IPS) left,left,ONE_TO_ONE_CANONICAL,1,NGIQ-BR-00000011,IPL_L_6_1,685.8208283,0.34719666,0.08057151,0.3313351,0.2213635,NGIQ-BR-00000213,0.25307312,NGIQ-BR-00000137,0.09412354,1.3719,5.1624,NGIQ-BR-00000213,LOcC_L_2_2,0.39297599,NGIQ-BR-00000011,0.36967486,NGIQ-BR-00000145,0.09187526,0.02330113,1.063,0.87857008,0.12142992,2.954,FALSE,PROBABILITY_HARDLABEL_DISAGREEMENT,PP_HARDLABEL_TOP1_DISAGREE|one_to_one,G4_G3_OVERLAP_INTERPRETATION_V1
38,AREA_6D3_SFS_RIGHT.nii.gz,JULICH_BRAIN_CYTOARCHITECTONIC_ATLAS_V3_1_AREA_6D3_SFS,Area 6d3 (SFS) right,right,ONE_TO_ONE_CANONICAL,1,NGIQ-BR-00000026,SFG_R_7_4,654.24389682,0.30053373,0.1085169,0.38408229,0.34759653,NGIQ-BR-00000044,0.28774118,NGIQ-BR-00000022,0.01279255,1.0445,6.2325,NGIQ-BR-00000044,MFG_R_7_6,0.34540716,NGIQ-BR-00000026,0.28178682,NGIQ-BR-00000072,0.1784401,0.06362034,1.2258,0.87413209,0.12586791,3.5162,FALSE,PROBABILITY_HARDLABEL_DISAGREEMENT,PP_HARDLABEL_TOP1_DISAGREE|one_to_one,G4_G3_OVERLAP_INTERPRETATION_V1
276,AREA_TPJ_STG_SMG_RIGHT.nii.gz,JULICH_BRAIN_CYTOARCHITECTONIC_ATLAS_V3_1_AREA_TPJ_STG_SMG,"Area TPJ (STG, SMG) right",right,ONE_TO_ONE_CANONICAL,1,NGIQ-BR-00000086,STG_R_6_2,560.3445733,0.32123547,0.11055742,0.47339032,0.35951599,NGIQ-BR-00000154,0.31907622,NGIQ-BR-00000090,0.00215926,1.0068,5.5916,NGIQ-BR-00000154,IPL_R_6_6,0.39794889,NGIQ-BR-00000090,0.27920349,NGIQ-BR-00000086,0.23242075,0.1187454,1.4253,0.97101676,0.02898324,3.7346,FALSE,PROBABILITY_HARDLABEL_DISAGREEMENT,PP_HARDLABEL_TOP1_DISAGREE|one_to_one,G4_G3_OVERLAP_INTERPRETATION_V1
214,AREA_P24C_PACC_RIGHT.nii.gz,JULICH_BRAIN_CYTOARCHITECTONIC_ATLAS_V3_1_AREA_P24C_PACC,Area p24c (pACC) right,right,SHARED_SPATIAL_REPRESENTATION,3,NGIQ-BR-00000032,SFG_R_7_7,509.88819043,0.30823077,0.05881106,0.28270897,0.17571637,NGIQ-BR-00000194,0.26165665,NGIQ-BR-00000030,0.04657412,1.178,6.0821,NGIQ-BR-00000194,CG_R_7_7,0.33898049,NGIQ-BR-00000032,0.30637543,NGIQ-BR-00000030,0.17121482,0.03260505,1.1064,0.959134,0.040866,4.133,FALSE,PROBABILITY_HARDLABEL_DISAGREEMENT,PP_HARDLABEL_TOP1_DISAGREE|shared,G4_G3_OVERLAP_INTERPRETATION_V1
57,AREA_7P_SPL_LEFT.nii.gz,JULICH_BRAIN_CYTOARCHITECTONIC_ATLAS_V3_1_AREA_7P_SPL,Area 7P (SPL) left,left,ONE_TO_ONE_CANONICAL,1,NGIQ-BR-00000155,PCun_L_4_1,469.08894825,0.26507738,0.09493288,0.42084247,0.31843662,NGIQ-BR-00000137,0.26450375,NGIQ-BR-00000009,0.00057363,1.0022,7.2511,NGIQ-BR-00000137,SPL_L_5_2,0.36567568,NGIQ-BR-00000155,0.31895616,NGIQ-BR-00000009,0.11460917,0.04671952,1.1465,0.94806151,0.05193849,4.4137,FALSE,PROBABILITY_HARDLABEL_DISAGREEMENT,PP_HARDLABEL_TOP1_DISAGREE|one_to_one,G4_G3_OVERLAP_INTERPRETATION_V1
286,CA2_HIPPOCAMPUS_RIGHT.nii.gz,JULICH_BRAIN_CYTOARCHITECTONIC_ATLAS_V3_1_CA2_HIPPOCAMPUS,CA2 (Hippocampus) right,right,ONE_TO_ONE_CANONICAL,1,NGIQ-BR-00000018,Hipp_R_2_1,464.50297809,0.51168634,0.08776795,0.47059668,0.23943139,NGIQ-BR-00000220,0.32434512,NGIQ-BR-00000188,0.18734122,1.5776,2.5032,NGIQ-BR-00000220,Hipp_R_2_2,0.47260042,NGIQ-BR-00000018,0.35035556,NGIQ-BR-00000188,0.01697537,0.12224486,1.3489,0.85210839,0.14789161,2.3365,FALSE,PROBABILITY_HARDLABEL_DISAGREEMENT,PP_HARDLABEL_TOP1_DISAGREE|one_to_one,G4_G3_OVERLAP_INTERPRETATION_V1
27,AREA_5CI_SPL_LEFT.nii.gz,JULICH_BRAIN_CYTOARCHITECTONIC_ATLAS_V3_1_AREA_5CI_SPL,Area 5Ci (SPL) left,left,ONE_TO_ONE_CANONICAL,1,NGIQ-BR-00000081,PCL_L_2_1,457.43821493,0.43684196,0.10231253,0.42086459,0.26843189,NGIQ-BR-00000191,0.24714743,NGIQ-BR-00000157,0.18969453,1.7675,4.2652,NGIQ-BR-00000191,CG_L_7_6,0.47368087,NGIQ-BR-00000081,0.2244769,NGIQ-BR-00000157,0.1434091,0.24920397,2.1102,0.8467487,0.1532513,2.7548,FALSE,PROBABILITY_HARDLABEL_DISAGREEMENT,PP_HARDLABEL_TOP1_DISAGREE|one_to_one,G4_G3_OVERLAP_INTERPRETATION_V1
182,AREA_MFG1_MFG_RIGHT.nii.gz,JULICH_BRAIN_CYTOARCHITECTONIC_ATLAS_V3_1_AREA_MFG1_MFG,Area MFG1 (MFG) right,right,ONE_TO_ONE_CANONICAL,1,NGIQ-BR-00000038,MFG_R_7_3,430.26541378,0.38623266,0.04554139,0.34010997,0.18202305,NGIQ-BR-00000034,0.24310516,NGIQ-BR-00000040,0.1431275,1.5887,4.115,NGIQ-BR-00000040,MFG_R_7_4,0.45521414,NGIQ-BR-00000038,0.35476732,NGIQ-BR-00000034,0.16117858,0.10044683,1.2831,0.9779447,0.0220553,2.8732,FALSE,PROBABILITY_HARDLABEL_DISAGREEMENT,PP_HARDLABEL_TOP1_DISAGREE|one_to_one,G4_G3_OVERLAP_INTERPRETATION_V1
213,AREA_P24C_PACC_LEFT.nii.gz,JULICH_BRAIN_CYTOARCHITECTONIC_ATLAS_V3_1_AREA_P24C_PACC,Area p24c (pACC) left,left,SHARED_SPATIAL_REPRESENTATION,3,NGIQ-BR-00000193,CG_L_7_7,417.4004616,0.32204003,0.08458166,0.35739011,0.25169972,NGIQ-BR-00000185,0.28138935,NGIQ-BR-00000031,0.04065068,1.1445,5.2939,NGIQ-BR-00000185,CG_L_7_3,0.43082422,NGIQ-BR-00000193,0.38455378,NGIQ-BR-00000031,0.1370039,0.04627044,1.1203,0.96455395,0.03544605,2.919,FALSE,PROBABILITY_HARDLABEL_DISAGREEMENT,PP_HARDLABEL_TOP1_DISAGREE|shared,G4_G3_OVERLAP_INTERPRETATION_V1
287,CA3_HIPPOCAMPUS_LEFT.nii.gz,JULICH_BRAIN_CYTOARCHITECTONIC_ATLAS_V3_1_CA3_HIPPOCAMPUS,CA3 (Hippocampus) left,left,ONE_TO_ONE_CANONICAL,1,NGIQ-BR-00000017,Hipp_L_2_1,391.35073405,0.49856208,0.07990618,0.47809897,0.22217588,NGIQ-BR-00000219,0.40723176,NGIQ-BR-00000237,0.09133032,1.2243,2.5784,NGIQ-BR-00000219,Hipp_L_2_2,0.4862059,NGIQ-BR-00000017,0.42061205,NGIQ-BR-00000187,0.014067,0.06559384,1.1559,0.94356872,0.05643128,2.3946,FALSE,PROBABILITY_HARDLABEL_DISAGREEMENT,PP_HARDLABEL_TOP1_DISAGREE|one_to_one,G4_G3_OVERLAP_INTERPRETATION_V1
319,FUP_VENTRAL_STRIATUM_FUNDUS_OF_PUTAMEN_LEFT.nii.gz,JULICH_BRAIN_CYTOARCHITECTONIC_ATLAS_V3_1_FUP_VENTRAL_STRIATUM_FUNDUS_OF_PUTAMEN,"FuP (Ventral Striatum, Fundus of Putamen) left",left,ONE_TO_ONE_CANONICAL,1,NGIQ-BR-00000019,BG_L_6_1,381.02941643,0.32089273,0.09228836,0.31894875,0.27393578,NGIQ-BR-00000226,0.23769421,NGIQ-BR-00000224,0.08319851,1.35,5.1862,NGIQ-BR-00000224,BG_L_6_3,0.3161483,NGIQ-BR-00000226,0.3095543,NGIQ-BR-00000019,0.23094895,0.006594,1.0213,0.94765142,0.05234858,3.8733,FALSE,PROBABILITY_HARDLABEL_DISAGREEMENT,PP_HARDLABEL_TOP1_DISAGREE|one_to_one,G4_G3_OVERLAP_INTERPRETATION_V1
288,CA3_HIPPOCAMPUS_RIGHT.nii.gz,JULICH_BRAIN_CYTOARCHITECTONIC_ATLAS_V3_1_CA3_HIPPOCAMPUS,CA3 (Hippocampus) right,right,ONE_TO_ONE_CANONICAL,1,NGIQ-BR-00000018,Hipp_R_2_1,374.58847238,0.47855232,0.07077858,0.45942855,0.19744687,NGIQ-BR-00000220,0.34647995,NGIQ-BR-00000242,0.13207237,1.3812,2.9399,NGIQ-BR-00000220,Hipp_R_2_2,0.49659706,NGIQ-BR-00000018,0.31565866,NGIQ-BR-00000242,0.02816659,0.1809384,1.5732,0.86393073,0.13606927,2.5436,FALSE,PROBABILITY_HARDLABEL_DISAGREEMENT,PP_HARDLABEL_TOP1_DISAGREE|one_to_one,G4_G3_OVERLAP_INTERPRETATION_V1
66,AREA_8V2_MFG_RIGHT.nii.gz,JULICH_BRAIN_CYTOARCHITECTONIC_ATLAS_V3_1_AREA_8V2_MFG,Area 8v2 (MFG) right,right,ONE_TO_ONE_CANONICAL,1,NGIQ-BR-00000034,MFG_R_7_1,366.87544342,0.38350755,0.03977345,0.30573293,0.16801567,NGIQ-BR-00000042,0.34620391,NGIQ-BR-00000044,0.03730364,1.1078,3.7629,NGIQ-BR-00000042,MFG_R_7_5,0.49959558,NGIQ-BR-00000034,0.38816034,NGIQ-BR-00000022,0.00578104,0.11143524,1.2871,0.89456441,0.10543559,2.0722,FALSE,PROBABILITY_HARDLABEL_DISAGREEMENT,PP_HARDLABEL_TOP1_DISAGREE|one_to_one,G4_G3_OVERLAP_INTERPRETATION_V1
325,LB_AMYGDALA_LEFT.nii.gz,JULICH_BRAIN_CYTOARCHITECTONIC_ATLAS_V3_1_LB_AMYGDALA,LB (Amygdala) left,left,SHARED_SPATIAL_REPRESENTATION,4,NGIQ-BR-00000215,Amyg_L_2_1,340.58621151,0.47080758,0.1903282,0.52025993,0.43385723,NGIQ-BR-00000217,0.34598312,NGIQ-BR-00000017,0.12482446,1.3608,3.3851,NGIQ-BR-00000017,Hipp_L_2_1,0.32168084,NGIQ-BR-00000215,0.30202864,NGIQ-BR-00000217,0.26125339,0.0196522,1.0651,0.92483303,0.07516697,3.4628,FALSE,PROBABILITY_HARDLABEL_DISAGREEMENT,PP_HARDLABEL_TOP1_DISAGREE|shared,G4_G3_OVERLAP_INTERPRETATION_V1
152,AREA_ID4_INSULA_RIGHT.nii.gz,JULICH_BRAIN_CYTOARCHITECTONIC_ATLAS_V3_1_AREA_ID4_INSULA,Area Id4 (Insula) right,right,ONE_TO_ONE_CANONICAL,1,NGIQ-BR-00000178,INS_R_6_5,339.64030872,0.38294318,0.13670605,0.53678009,0.44761994,NGIQ-BR-00000180,0.37674204,NGIQ-BR-00000078,0.00620114,1.0165,4.1342,NGIQ-BR-00000180,INS_R_6_6,0.4062847,NGIQ-BR-00000178,0.34104387,NGIQ-BR-00000078,0.05934429,0.06524083,1.1913,0.87266002,0.12733998,3.1405,FALSE,PROBABILITY_HARDLABEL_DISAGREEMENT,PP_HARDLABEL_TOP1_DISAGREE|one_to_one,G4_G3_OVERLAP_INTERPRETATION_V1
326,LB_AMYGDALA_RIGHT.nii.gz,JULICH_BRAIN_CYTOARCHITECTONIC_ATLAS_V3_1_LB_AMYGDALA,LB (Amygdala) right,right,SHARED_SPATIAL_REPRESENTATION,4,NGIQ-BR-00000216,Amyg_R_2_1,309.58819561,0.419448,0.15118437,0.43633355,0.340942,NGIQ-BR-00000218,0.36434112,NGIQ-BR-00000018,0.05510688,1.1513,3.2853,NGIQ-BR-00000218,Amyg_R_2_2,0.40810337,NGIQ-BR-00000216,0.32291789,NGIQ-BR-00000018,0.12633037,0.08518548,1.2638,0.8813188,0.1186812,3.0523,FALSE,PROBABILITY_HARDLABEL_DISAGREEMENT,PP_HARDLABEL_TOP1_DISAGREE|shared,G4_G3_OVERLAP_INTERPRETATION_V1
297,CL_THALAMUS_ANTERIOR_INTRALAMINAR_NUCLEI_LEFT.nii.gz,JULICH_BRAIN_CYTOARCHITECTONIC_ATLAS_V3_1_CL_THALAMUS_ANTERIOR_INTRALAMINAR_NUCLEI,"CL (Thalamus, anterior intralaminar nuclei) left",left,ONE_TO_ONE_CANONICAL,1,NGIQ-BR-00000020,Tha_L_8_1,292.43546811,0.1955436,0.14687977,0.49512231,0.48539645,NGIQ-BR-00000245,0.16721547,NGIQ-BR-00000239,0.02832813,1.1694,7.4342,NGIQ-BR-00000245,Tha_L_8_8,0.24013596,NGIQ-BR-00000020,0.21649375,NGIQ-BR-00000239,0.14231803,0.02364221,1.1092,0.97925325,0.02074675,6.5399,FALSE,PROBABILITY_HARDLABEL_DISAGREEMENT,PP_HARDLABEL_TOP1_DISAGREE|one_to_one,G4_G3_OVERLAP_INTERPRETATION_V1
203,AREA_OP7_FRONTAL_OPERCULUM_LEFT.nii.gz,JULICH_BRAIN_CYTOARCHITECTONIC_ATLAS_V3_1_AREA_OP7_FRONTAL_OPERCULUM,Area Op7 (Frontal Operculum) left,left,ONE_TO_ONE_CANONICAL,1,NGIQ-BR-00000053,IFG_L_6_5,291.38350586,0.54309915,0.06167778,0.35411246,0.1845389,NGIQ-BR-00000055,0.18098302,NGIQ-BR-00000179,0.36211612,3.0008,4.1828,NGIQ-BR-00000179,INS_L_6_6,0.51957615,NGIQ-BR-00000053,0.27995504,NGIQ-BR-00000077,0.03222469,0.23962112,1.8559,0.86283741,0.13716259,2.5543,FALSE,PROBABILITY_HARDLABEL_DISAGREEMENT,PP_HARDLABEL_TOP1_DISAGREE|one_to_one,G4_G3_OVERLAP_INTERPRETATION_V1
298,CL_THALAMUS_ANTERIOR_INTRALAMINAR_NUCLEI_RIGHT.nii.gz,JULICH_BRAIN_CYTOARCHITECTONIC_ATLAS_V3_1_CL_THALAMUS_ANTERIOR_INTRALAMINAR_NUCLEI,"CL (Thalamus, anterior intralaminar nuclei) right",right,ONE_TO_ONE_CANONICAL,1,NGIQ-BR-00000232,Tha_R_8_1,289.53716065,0.21792044,0.1606106,0.49571911,0.46194392,NGIQ-BR-00000246,0.18835336,NGIQ-BR-00000240,0.02956707,1.157,7.2559,NGIQ-BR-00000246,Tha_R_8_8,0.31665346,NGIQ-BR-00000232,0.20239447,NGIQ-BR-00000240,0.13201105,0.11425899,1.5645,0.98728034,0.01271966,6.3978,FALSE,PROBABILITY_HARDLABEL_DISAGREEMENT,PP_HARDLABEL_TOP1_DISAGREE|one_to_one,G4_G3_OVERLAP_INTERPRETATION_V1
398,VLP_THALAMUS_VENTRAL_LATERAL_POSTERIOR_NUCLEUS_RIGHT.nii.gz,JULICH_BRAIN_CYTOARCHITECTONIC_ATLAS_V3_1_VLP_THALAMUS_VENTRAL_LATERAL_POSTERIOR_NUCLEUS,"VLP (Thalamus, ventral lateral posterior Nucleus) right",right,ONE_TO_ONE_CANONICAL,1,NGIQ-BR-00000234,Tha_R_8_2,261.56310907,0.34475767,0.14489417,0.46739272,0.4163584,NGIQ-BR-00000246,0.27810212,NGIQ-BR-00000236,0.06665555,1.2397,4.9098,NGIQ-BR-00000246,Tha_R_8_8,0.38299621,NGIQ-BR-00000234,0.25338754,NGIQ-BR-00000236,0.19603407,0.12960867,1.5115,0.99535102,0.00464898,4.202,FALSE,PROBABILITY_HARDLABEL_DISAGREEMENT,PP_HARDLABEL_TOP1_DISAGREE|one_to_one,G4_G3_OVERLAP_INTERPRETATION_V1
174,AREA_IFS4_IFS_RIGHT.nii.gz,JULICH_BRAIN_CYTOARCHITECTONIC_ATLAS_V3_1_AREA_IFS4_IFS,Area IFS4 (IFS) right,right,ONE_TO_ONE_CANONICAL,1,NGIQ-BR-00000036,MFG_R_7_2,249.64520083,0.30959626,0.0375164,0.29768937,0.12972914,NGIQ-BR-00000042,0.20539533,NGIQ-BR-00000004,0.10420092,1.5073,5.9826,NGIQ-BR-00000004,IFG_R_6_1,0.34043907,NGIQ-BR-00000036,0.22992131,NGIQ-BR-00000042,0.22712005,0.11051776,1.4807,0.92755129,0.07244871,4.1856,FALSE,PROBABILITY_HARDLABEL_DISAGREEMENT,PP_HARDLABEL_TOP1_DISAGREE|one_to_one,G4_G3_OVERLAP_INTERPRETATION_V1
391,VA_THALAMUS_VENTRAL_ANTERIOR_NUCLEUS_VENTRAL_LEFT.nii.gz,JULICH_BRAIN_CYTOARCHITECTONIC_ATLAS_V3_1_VA_THALAMUS_VENTRAL_ANTERIOR_NUCLEUS_VENTRAL,"VA (Thalamus, ventral anterior Nucleus (ventral)) left",left,ONE_TO_ONE_CANONICAL,1,NGIQ-BR-00000020,Tha_L_8_1,247.96690278,0.27415081,0.12454481,0.56343566,0.5010344,NGIQ-BR-00000245,0.20197964,NGIQ-BR-00000241,0.07217117,1.3573,7.1792,NGIQ-BR-00000245,Tha_L_8_8,0.35286611,NGIQ-BR-00000020,0.29399944,NGIQ-BR-00000237,0.12058341,0.05886667,1.2002,0.97317255,0.02682745,5.1479,FALSE,PROBABILITY_HARDLABEL_DISAGREEMENT,PP_HARDLABEL_TOP1_DISAGREE|one_to_one,G4_G3_OVERLAP_INTERPRETATION_V1
148,AREA_ID2_INSULA_RIGHT.nii.gz,JULICH_BRAIN_CYTOARCHITECTONIC_ATLAS_V3_1_AREA_ID2_INSULA,Area Id2 (Insula) right,right,ONE_TO_ONE_CANONICAL,1,NGIQ-BR-00000014,INS_R_6_1,217.11110462,0.43854996,0.0870736,0.44034464,0.28367458,NGIQ-BR-00000178,0.36684158,NGIQ-BR-00000088,0.07170838,1.1955,4.1015,NGIQ-BR-00000178,INS_R_6_5,0.43190711,NGIQ-BR-00000014,0.42425928,NGIQ-BR-00000088,0.06672549,0.00764783,1.018,0.96921434,0.03078566,2.9961,FALSE,PROBABILITY_HARDLABEL_DISAGREEMENT,PP_HARDLABEL_TOP1_DISAGREE|one_to_one,G4_G3_OVERLAP_INTERPRETATION_V1
365,RT_THALAMUS_RETICULAR_NUCLEUS_LEFT.nii.gz,JULICH_BRAIN_CYTOARCHITECTONIC_ATLAS_V3_1_RT_THALAMUS_RETICULAR_NUCLEUS,"Rt (Thalamus, reticular Nucleus) left",left,ONE_TO_ONE_CANONICAL,1,NGIQ-BR-00000233,Tha_L_8_2,187.09609609,0.14043559,0.13256264,0.34541119,0.34326029,NGIQ-BR-00000239,0.13442437,NGIQ-BR-00000235,0.00601122,1.0447,7.555,NGIQ-BR-00000239,Tha_L_8_5,0.17430044,NGIQ-BR-00000233,0.11531431,NGIQ-BR-00000245,0.11292547,0.05898613,1.5115,0.64662501,0.35337499,6.7384,FALSE,PROBABILITY_HARDLABEL_DISAGREEMENT,PP_HARDLABEL_TOP1_DISAGREE|one_to_one,G4_G3_OVERLAP_INTERPRETATION_V1
362,PUM_THALAMUS_MEDIAL_PULVINAR_RIGHT.nii.gz,JULICH_BRAIN_CYTOARCHITECTONIC_ATLAS_V3_1_PUM_THALAMUS_MEDIAL_PULVINAR,"PUm (Thalamus, medial pulvinar) right",right,ONE_TO_ONE_CANONICAL,1,NGIQ-BR-00000240,Tha_R_8_5,139.70366446,0.36437663,0.06975832,0.38247326,0.29684561,NGIQ-BR-00000242,0.29902494,NGIQ-BR-00000238,0.06535168,1.2185,5.7355,NGIQ-BR-00000242,Tha_R_8_6,0.47453215,NGIQ-BR-00000240,0.41290033,NGIQ-BR-00000220,0.05284966,0.06163181,1.1493,0.96875411,0.03124589,2.7194,FALSE,PROBABILITY_HARDLABEL_DISAGREEMENT,PP_HARDLABEL_TOP1_DISAGREE|one_to_one,G4_G3_OVERLAP_INTERPRETATION_V1
385,TUTI_BASAL_FOREBRAIN_TERMINAL_ISLANDS_LEFT.nii.gz,JULICH_BRAIN_CYTOARCHITECTONIC_ATLAS_V3_1_TUTI_BASAL_FOREBRAIN_TERMINAL_ISLANDS,"TuTi (Basal Forebrain, Terminal islands) left",left,ONE_TO_ONE_CANONICAL,1,NGIQ-BR-00000065,OrG_L_6_5,136.53225085,0.42480696,0.01732658,0.21872404,0.06041579,NGIQ-BR-00000224,0.40532805,NGIQ-BR-00000019,0.01947891,1.0481,4.0292,NGIQ-BR-00000224,BG_L_6_3,0.51052276,NGIQ-BR-00000065,0.37300679,NGIQ-BR-00000019,0.00493811,0.13751597,1.3687,0.89161909,0.10838091,2.0809,FALSE,PROBABILITY_HARDLABEL_DISAGREEMENT,PP_HARDLABEL_TOP1_DISAGREE|one_to_one,G4_G3_OVERLAP_INTERPRETATION_V1
170,AREA_IFS2_IFS_RIGHT.nii.gz,JULICH_BRAIN_CYTOARCHITECTONIC_ATLAS_V3_1_AREA_IFS2_IFS,Area IFS2 (IFS) right,right,ONE_TO_ONE_CANONICAL,1,NGIQ-BR-00000040,MFG_R_7_4,131.94786725,0.22877773,0.01550828,0.15140801,0.06397764,NGIQ-BR-00000004,0.1826502,NGIQ-BR-00000042,0.04612753,1.2525,6.7489,NGIQ-BR-00000004,IFG_R_6_1,0.3325925,NGIQ-BR-00000040,0.23682061,NGIQ-BR-00000042,0.17567413,0.09577189,1.4044,0.91598272,0.08401728,4.2799,FALSE,PROBABILITY_HARDLABEL_DISAGREEMENT,PP_HARDLABEL_TOP1_DISAGREE|one_to_one,G4_G3_OVERLAP_INTERPRETATION_V1
331,LP_THALAMUS_LATERAL_POSTERIOR_NUCLEUS_LEFT.nii.gz,JULICH_BRAIN_CYTOARCHITECTONIC_ATLAS_V3_1_LP_THALAMUS_LATERAL_POSTERIOR_NUCLEUS,"LP (Thalamus, lateral posterior Nucleus) left",left,ONE_TO_ONE_CANONICAL,1,NGIQ-BR-00000239,Tha_L_8_5,124.32562154,0.26270531,0.05999168,0.34844219,0.2635412,NGIQ-BR-00000241,0.21052393,NGIQ-BR-00000243,0.05218138,1.2479,5.9087,NGIQ-BR-00000243,Tha_L_8_7,0.403143,NGIQ-BR-00000239,0.32298782,NGIQ-BR-00000241,0.08846043,0.08015517,1.2482,0.89221479,0.10778521,3.575,FALSE,PROBABILITY_HARDLABEL_DISAGREEMENT,PP_HARDLABEL_TOP1_DISAGREE|one_to_one,G4_G3_OVERLAP_INTERPRETATION_V1
335,MF_AMYGDALA_LEFT.nii.gz,JULICH_BRAIN_CYTOARCHITECTONIC_ATLAS_V3_1_MF_AMYGDALA,MF (Amygdala) left,left,SHARED_SPATIAL_REPRESENTATION,2,NGIQ-BR-00000215,Amyg_L_2_1,108.94473727,0.56265883,0.06088108,0.4915733,0.17312425,NGIQ-BR-00000017,0.32125736,NGIQ-BR-00000217,0.24140147,1.7514,3.0728,NGIQ-BR-00000017,Hipp_L_2_1,0.49931826,NGIQ-BR-00000215,0.33748225,NGIQ-BR-00000217,0.05843003,0.161836,1.4795,0.92473714,0.07526286,2.7357,FALSE,PROBABILITY_HARDLABEL_DISAGREEMENT,PP_HARDLABEL_TOP1_DISAGREE|shared,G4_G3_OVERLAP_INTERPRETATION_V1
407,VPM_THALAMUS_VENTRAL_POSTERIOR_MEDIAL_NUCLEUS_LEFT.nii.gz,JULICH_BRAIN_CYTOARCHITECTONIC_ATLAS_V3_1_VPM_THALAMUS_VENTRAL_POSTERIOR_MEDIAL_NUCLEUS,"VPM (Thalamus, ventral posterior medial Nucleus) left",left,ONE_TO_ONE_CANONICAL,1,NGIQ-BR-00000235,Tha_L_8_3,56.91899459,0.34292265,0.0378982,0.44970338,0.19840949,NGIQ-BR-00000245,0.31514465,NGIQ-BR-00000233,0.027778,1.0881,3.8923,NGIQ-BR-00000245,Tha_L_8_8,0.45566484,NGIQ-BR-00000235,0.37342026,NGIQ-BR-00000233,0.03105077,0.08224457,1.2202,0.88644559,0.11355441,2.5319,FALSE,PROBABILITY_HARDLABEL_DISAGREEMENT,PP_HARDLABEL_TOP1_DISAGREE|one_to_one,G4_G3_OVERLAP_INTERPRETATION_V1
358,PUI_THALAMUS_INFERIOR_PULVINAR_RIGHT.nii.gz,JULICH_BRAIN_CYTOARCHITECTONIC_ATLAS_V3_1_PUI_THALAMUS_INFERIOR_PULVINAR,"PUi (Thalamus, inferior pulvinar) right",right,ONE_TO_ONE_CANONICAL,1,NGIQ-BR-00000018,Hipp_R_2_1,47.03296875,0.20253749,0.00888689,0.10346496,0.02564906,NGIQ-BR-00000220,0.20190183,NGIQ-BR-00000240,0.00063566,1.0031,6.6354,NGIQ-BR-00000220,Hipp_R_2_2,0.28554085,NGIQ-BR-00000240,0.24249068,NGIQ-BR-00000018,0.10402888,0.04305017,1.1775,0.69158962,0.30841038,3.7603,FALSE,PROBABILITY_HARDLABEL_DISAGREEMENT,PP_HARDLABEL_TOP1_DISAGREE|one_to_one,G4_G3_OVERLAP_INTERPRETATION_V1
290,CGL_METATHALAMUS_RIGHT.nii.gz,JULICH_BRAIN_CYTOARCHITECTONIC_ATLAS_V3_1_CGL_METATHALAMUS,CGL (Metathalamus) right,right,ONE_TO_ONE_CANONICAL,1,NGIQ-BR-00000018,Hipp_R_2_1,29.54281426,0.19301178,0.00558212,0.07152972,0.01615494,NGIQ-BR-00000220,0.08645817,NGIQ-BR-00000240,0.10655361,2.2324,1.8786,NGIQ-BR-00000220,Hipp_R_2_2,0.22335508,NGIQ-BR-00000018,0.04078798,NGIQ-BR-00000240,8.23e-06,0.1825671,5.476,0.26415129,0.73584871,1.5382,FALSE,PROBABILITY_HARDLABEL_DISAGREEMENT,PP_HARDLABEL_TOP1_DISAGREE|one_to_one,G4_G3_OVERLAP_INTERPRETATION_V1
296,CH_4_BASAL_FOREBRAIN_RIGHT.nii.gz,JULICH_BRAIN_CYTOARCHITECTONIC_ATLAS_V3_1_CH_4_BASAL_FOREBRAIN,Ch 4 (Basal Forebrain) right,right,ONE_TO_ONE_CANONICAL,1,NGIQ-BR-00000218,Amyg_R_2_2,28.73434001,0.13044418,0.023096,0.11878158,0.07352574,NGIQ-BR-00000225,0.11879207,NGIQ-BR-00000216,0.01165211,1.0981,6.188,NGIQ-BR-00000225,BG_R_6_3,0.20614924,NGIQ-BR-00000218,0.11364418,NGIQ-BR-00000216,0.02853667,0.09250506,1.814,0.37819518,0.62180482,3.1083,FALSE,PROBABILITY_HARDLABEL_DISAGREEMENT,PP_HARDLABEL_TOP1_DISAGREE|one_to_one,G4_G3_OVERLAP_INTERPRETATION_V1
377,STN_SUBTHALAMUS_LEFT.nii.gz,JULICH_BRAIN_CYTOARCHITECTONIC_ATLAS_V3_1_STN_SUBTHALAMUS,STN (Subthalamus) left,left,ONE_TO_ONE_CANONICAL,1,NGIQ-BR-00000233,Tha_L_8_2,2.74745886,0.00841838,0.00194665,0.00885654,0.00718621,NGIQ-BR-00000245,0.00480843,NGIQ-BR-00000235,0.00360996,1.7508,3.8017,NGIQ-BR-00000245,Tha_L_8_8,0.01125567,NGIQ-BR-00000233,0.00303904,,,0.00821664,3.7037,0.01429471,0.98570529,1.6776,FALSE,PROBABILITY_HARDLABEL_DISAGREEMENT,BNA_COVERAGE_GAP_CANDIDATE|PP_HARDLABEL_TOP1_DISAGREE|one_to_one,G4_G3_OVERLAP_INTERPRETATION_V1
373,SNR_MIDBRAIN_SUBSTANTIA_NIGRA_PARS_RETICULATA_LEFT.nii.gz,JULICH_BRAIN_CYTOARCHITECTONIC_ATLAS_V3_1_SNR_MIDBRAIN_SUBSTANTIA_NIGRA_PARS_RETICULATA,"SNR (Midbrain, Substantia Nigra pars reticulata) left",left,ONE_TO_ONE_CANONICAL,1,NGIQ-BR-00000235,Tha_L_8_3,1.24972351,0.00147463,0.0008321,0.00270078,0.00266555,NGIQ-BR-00000017,0.00116593,NGIQ-BR-00000233,0.0003087,1.2648,4.537,NGIQ-BR-00000245,Tha_L_8_8,0.00206202,NGIQ-BR-00000235,0.00116705,NGIQ-BR-00000017,0.00018659,0.00089498,1.7669,0.00341583,0.99658417,2.2954,FALSE,PROBABILITY_HARDLABEL_DISAGREEMENT,BNA_COVERAGE_GAP_CANDIDATE|PP_HARDLABEL_TOP1_DISAGREE|one_to_one,G4_G3_OVERLAP_INTERPRETATION_V1
