source_g4,target_count,candidate_targets,final_targets,target_set_match,per_target_coverage_match,duplicate_target_count,missing_target_count,extra_target_count,partial_review_result
NGIQ-BR-00000333,2,NGIQ-BR-00000221;NGIQ-BR-00000225,NGIQ-BR-00000221;NGIQ-BR-00000225,True,True,0,0,0,PASS
NGIQ-BR-00000381,2,NGIQ-BR-00000142;NGIQ-BR-00000158,NGIQ-BR-00000142;NGIQ-BR-00000158,True,True,0,0,0,PASS
NGIQ-BR-00000384,3,NGIQ-BR-00000159;NGIQ-BR-00000201;NGIQ-BR-00000155,NGIQ-BR-00000159;NGIQ-BR-00000201;NGIQ-BR-00000155,True,True,0,0,0,PASS
NGIQ-BR-00000385,2,NGIQ-BR-00000142;NGIQ-BR-00000140,NGIQ-BR-00000142;NGIQ-BR-00000140,True,True,0,0,0,PASS
NGIQ-BR-00000386,2,NGIQ-BR-00000139;NGIQ-BR-00000141,NGIQ-BR-00000139;NGIQ-BR-00000141,True,True,0,0,0,PASS
NGIQ-BR-00000387,2,NGIQ-BR-00000158;NGIQ-BR-00000082,NGIQ-BR-00000158;NGIQ-BR-00000082,True,True,0,0,0,PASS
NGIQ-BR-00000388,2,NGIQ-BR-00000081;NGIQ-BR-00000157,NGIQ-BR-00000081;NGIQ-BR-00000157,True,True,0,0,0,PASS
NGIQ-BR-00000390,2,NGIQ-BR-00000137;NGIQ-BR-00000155,NGIQ-BR-00000137;NGIQ-BR-00000155,True,True,0,0,0,PASS
NGIQ-BR-00000391,3,NGIQ-BR-00000082;NGIQ-BR-00000192;NGIQ-BR-00000158,NGIQ-BR-00000082;NGIQ-BR-00000192;NGIQ-BR-00000158,True,True,0,0,0,PASS
NGIQ-BR-00000392,2,NGIQ-BR-00000191;NGIQ-BR-00000081,NGIQ-BR-00000191;NGIQ-BR-00000081,True,True,0,0,0,PASS
NGIQ-BR-00000397,2,NGIQ-BR-00000164;NGIQ-BR-00000168,NGIQ-BR-00000164;NGIQ-BR-00000168,True,True,0,0,0,PASS
NGIQ-BR-00000398,3,NGIQ-BR-00000163;NGIQ-BR-00000167;NGIQ-BR-00000169,NGIQ-BR-00000163;NGIQ-BR-00000167;NGIQ-BR-00000169,True,True,0,0,0,PASS
NGIQ-BR-00000403,2,NGIQ-BR-00000154;NGIQ-BR-00000166,NGIQ-BR-00000154;NGIQ-BR-00000166,True,True,0,0,0,PASS
NGIQ-BR-00000405,2,NGIQ-BR-00000014;NGIQ-BR-00000154,NGIQ-BR-00000014;NGIQ-BR-00000154,True,True,0,0,0,PASS
NGIQ-BR-00000407,2,NGIQ-BR-00000166;NGIQ-BR-00000178,NGIQ-BR-00000166;NGIQ-BR-00000178,True,True,0,0,0,PASS
NGIQ-BR-00000408,2,NGIQ-BR-00000165;NGIQ-BR-00000177,NGIQ-BR-00000165;NGIQ-BR-00000177,True,True,0,0,0,PASS
NGIQ-BR-00000412,3,NGIQ-BR-00000149;NGIQ-BR-00000153;NGIQ-BR-00000147,NGIQ-BR-00000149;NGIQ-BR-00000153;NGIQ-BR-00000147,True,True,0,0,0,PASS
NGIQ-BR-00000416,3,NGIQ-BR-00000149;NGIQ-BR-00000151;NGIQ-BR-00000145,NGIQ-BR-00000149;NGIQ-BR-00000151;NGIQ-BR-00000145,True,True,0,0,0,PASS
NGIQ-BR-00000417,2,NGIQ-BR-00000148;NGIQ-BR-00000168,NGIQ-BR-00000148;NGIQ-BR-00000168,True,True,0,0,0,PASS
NGIQ-BR-00000421,3,NGIQ-BR-00000152;NGIQ-BR-00000012;NGIQ-BR-00000146,NGIQ-BR-00000152;NGIQ-BR-00000012;NGIQ-BR-00000146,True,True,0,0,0,PASS
NGIQ-BR-00000423,3,NGIQ-BR-00000154;NGIQ-BR-00000166;NGIQ-BR-00000148,NGIQ-BR-00000154;NGIQ-BR-00000166;NGIQ-BR-00000148,True,True,0,0,0,PASS
NGIQ-BR-00000425,3,NGIQ-BR-00000212;NGIQ-BR-00000214;NGIQ-BR-00000160,NGIQ-BR-00000212;NGIQ-BR-00000214;NGIQ-BR-00000160,True,True,0,0,0,PASS
NGIQ-BR-00000428,3,NGIQ-BR-00000145;NGIQ-BR-00000139;NGIQ-BR-00000147,NGIQ-BR-00000145;NGIQ-BR-00000139;NGIQ-BR-00000147,True,True,0,0,0,PASS
NGIQ-BR-00000431,3,NGIQ-BR-00000140;NGIQ-BR-00000144;NGIQ-BR-00000148,NGIQ-BR-00000140;NGIQ-BR-00000144;NGIQ-BR-00000148,True,True,0,0,0,PASS
NGIQ-BR-00000432,2,NGIQ-BR-00000139;NGIQ-BR-00000143,NGIQ-BR-00000139;NGIQ-BR-00000143,True,True,0,0,0,PASS
NGIQ-BR-00000437,2,NGIQ-BR-00000146;NGIQ-BR-00000214,NGIQ-BR-00000146;NGIQ-BR-00000214,True,True,0,0,0,PASS
NGIQ-BR-00000438,2,NGIQ-BR-00000213;NGIQ-BR-00000011,NGIQ-BR-00000213;NGIQ-BR-00000011,True,True,0,0,0,PASS
NGIQ-BR-00000442,2,NGIQ-BR-00000213;NGIQ-BR-00000137,NGIQ-BR-00000213;NGIQ-BR-00000137,True,True,0,0,0,PASS
NGIQ-BR-00000443,2,NGIQ-BR-00000080;NGIQ-BR-00000070,NGIQ-BR-00000080;NGIQ-BR-00000070,True,True,0,0,0,PASS
NGIQ-BR-00000445,2,NGIQ-BR-00000080;NGIQ-BR-00000036,NGIQ-BR-00000080;NGIQ-BR-00000036,True,True,0,0,0,PASS
NGIQ-BR-00000446,2,NGIQ-BR-00000079;NGIQ-BR-00000035,NGIQ-BR-00000079;NGIQ-BR-00000035,True,True,0,0,0,PASS
NGIQ-BR-00000447,3,NGIQ-BR-00000080;NGIQ-BR-00000078;NGIQ-BR-00000056,NGIQ-BR-00000080;NGIQ-BR-00000078;NGIQ-BR-00000056,True,True,0,0,0,PASS
NGIQ-BR-00000448,3,NGIQ-BR-00000079;NGIQ-BR-00000055;NGIQ-BR-00000077,NGIQ-BR-00000079;NGIQ-BR-00000055;NGIQ-BR-00000077,True,True,0,0,0,PASS
NGIQ-BR-00000449,2,NGIQ-BR-00000072;NGIQ-BR-00000044,NGIQ-BR-00000072;NGIQ-BR-00000044,True,True,0,0,0,PASS
NGIQ-BR-00000450,2,NGIQ-BR-00000043;NGIQ-BR-00000071,NGIQ-BR-00000043;NGIQ-BR-00000071,True,True,0,0,0,PASS
NGIQ-BR-00000453,3,NGIQ-BR-00000072;NGIQ-BR-00000028;NGIQ-BR-00000076,NGIQ-BR-00000072;NGIQ-BR-00000028;NGIQ-BR-00000076,True,True,0,0,0,PASS
NGIQ-BR-00000456,2,NGIQ-BR-00000001;NGIQ-BR-00000027,NGIQ-BR-00000001;NGIQ-BR-00000027,True,True,0,0,0,PASS
NGIQ-BR-00000457,2,NGIQ-BR-00000046;NGIQ-BR-00000064,NGIQ-BR-00000046;NGIQ-BR-00000064,True,True,0,0,0,PASS
NGIQ-BR-00000458,2,NGIQ-BR-00000045;NGIQ-BR-00000031,NGIQ-BR-00000045;NGIQ-BR-00000031,True,True,0,0,0,PASS
NGIQ-BR-00000459,3,NGIQ-BR-00000032;NGIQ-BR-00000058;NGIQ-BR-00000064,NGIQ-BR-00000032;NGIQ-BR-00000058;NGIQ-BR-00000064,True,True,0,0,0,PASS
NGIQ-BR-00000463,3,NGIQ-BR-00000066;NGIQ-BR-00000064;NGIQ-BR-00000062,NGIQ-BR-00000066;NGIQ-BR-00000064;NGIQ-BR-00000062,True,True,0,0,0,PASS
NGIQ-BR-00000469,3,NGIQ-BR-00000074;NGIQ-BR-00000164;NGIQ-BR-00000070,NGIQ-BR-00000074;NGIQ-BR-00000164;NGIQ-BR-00000070,True,True,0,0,0,PASS
NGIQ-BR-00000470,3,NGIQ-BR-00000069;NGIQ-BR-00000073;NGIQ-BR-00000163,NGIQ-BR-00000069;NGIQ-BR-00000073;NGIQ-BR-00000163,True,True,0,0,0,PASS
NGIQ-BR-00000476,2,NGIQ-BR-00000077;NGIQ-BR-00000055,NGIQ-BR-00000077;NGIQ-BR-00000055,True,True,0,0,0,PASS
NGIQ-BR-00000477,2,NGIQ-BR-00000078;NGIQ-BR-00000166,NGIQ-BR-00000078;NGIQ-BR-00000166,True,True,0,0,0,PASS
NGIQ-BR-00000478,2,NGIQ-BR-00000077;NGIQ-BR-00000165,NGIQ-BR-00000077;NGIQ-BR-00000165,True,True,0,0,0,PASS
NGIQ-BR-00000482,3,NGIQ-BR-00000053;NGIQ-BR-00000051;NGIQ-BR-00000049,NGIQ-BR-00000053;NGIQ-BR-00000051;NGIQ-BR-00000049,True,True,0,0,0,PASS
NGIQ-BR-00000486,3,NGIQ-BR-00000003;NGIQ-BR-00000035;NGIQ-BR-00000047,NGIQ-BR-00000003;NGIQ-BR-00000035;NGIQ-BR-00000047,True,True,0,0,0,PASS
NGIQ-BR-00000487,3,NGIQ-BR-00000004;NGIQ-BR-00000040;NGIQ-BR-00000042,NGIQ-BR-00000004;NGIQ-BR-00000040;NGIQ-BR-00000042,True,True,0,0,0,PASS
NGIQ-BR-00000490,3,NGIQ-BR-00000039;NGIQ-BR-00000047;NGIQ-BR-00000035,NGIQ-BR-00000039;NGIQ-BR-00000047;NGIQ-BR-00000035,True,True,0,0,0,PASS
NGIQ-BR-00000492,3,NGIQ-BR-00000035;NGIQ-BR-00000079;NGIQ-BR-00000003,NGIQ-BR-00000035;NGIQ-BR-00000079;NGIQ-BR-00000003,True,True,0,0,0,PASS
NGIQ-BR-00000495,2,NGIQ-BR-00000004;NGIQ-BR-00000036,NGIQ-BR-00000004;NGIQ-BR-00000036,True,True,0,0,0,PASS
NGIQ-BR-00000496,2,NGIQ-BR-00000035;NGIQ-BR-00000003,NGIQ-BR-00000035;NGIQ-BR-00000003,True,True,0,0,0,PASS
NGIQ-BR-00000499,2,NGIQ-BR-00000056;NGIQ-BR-00000050,NGIQ-BR-00000056;NGIQ-BR-00000050,True,True,0,0,0,PASS
NGIQ-BR-00000502,3,NGIQ-BR-00000047;NGIQ-BR-00000049;NGIQ-BR-00000039,NGIQ-BR-00000047;NGIQ-BR-00000049;NGIQ-BR-00000039,True,True,0,0,0,PASS
NGIQ-BR-00000503,2,NGIQ-BR-00000042;NGIQ-BR-00000034,NGIQ-BR-00000042;NGIQ-BR-00000034,True,True,0,0,0,PASS
NGIQ-BR-00000505,4,NGIQ-BR-00000042;NGIQ-BR-00000034;NGIQ-BR-00000022;NGIQ-BR-00000044,NGIQ-BR-00000042;NGIQ-BR-00000034;NGIQ-BR-00000022;NGIQ-BR-00000044,True,True,0,0,0,PASS
NGIQ-BR-00000508,2,NGIQ-BR-00000033;NGIQ-BR-00000039,NGIQ-BR-00000033;NGIQ-BR-00000039,True,True,0,0,0,PASS
NGIQ-BR-00000510,3,NGIQ-BR-00000037;NGIQ-BR-00000033;NGIQ-BR-00000039,NGIQ-BR-00000037;NGIQ-BR-00000033;NGIQ-BR-00000039,True,True,0,0,0,PASS
NGIQ-BR-00000513,3,NGIQ-BR-00000044;NGIQ-BR-00000026;NGIQ-BR-00000072,NGIQ-BR-00000044;NGIQ-BR-00000026;NGIQ-BR-00000072,True,True,0,0,0,PASS
NGIQ-BR-00000516,2,NGIQ-BR-00000033;NGIQ-BR-00000037,NGIQ-BR-00000033;NGIQ-BR-00000037,True,True,0,0,0,PASS
NGIQ-BR-00000517,2,NGIQ-BR-00000038;NGIQ-BR-00000024,NGIQ-BR-00000038;NGIQ-BR-00000024,True,True,0,0,0,PASS
NGIQ-BR-00000518,3,NGIQ-BR-00000033;NGIQ-BR-00000037;NGIQ-BR-00000023,NGIQ-BR-00000033;NGIQ-BR-00000037;NGIQ-BR-00000023,True,True,0,0,0,PASS
NGIQ-BR-00000525,3,NGIQ-BR-00000022;NGIQ-BR-00000024;NGIQ-BR-00000002,NGIQ-BR-00000022;NGIQ-BR-00000024;NGIQ-BR-00000002,True,True,0,0,0,PASS
NGIQ-BR-00000529,2,NGIQ-BR-00000060;NGIQ-BR-00000068,NGIQ-BR-00000060;NGIQ-BR-00000068,True,True,0,0,0,PASS
NGIQ-BR-00000530,2,NGIQ-BR-00000067;NGIQ-BR-00000059,NGIQ-BR-00000067;NGIQ-BR-00000059,True,True,0,0,0,PASS
NGIQ-BR-00000531,2,NGIQ-BR-00000046;NGIQ-BR-00000060,NGIQ-BR-00000046;NGIQ-BR-00000060,True,True,0,0,0,PASS
NGIQ-BR-00000533,2,NGIQ-BR-00000060;NGIQ-BR-00000062,NGIQ-BR-00000060;NGIQ-BR-00000062,True,True,0,0,0,PASS
NGIQ-BR-00000535,3,NGIQ-BR-00000046;NGIQ-BR-00000062;NGIQ-BR-00000060,NGIQ-BR-00000046;NGIQ-BR-00000062;NGIQ-BR-00000060,True,True,0,0,0,PASS
NGIQ-BR-00000549,2,NGIQ-BR-00000178;NGIQ-BR-00000014,NGIQ-BR-00000178;NGIQ-BR-00000014,True,True,0,0,0,PASS
NGIQ-BR-00000550,2,NGIQ-BR-00000013;NGIQ-BR-00000177,NGIQ-BR-00000013;NGIQ-BR-00000177,True,True,0,0,0,PASS
NGIQ-BR-00000551,3,NGIQ-BR-00000174;NGIQ-BR-00000068;NGIQ-BR-00000172,NGIQ-BR-00000174;NGIQ-BR-00000068;NGIQ-BR-00000172,True,True,0,0,0,PASS
NGIQ-BR-00000552,3,NGIQ-BR-00000173;NGIQ-BR-00000067;NGIQ-BR-00000171,NGIQ-BR-00000173;NGIQ-BR-00000067;NGIQ-BR-00000171,True,True,0,0,0,PASS
NGIQ-BR-00000553,2,NGIQ-BR-00000176;NGIQ-BR-00000088,NGIQ-BR-00000176;NGIQ-BR-00000088,True,True,0,0,0,PASS
NGIQ-BR-00000554,2,NGIQ-BR-00000175;NGIQ-BR-00000087,NGIQ-BR-00000175;NGIQ-BR-00000087,True,True,0,0,0,PASS
NGIQ-BR-00000555,4,NGIQ-BR-00000176;NGIQ-BR-00000180;NGIQ-BR-00000172;NGIQ-BR-00000174,NGIQ-BR-00000176;NGIQ-BR-00000180;NGIQ-BR-00000172;NGIQ-BR-00000174,True,True,0,0,0,PASS
NGIQ-BR-00000556,2,NGIQ-BR-00000179;NGIQ-BR-00000175,NGIQ-BR-00000179;NGIQ-BR-00000175,True,True,0,0,0,PASS
NGIQ-BR-00000557,2,NGIQ-BR-00000054;NGIQ-BR-00000174,NGIQ-BR-00000054;NGIQ-BR-00000174,True,True,0,0,0,PASS
NGIQ-BR-00000558,3,NGIQ-BR-00000173;NGIQ-BR-00000053;NGIQ-BR-00000067,NGIQ-BR-00000173;NGIQ-BR-00000053;NGIQ-BR-00000067,True,True,0,0,0,PASS
NGIQ-BR-00000562,2,NGIQ-BR-00000179;NGIQ-BR-00000173,NGIQ-BR-00000179;NGIQ-BR-00000173,True,True,0,0,0,PASS
NGIQ-BR-00000564,2,NGIQ-BR-00000171;NGIQ-BR-00000067,NGIQ-BR-00000171;NGIQ-BR-00000067,True,True,0,0,0,PASS
NGIQ-BR-00000565,2,NGIQ-BR-00000180;NGIQ-BR-00000178,NGIQ-BR-00000180;NGIQ-BR-00000178,True,True,0,0,0,PASS
NGIQ-BR-00000566,2,NGIQ-BR-00000177;NGIQ-BR-00000179,NGIQ-BR-00000177;NGIQ-BR-00000179,True,True,0,0,0,PASS
NGIQ-BR-00000570,2,NGIQ-BR-00000099;NGIQ-BR-00000093,NGIQ-BR-00000099;NGIQ-BR-00000093,True,True,0,0,0,PASS
NGIQ-BR-00000571,2,NGIQ-BR-00000100;NGIQ-BR-00000094,NGIQ-BR-00000100;NGIQ-BR-00000094,True,True,0,0,0,PASS
NGIQ-BR-00000572,3,NGIQ-BR-00000093;NGIQ-BR-00000099;NGIQ-BR-00000089,NGIQ-BR-00000093;NGIQ-BR-00000099;NGIQ-BR-00000089,True,True,0,0,0,PASS
NGIQ-BR-00000575,3,NGIQ-BR-00000090;NGIQ-BR-00000088;NGIQ-BR-00000094,NGIQ-BR-00000090;NGIQ-BR-00000088;NGIQ-BR-00000094,True,True,0,0,0,PASS
NGIQ-BR-00000579,2,NGIQ-BR-00000088;NGIQ-BR-00000086,NGIQ-BR-00000088;NGIQ-BR-00000086,True,True,0,0,0,PASS
NGIQ-BR-00000581,3,NGIQ-BR-00000088;NGIQ-BR-00000086;NGIQ-BR-00000154,NGIQ-BR-00000088;NGIQ-BR-00000086;NGIQ-BR-00000154,True,True,0,0,0,PASS
NGIQ-BR-00000582,2,NGIQ-BR-00000087;NGIQ-BR-00000153,NGIQ-BR-00000087;NGIQ-BR-00000153,True,True,0,0,0,PASS
NGIQ-BR-00000584,2,NGIQ-BR-00000087;NGIQ-BR-00000077,NGIQ-BR-00000087;NGIQ-BR-00000077,True,True,0,0,0,PASS
NGIQ-BR-00000587,2,NGIQ-BR-00000200;NGIQ-BR-00000118,NGIQ-BR-00000200;NGIQ-BR-00000118,True,True,0,0,0,PASS
NGIQ-BR-00000593,3,NGIQ-BR-00000116;NGIQ-BR-00000126;NGIQ-BR-00000120,NGIQ-BR-00000116;NGIQ-BR-00000126;NGIQ-BR-00000120,True,True,0,0,0,PASS
NGIQ-BR-00000595,2,NGIQ-BR-00000088;NGIQ-BR-00000092,NGIQ-BR-00000088;NGIQ-BR-00000092,True,True,0,0,0,PASS
NGIQ-BR-00000596,2,NGIQ-BR-00000087;NGIQ-BR-00000091,NGIQ-BR-00000087;NGIQ-BR-00000091,True,True,0,0,0,PASS
NGIQ-BR-00000600,3,NGIQ-BR-00000115;NGIQ-BR-00000101;NGIQ-BR-00000119,NGIQ-BR-00000115;NGIQ-BR-00000101;NGIQ-BR-00000119,True,True,0,0,0,PASS
NGIQ-BR-00000601,3,NGIQ-BR-00000120;NGIQ-BR-00000206;NGIQ-BR-00000118,NGIQ-BR-00000120;NGIQ-BR-00000206;NGIQ-BR-00000118,True,True,0,0,0,PASS
NGIQ-BR-00000602,2,NGIQ-BR-00000119;NGIQ-BR-00000117,NGIQ-BR-00000119;NGIQ-BR-00000117,True,True,0,0,0,PASS
NGIQ-BR-00000603,2,NGIQ-BR-00000118;NGIQ-BR-00000116,NGIQ-BR-00000118;NGIQ-BR-00000116,True,True,0,0,0,PASS
NGIQ-BR-00000604,3,NGIQ-BR-00000117;NGIQ-BR-00000115;NGIQ-BR-00000119,NGIQ-BR-00000117;NGIQ-BR-00000115;NGIQ-BR-00000119,True,True,0,0,0,PASS
NGIQ-BR-00000610,3,NGIQ-BR-00000085;NGIQ-BR-00000153;NGIQ-BR-00000089,NGIQ-BR-00000085;NGIQ-BR-00000153;NGIQ-BR-00000089,True,True,0,0,0,PASS
NGIQ-BR-00000617,2,NGIQ-BR-00000212;NGIQ-BR-00000204,NGIQ-BR-00000212;NGIQ-BR-00000204,True,True,0,0,0,PASS
NGIQ-BR-00000618,2,NGIQ-BR-00000211;NGIQ-BR-00000203,NGIQ-BR-00000211;NGIQ-BR-00000203,True,True,0,0,0,PASS
NGIQ-BR-00000620,2,NGIQ-BR-00000211;NGIQ-BR-00000207,NGIQ-BR-00000211;NGIQ-BR-00000207,True,True,0,0,0,PASS
NGIQ-BR-00000621,2,NGIQ-BR-00000210;NGIQ-BR-00000200,NGIQ-BR-00000210;NGIQ-BR-00000200,True,True,0,0,0,PASS
NGIQ-BR-00000622,2,NGIQ-BR-00000209;NGIQ-BR-00000015,NGIQ-BR-00000209;NGIQ-BR-00000015,True,True,0,0,0,PASS
NGIQ-BR-00000623,2,NGIQ-BR-00000210;NGIQ-BR-00000118,NGIQ-BR-00000210;NGIQ-BR-00000118,True,True,0,0,0,PASS
NGIQ-BR-00000624,4,NGIQ-BR-00000209;NGIQ-BR-00000117;NGIQ-BR-00000015;NGIQ-BR-00000199,NGIQ-BR-00000209;NGIQ-BR-00000117;NGIQ-BR-00000015;NGIQ-BR-00000199,True,True,0,0,0,PASS
NGIQ-BR-00000630,2,NGIQ-BR-00000205;NGIQ-BR-00000209,NGIQ-BR-00000205;NGIQ-BR-00000209,True,True,0,0,0,PASS
NGIQ-BR-00000646,3,NGIQ-BR-00000065;NGIQ-BR-00000193;NGIQ-BR-00000057,NGIQ-BR-00000065;NGIQ-BR-00000193;NGIQ-BR-00000057,True,True,0,0,0,PASS
NGIQ-BR-00000649,3,NGIQ-BR-00000032;NGIQ-BR-00000058;NGIQ-BR-00000030,NGIQ-BR-00000032;NGIQ-BR-00000058;NGIQ-BR-00000030,True,True,0,0,0,PASS
NGIQ-BR-00000665,2,NGIQ-BR-00000220;NGIQ-BR-00000018,NGIQ-BR-00000220;NGIQ-BR-00000018,True,True,0,0,0,PASS
NGIQ-BR-00000666,2,NGIQ-BR-00000219;NGIQ-BR-00000017,NGIQ-BR-00000219;NGIQ-BR-00000017,True,True,0,0,0,PASS
NGIQ-BR-00000679,2,NGIQ-BR-00000220;NGIQ-BR-00000018,NGIQ-BR-00000220;NGIQ-BR-00000018,True,True,0,0,0,PASS
NGIQ-BR-00000680,2,NGIQ-BR-00000017;NGIQ-BR-00000219,NGIQ-BR-00000017;NGIQ-BR-00000219,True,True,0,0,0,PASS
NGIQ-BR-00000686,2,NGIQ-BR-00000224;NGIQ-BR-00000065,NGIQ-BR-00000224;NGIQ-BR-00000065,True,True,0,0,0,PASS
NGIQ-BR-00000688,2,NGIQ-BR-00000065;NGIQ-BR-00000224,NGIQ-BR-00000065;NGIQ-BR-00000224,True,True,0,0,0,PASS
NGIQ-BR-00000716,3,NGIQ-BR-00000237;NGIQ-BR-00000245;NGIQ-BR-00000020,NGIQ-BR-00000237;NGIQ-BR-00000245;NGIQ-BR-00000020,True,True,0,0,0,PASS
NGIQ-BR-00000720,3,NGIQ-BR-00000237;NGIQ-BR-00000238;NGIQ-BR-00000020,NGIQ-BR-00000237;NGIQ-BR-00000238;NGIQ-BR-00000020,True,True,0,0,0,PASS
NGIQ-BR-00000722,3,NGIQ-BR-00000239;NGIQ-BR-00000241;NGIQ-BR-00000235,NGIQ-BR-00000239;NGIQ-BR-00000241;NGIQ-BR-00000235,True,True,0,0,0,PASS
NGIQ-BR-00000723,2,NGIQ-BR-00000242;NGIQ-BR-00000240,NGIQ-BR-00000242;NGIQ-BR-00000240,True,True,0,0,0,PASS
NGIQ-BR-00000724,2,NGIQ-BR-00000241;NGIQ-BR-00000243,NGIQ-BR-00000241;NGIQ-BR-00000243,True,True,0,0,0,PASS
NGIQ-BR-00000725,2,NGIQ-BR-00000240;NGIQ-BR-00000242,NGIQ-BR-00000240;NGIQ-BR-00000242,True,True,0,0,0,PASS
NGIQ-BR-00000735,3,NGIQ-BR-00000240;NGIQ-BR-00000236;NGIQ-BR-00000246,NGIQ-BR-00000240;NGIQ-BR-00000236;NGIQ-BR-00000246,True,True,0,0,0,PASS
NGIQ-BR-00000736,3,NGIQ-BR-00000239;NGIQ-BR-00000235;NGIQ-BR-00000241,NGIQ-BR-00000239;NGIQ-BR-00000235;NGIQ-BR-00000241,True,True,0,0,0,PASS
NGIQ-BR-00000739,2,NGIQ-BR-00000244;NGIQ-BR-00000238,NGIQ-BR-00000244;NGIQ-BR-00000238,True,True,0,0,0,PASS
NGIQ-BR-00000740,2,NGIQ-BR-00000237;NGIQ-BR-00000243,NGIQ-BR-00000237;NGIQ-BR-00000243,True,True,0,0,0,PASS
NGIQ-BR-00000741,2,NGIQ-BR-00000238;NGIQ-BR-00000244,NGIQ-BR-00000238;NGIQ-BR-00000244,True,True,0,0,0,PASS
NGIQ-BR-00000747,3,NGIQ-BR-00000236;NGIQ-BR-00000240;NGIQ-BR-00000246,NGIQ-BR-00000236;NGIQ-BR-00000240;NGIQ-BR-00000246,True,True,0,0,0,PASS
NGIQ-BR-00000748,2,NGIQ-BR-00000239;NGIQ-BR-00000235,NGIQ-BR-00000239;NGIQ-BR-00000235,True,True,0,0,0,PASS
NGIQ-BR-00000749,3,NGIQ-BR-00000246;NGIQ-BR-00000234;NGIQ-BR-00000236,NGIQ-BR-00000246;NGIQ-BR-00000234;NGIQ-BR-00000236,True,True,0,0,0,PASS
NGIQ-BR-00000751,3,NGIQ-BR-00000234;NGIQ-BR-00000236;NGIQ-BR-00000246,NGIQ-BR-00000234;NGIQ-BR-00000236;NGIQ-BR-00000246,True,True,0,0,0,PASS
NGIQ-BR-00000755,3,NGIQ-BR-00000232;NGIQ-BR-00000246;NGIQ-BR-00000234,NGIQ-BR-00000232;NGIQ-BR-00000246;NGIQ-BR-00000234,True,True,0,0,0,PASS
NGIQ-BR-00000759,2,NGIQ-BR-00000232;NGIQ-BR-00000246,NGIQ-BR-00000232;NGIQ-BR-00000246,True,True,0,0,0,PASS
NGIQ-BR-00000761,2,NGIQ-BR-00000234;NGIQ-BR-00000236,NGIQ-BR-00000234;NGIQ-BR-00000236,True,True,0,0,0,PASS
NGIQ-BR-00000762,2,NGIQ-BR-00000245;NGIQ-BR-00000235,NGIQ-BR-00000245;NGIQ-BR-00000235,True,True,0,0,0,PASS
NGIQ-BR-00000767,3,NGIQ-BR-00000234;NGIQ-BR-00000246;NGIQ-BR-00000236,NGIQ-BR-00000234;NGIQ-BR-00000246;NGIQ-BR-00000236,True,True,0,0,0,PASS
