canonical_g4_id,canonical_name,hemisphere,source_region_pk,spatial_component_id,scientific_decision,decision_reason_code,candidate_allowed,evidence_reference,provenance_reference
NGIQ-BR-00000331,VP (Ventral Pallidum) right,right,826,JULICH_BRAIN_CYTOARCHITECTONIC_ATLAS_V3_1_VP_VENTRAL_PALLIDUM,CONFLICT_REVIEW,LOW_DOMINANCE,FALSE,g4_g3_final_scientific_decisions.csv,g4_g3_final_scientific_exclusions.csv
NGIQ-BR-00000332,VP (Ventral Pallidum) left,left,829,JULICH_BRAIN_CYTOARCHITECTONIC_ATLAS_V3_1_VP_VENTRAL_PALLIDUM,CONFLICT_REVIEW,HIGH_FRAGMENTATION,FALSE,g4_g3_final_scientific_decisions.csv,g4_g3_final_scientific_exclusions.csv
NGIQ-BR-00000339,"FuP (Ventral Striatum, Fundus of Putamen) right",right,850,JULICH_BRAIN_CYTOARCHITECTONIC_ATLAS_V3_1_FUP_VENTRAL_STRIATUM_FUNDUS_OF_PUTAMEN,CONFLICT_REVIEW,PARTIAL_TARGET_EVIDENCE_INCONSISTENT,FALSE,g4_g3_final_scientific_decisions.csv,g4_g3_final_scientific_exclusions.csv
NGIQ-BR-00000340,"FuP (Ventral Striatum, Fundus of Putamen) left",left,853,JULICH_BRAIN_CYTOARCHITECTONIC_ATLAS_V3_1_FUP_VENTRAL_STRIATUM_FUNDUS_OF_PUTAMEN,CONFLICT_REVIEW,PROBABILITY_HARDLABEL_TOP1_DISAGREEMENT,FALSE,g4_g3_final_scientific_decisions.csv,g4_g3_final_scientific_exclusions.csv
NGIQ-BR-00000341,Ch 4 (Basal Forebrain) right,right,856,JULICH_BRAIN_CYTOARCHITECTONIC_ATLAS_V3_1_CH_4_BASAL_FOREBRAIN,CONFLICT_REVIEW,PROBABILITY_HARDLABEL_TOP1_DISAGREEMENT,FALSE,g4_g3_final_scientific_decisions.csv,g4_g3_final_scientific_exclusions.csv
NGIQ-BR-00000342,Ch 4 (Basal Forebrain) left,left,859,JULICH_BRAIN_CYTOARCHITECTONIC_ATLAS_V3_1_CH_4_BASAL_FOREBRAIN,CONFLICT_REVIEW,HIGH_FRAGMENTATION,FALSE,g4_g3_final_scientific_decisions.csv,g4_g3_final_scientific_exclusions.csv
NGIQ-BR-00000343,"BST (Basal Forebrain, Bed Nucleus) right",right,862,JULICH_BRAIN_CYTOARCHITECTONIC_ATLAS_V3_1_BST_BASAL_FOREBRAIN_BED_NUCLEUS,CONFLICT_REVIEW,HIGH_FRAGMENTATION,FALSE,g4_g3_final_scientific_decisions.csv,g4_g3_final_scientific_exclusions.csv
NGIQ-BR-00000344,"BST (Basal Forebrain, Bed Nucleus) left",left,865,JULICH_BRAIN_CYTOARCHITECTONIC_ATLAS_V3_1_BST_BASAL_FOREBRAIN_BED_NUCLEUS,CONFLICT_REVIEW,HIGH_FRAGMENTATION,FALSE,g4_g3_final_scientific_decisions.csv,g4_g3_final_scientific_exclusions.csv
NGIQ-BR-00000345,Ch 123 (Basal Forebrain) right,right,868,JULICH_BRAIN_CYTOARCHITECTONIC_ATLAS_V3_1_CH_123_BASAL_FOREBRAIN,CONFLICT_REVIEW,LOW_DOMINANCE,FALSE,g4_g3_final_scientific_decisions.csv,g4_g3_final_scientific_exclusions.csv
NGIQ-BR-00000346,Ch 123 (Basal Forebrain) left,left,871,JULICH_BRAIN_CYTOARCHITECTONIC_ATLAS_V3_1_CH_123_BASAL_FOREBRAIN,CONFLICT_REVIEW,DIFFUSE_ASSOCIATION,FALSE,g4_g3_final_scientific_decisions.csv,g4_g3_final_scientific_exclusions.csv
NGIQ-BR-00000347,CM.AAA (Amygdala) right,right,874,JULICH_BRAIN_CYTOARCHITECTONIC_ATLAS_V3_1_CM_AMYGDALA,SHARED_SPATIAL_EVIDENCE_ONLY,NO_INDEPENDENT_LEAF_SPATIAL_EVIDENCE,FALSE,g4_g3_final_scientific_decisions.csv,g4_g3_final_scientific_exclusions.csv
NGIQ-BR-00000348,CM.Ce (Amygdala) right,right,877,JULICH_BRAIN_CYTOARCHITECTONIC_ATLAS_V3_1_CM_AMYGDALA,SHARED_SPATIAL_EVIDENCE_ONLY,NO_INDEPENDENT_LEAF_SPATIAL_EVIDENCE,FALSE,g4_g3_final_scientific_decisions.csv,g4_g3_final_scientific_exclusions.csv
NGIQ-BR-00000349,CM.Me (Amygdala) right,right,880,JULICH_BRAIN_CYTOARCHITECTONIC_ATLAS_V3_1_CM_AMYGDALA,SHARED_SPATIAL_EVIDENCE_ONLY,NO_INDEPENDENT_LEAF_SPATIAL_EVIDENCE,FALSE,g4_g3_final_scientific_decisions.csv,g4_g3_final_scientific_exclusions.csv
NGIQ-BR-00000350,CM.AAA (Amygdala) left,left,883,JULICH_BRAIN_CYTOARCHITECTONIC_ATLAS_V3_1_CM_AMYGDALA,SHARED_SPATIAL_EVIDENCE_ONLY,NO_INDEPENDENT_LEAF_SPATIAL_EVIDENCE,FALSE,g4_g3_final_scientific_decisions.csv,g4_g3_final_scientific_exclusions.csv
NGIQ-BR-00000351,CM.Ce (Amygdala) left,left,886,JULICH_BRAIN_CYTOARCHITECTONIC_ATLAS_V3_1_CM_AMYGDALA,SHARED_SPATIAL_EVIDENCE_ONLY,NO_INDEPENDENT_LEAF_SPATIAL_EVIDENCE,FALSE,g4_g3_final_scientific_decisions.csv,g4_g3_final_scientific_exclusions.csv
NGIQ-BR-00000352,CM.Me (Amygdala) left,left,889,JULICH_BRAIN_CYTOARCHITECTONIC_ATLAS_V3_1_CM_AMYGDALA,SHARED_SPATIAL_EVIDENCE_ONLY,NO_INDEPENDENT_LEAF_SPATIAL_EVIDENCE,FALSE,g4_g3_final_scientific_decisions.csv,g4_g3_final_scientific_exclusions.csv
NGIQ-BR-00000353,LB.Bl (Amygdala) right,right,892,JULICH_BRAIN_CYTOARCHITECTONIC_ATLAS_V3_1_LB_AMYGDALA,SHARED_SPATIAL_EVIDENCE_ONLY,NO_INDEPENDENT_LEAF_SPATIAL_EVIDENCE,FALSE,g4_g3_final_scientific_decisions.csv,g4_g3_final_scientific_exclusions.csv
NGIQ-BR-00000354,LB.Bm (Amygdala) right,right,895,JULICH_BRAIN_CYTOARCHITECTONIC_ATLAS_V3_1_LB_AMYGDALA,SHARED_SPATIAL_EVIDENCE_ONLY,NO_INDEPENDENT_LEAF_SPATIAL_EVIDENCE,FALSE,g4_g3_final_scientific_decisions.csv,g4_g3_final_scientific_exclusions.csv
NGIQ-BR-00000355,LB.Pl (Amygdala) right,right,898,JULICH_BRAIN_CYTOARCHITECTONIC_ATLAS_V3_1_LB_AMYGDALA,SHARED_SPATIAL_EVIDENCE_ONLY,NO_INDEPENDENT_LEAF_SPATIAL_EVIDENCE,FALSE,g4_g3_final_scientific_decisions.csv,g4_g3_final_scientific_exclusions.csv
NGIQ-BR-00000356,LB.La (Amygdala) right,right,901,JULICH_BRAIN_CYTOARCHITECTONIC_ATLAS_V3_1_LB_AMYGDALA,SHARED_SPATIAL_EVIDENCE_ONLY,NO_INDEPENDENT_LEAF_SPATIAL_EVIDENCE,FALSE,g4_g3_final_scientific_decisions.csv,g4_g3_final_scientific_exclusions.csv
NGIQ-BR-00000357,LB.Bl (Amygdala) left,left,904,JULICH_BRAIN_CYTOARCHITECTONIC_ATLAS_V3_1_LB_AMYGDALA,SHARED_SPATIAL_EVIDENCE_ONLY,NO_INDEPENDENT_LEAF_SPATIAL_EVIDENCE,FALSE,g4_g3_final_scientific_decisions.csv,g4_g3_final_scientific_exclusions.csv
NGIQ-BR-00000358,LB.Bm (Amygdala) left,left,907,JULICH_BRAIN_CYTOARCHITECTONIC_ATLAS_V3_1_LB_AMYGDALA,SHARED_SPATIAL_EVIDENCE_ONLY,NO_INDEPENDENT_LEAF_SPATIAL_EVIDENCE,FALSE,g4_g3_final_scientific_decisions.csv,g4_g3_final_scientific_exclusions.csv
NGIQ-BR-00000359,LB.Pl (Amygdala) left,left,910,JULICH_BRAIN_CYTOARCHITECTONIC_ATLAS_V3_1_LB_AMYGDALA,SHARED_SPATIAL_EVIDENCE_ONLY,NO_INDEPENDENT_LEAF_SPATIAL_EVIDENCE,FALSE,g4_g3_final_scientific_decisions.csv,g4_g3_final_scientific_exclusions.csv
NGIQ-BR-00000360,LB.La (Amygdala) left,left,913,JULICH_BRAIN_CYTOARCHITECTONIC_ATLAS_V3_1_LB_AMYGDALA,SHARED_SPATIAL_EVIDENCE_ONLY,NO_INDEPENDENT_LEAF_SPATIAL_EVIDENCE,FALSE,g4_g3_final_scientific_decisions.csv,g4_g3_final_scientific_exclusions.csv
NGIQ-BR-00000361,SF.AHi (Amygdala) right,right,916,JULICH_BRAIN_CYTOARCHITECTONIC_ATLAS_V3_1_SF_AMYGDALA,SHARED_SPATIAL_EVIDENCE_ONLY,NO_INDEPENDENT_LEAF_SPATIAL_EVIDENCE,FALSE,g4_g3_final_scientific_decisions.csv,g4_g3_final_scientific_exclusions.csv
NGIQ-BR-00000362,SF.APir (Amygdala) right,right,919,JULICH_BRAIN_CYTOARCHITECTONIC_ATLAS_V3_1_SF_AMYGDALA,SHARED_SPATIAL_EVIDENCE_ONLY,NO_INDEPENDENT_LEAF_SPATIAL_EVIDENCE,FALSE,g4_g3_final_scientific_decisions.csv,g4_g3_final_scientific_exclusions.csv
NGIQ-BR-00000363,SF.VCo (Amygdala) right,right,922,JULICH_BRAIN_CYTOARCHITECTONIC_ATLAS_V3_1_SF_AMYGDALA,SHARED_SPATIAL_EVIDENCE_ONLY,NO_INDEPENDENT_LEAF_SPATIAL_EVIDENCE,FALSE,g4_g3_final_scientific_decisions.csv,g4_g3_final_scientific_exclusions.csv
NGIQ-BR-00000364,SF.AHi (Amygdala) left,left,925,JULICH_BRAIN_CYTOARCHITECTONIC_ATLAS_V3_1_SF_AMYGDALA,SHARED_SPATIAL_EVIDENCE_ONLY,NO_INDEPENDENT_LEAF_SPATIAL_EVIDENCE,FALSE,g4_g3_final_scientific_decisions.csv,g4_g3_final_scientific_exclusions.csv
NGIQ-BR-00000365,SF.APir (Amygdala) left,left,928,JULICH_BRAIN_CYTOARCHITECTONIC_ATLAS_V3_1_SF_AMYGDALA,SHARED_SPATIAL_EVIDENCE_ONLY,NO_INDEPENDENT_LEAF_SPATIAL_EVIDENCE,FALSE,g4_g3_final_scientific_decisions.csv,g4_g3_final_scientific_exclusions.csv
NGIQ-BR-00000366,SF.VCo (Amygdala) left,left,931,JULICH_BRAIN_CYTOARCHITECTONIC_ATLAS_V3_1_SF_AMYGDALA,SHARED_SPATIAL_EVIDENCE_ONLY,NO_INDEPENDENT_LEAF_SPATIAL_EVIDENCE,FALSE,g4_g3_final_scientific_decisions.csv,g4_g3_final_scientific_exclusions.csv
NGIQ-BR-00000367,Astr (Amygdala) right,right,934,JULICH_BRAIN_CYTOARCHITECTONIC_ATLAS_V3_1_ASTR_AMYGDALA,CONFLICT_REVIEW,HIGH_FRAGMENTATION,FALSE,g4_g3_final_scientific_decisions.csv,g4_g3_final_scientific_exclusions.csv
NGIQ-BR-00000368,Astr (Amygdala) left,left,937,JULICH_BRAIN_CYTOARCHITECTONIC_ATLAS_V3_1_ASTR_AMYGDALA,CONFLICT_REVIEW,PARTIAL_TARGET_EVIDENCE_INCONSISTENT,FALSE,g4_g3_final_scientific_decisions.csv,g4_g3_final_scientific_exclusions.csv
NGIQ-BR-00000370,VTM (Amygdala) left,left,943,JULICH_BRAIN_CYTOARCHITECTONIC_ATLAS_V3_1_VTM_AMYGDALA,CONFLICT_REVIEW,SEMANTIC_FAMILY_MISMATCH,FALSE,g4_g3_final_scientific_decisions.csv,g4_g3_final_scientific_exclusions.csv
NGIQ-BR-00000371,IF.ice (Amygdala) right,right,946,JULICH_BRAIN_CYTOARCHITECTONIC_ATLAS_V3_1_IF_AMYGDALA,SHARED_SPATIAL_EVIDENCE_ONLY,NO_INDEPENDENT_LEAF_SPATIAL_EVIDENCE,FALSE,g4_g3_final_scientific_decisions.csv,g4_g3_final_scientific_exclusions.csv
NGIQ-BR-00000372,IF.iol (Amygdala) right,right,949,JULICH_BRAIN_CYTOARCHITECTONIC_ATLAS_V3_1_IF_AMYGDALA,SHARED_SPATIAL_EVIDENCE_ONLY,NO_INDEPENDENT_LEAF_SPATIAL_EVIDENCE,FALSE,g4_g3_final_scientific_decisions.csv,g4_g3_final_scientific_exclusions.csv
NGIQ-BR-00000373,IF.ld (Amygdala) right,right,952,JULICH_BRAIN_CYTOARCHITECTONIC_ATLAS_V3_1_IF_AMYGDALA,SHARED_SPATIAL_EVIDENCE_ONLY,NO_INDEPENDENT_LEAF_SPATIAL_EVIDENCE,FALSE,g4_g3_final_scientific_decisions.csv,g4_g3_final_scientific_exclusions.csv
NGIQ-BR-00000374,IF.ice (Amygdala) left,left,955,JULICH_BRAIN_CYTOARCHITECTONIC_ATLAS_V3_1_IF_AMYGDALA,SHARED_SPATIAL_EVIDENCE_ONLY,NO_INDEPENDENT_LEAF_SPATIAL_EVIDENCE,FALSE,g4_g3_final_scientific_decisions.csv,g4_g3_final_scientific_exclusions.csv
NGIQ-BR-00000375,IF.iol (Amygdala) left,left,958,JULICH_BRAIN_CYTOARCHITECTONIC_ATLAS_V3_1_IF_AMYGDALA,SHARED_SPATIAL_EVIDENCE_ONLY,NO_INDEPENDENT_LEAF_SPATIAL_EVIDENCE,FALSE,g4_g3_final_scientific_decisions.csv,g4_g3_final_scientific_exclusions.csv
NGIQ-BR-00000376,IF.ld (Amygdala) left,left,961,JULICH_BRAIN_CYTOARCHITECTONIC_ATLAS_V3_1_IF_AMYGDALA,SHARED_SPATIAL_EVIDENCE_ONLY,NO_INDEPENDENT_LEAF_SPATIAL_EVIDENCE,FALSE,g4_g3_final_scientific_decisions.csv,g4_g3_final_scientific_exclusions.csv
NGIQ-BR-00000377,MF.icm (Amygdala) right,right,964,JULICH_BRAIN_CYTOARCHITECTONIC_ATLAS_V3_1_MF_AMYGDALA,SHARED_SPATIAL_EVIDENCE_ONLY,NO_INDEPENDENT_LEAF_SPATIAL_EVIDENCE,FALSE,g4_g3_final_scientific_decisions.csv,g4_g3_final_scientific_exclusions.csv
NGIQ-BR-00000378,MF.lm (Amygdala) right,right,967,JULICH_BRAIN_CYTOARCHITECTONIC_ATLAS_V3_1_MF_AMYGDALA,SHARED_SPATIAL_EVIDENCE_ONLY,NO_INDEPENDENT_LEAF_SPATIAL_EVIDENCE,FALSE,g4_g3_final_scientific_decisions.csv,g4_g3_final_scientific_exclusions.csv
NGIQ-BR-00000379,MF.icm (Amygdala) left,left,970,JULICH_BRAIN_CYTOARCHITECTONIC_ATLAS_V3_1_MF_AMYGDALA,SHARED_SPATIAL_EVIDENCE_ONLY,NO_INDEPENDENT_LEAF_SPATIAL_EVIDENCE,FALSE,g4_g3_final_scientific_decisions.csv,g4_g3_final_scientific_exclusions.csv
NGIQ-BR-00000380,MF.lm (Amygdala) left,left,973,JULICH_BRAIN_CYTOARCHITECTONIC_ATLAS_V3_1_MF_AMYGDALA,SHARED_SPATIAL_EVIDENCE_ONLY,NO_INDEPENDENT_LEAF_SPATIAL_EVIDENCE,FALSE,g4_g3_final_scientific_decisions.csv,g4_g3_final_scientific_exclusions.csv
NGIQ-BR-00000382,Area 5L (SPL) left,left,979,JULICH_BRAIN_CYTOARCHITECTONIC_ATLAS_V3_1_AREA_5L_SPL,CONFLICT_REVIEW,HIGH_FRAGMENTATION,FALSE,g4_g3_final_scientific_decisions.csv,g4_g3_final_scientific_exclusions.csv
NGIQ-BR-00000383,Area 7M (SPL) right,right,982,JULICH_BRAIN_CYTOARCHITECTONIC_ATLAS_V3_1_AREA_7M_SPL,CONFLICT_REVIEW,MULTI_TARGET_DIFFUSE_REMAINDER,FALSE,g4_g3_final_scientific_decisions.csv,g4_g3_final_scientific_exclusions.csv
NGIQ-BR-00000393,Area 7A (SPL) right,right,1012,JULICH_BRAIN_CYTOARCHITECTONIC_ATLAS_V3_1_AREA_7A_SPL,CONFLICT_REVIEW,HIGH_FRAGMENTATION,FALSE,g4_g3_final_scientific_decisions.csv,g4_g3_final_scientific_exclusions.csv
NGIQ-BR-00000394,Area 7A (SPL) left,left,1015,JULICH_BRAIN_CYTOARCHITECTONIC_ATLAS_V3_1_AREA_7A_SPL,CONFLICT_REVIEW,HIGH_FRAGMENTATION,FALSE,g4_g3_final_scientific_decisions.csv,g4_g3_final_scientific_exclusions.csv
NGIQ-BR-00000395,Area 3b (PostCG) right,right,1018,JULICH_BRAIN_CYTOARCHITECTONIC_ATLAS_V3_1_AREA_3B_POSTCG,CONFLICT_REVIEW,HIGH_FRAGMENTATION,FALSE,g4_g3_final_scientific_decisions.csv,g4_g3_final_scientific_exclusions.csv
NGIQ-BR-00000396,Area 3b (PostCG) left,left,1021,JULICH_BRAIN_CYTOARCHITECTONIC_ATLAS_V3_1_AREA_3B_POSTCG,CONFLICT_REVIEW,HIGH_FRAGMENTATION,FALSE,g4_g3_final_scientific_decisions.csv,g4_g3_final_scientific_exclusions.csv
NGIQ-BR-00000399,Area 2 (PostCS) right,right,1030,JULICH_BRAIN_CYTOARCHITECTONIC_ATLAS_V3_1_AREA_2_POSTCS,CONFLICT_REVIEW,HIGH_FRAGMENTATION,FALSE,g4_g3_final_scientific_decisions.csv,g4_g3_final_scientific_exclusions.csv
NGIQ-BR-00000400,Area 2 (PostCS) left,left,1033,JULICH_BRAIN_CYTOARCHITECTONIC_ATLAS_V3_1_AREA_2_POSTCS,CONFLICT_REVIEW,HIGH_FRAGMENTATION,FALSE,g4_g3_final_scientific_decisions.csv,g4_g3_final_scientific_exclusions.csv
NGIQ-BR-00000401,Area 3a (PostCG) right,right,1036,JULICH_BRAIN_CYTOARCHITECTONIC_ATLAS_V3_1_AREA_3A_POSTCG,CONFLICT_REVIEW,HIGH_FRAGMENTATION,FALSE,g4_g3_final_scientific_decisions.csv,g4_g3_final_scientific_exclusions.csv
NGIQ-BR-00000402,Area 3a (PostCG) left,left,1039,JULICH_BRAIN_CYTOARCHITECTONIC_ATLAS_V3_1_AREA_3A_POSTCG,CONFLICT_REVIEW,HIGH_FRAGMENTATION,FALSE,g4_g3_final_scientific_decisions.csv,g4_g3_final_scientific_exclusions.csv
NGIQ-BR-00000426,Area hPO1 (POS) left,left,1111,JULICH_BRAIN_CYTOARCHITECTONIC_ATLAS_V3_1_AREA_HPO1_POS,CONFLICT_REVIEW,HIGH_FRAGMENTATION,FALSE,g4_g3_final_scientific_decisions.csv,g4_g3_final_scientific_exclusions.csv
NGIQ-BR-00000427,Area hIP1 (IPS) right,right,1114,JULICH_BRAIN_CYTOARCHITECTONIC_ATLAS_V3_1_AREA_HIP1_IPS,CONFLICT_REVIEW,HIGH_FRAGMENTATION,FALSE,g4_g3_final_scientific_decisions.csv,g4_g3_final_scientific_exclusions.csv
NGIQ-BR-00000452,Area 6d2 (PreCG) left,left,1189,JULICH_BRAIN_CYTOARCHITECTONIC_ATLAS_V3_1_AREA_6D2_PRECG,CONFLICT_REVIEW,HIGH_FRAGMENTATION,FALSE,g4_g3_final_scientific_decisions.csv,g4_g3_final_scientific_exclusions.csv
NGIQ-BR-00000454,Area 6d1 (PreCG) left,left,1195,JULICH_BRAIN_CYTOARCHITECTONIC_ATLAS_V3_1_AREA_6D1_PRECG,CONFLICT_REVIEW,HIGH_FRAGMENTATION,FALSE,g4_g3_final_scientific_decisions.csv,g4_g3_final_scientific_exclusions.csv
NGIQ-BR-00000471,Area 4a (PreCG) right,right,1246,JULICH_BRAIN_CYTOARCHITECTONIC_ATLAS_V3_1_AREA_4A_PRECG,CONFLICT_REVIEW,HIGH_FRAGMENTATION,FALSE,g4_g3_final_scientific_decisions.csv,g4_g3_final_scientific_exclusions.csv
NGIQ-BR-00000472,Area 4a (PreCG) left,left,1249,JULICH_BRAIN_CYTOARCHITECTONIC_ATLAS_V3_1_AREA_4A_PRECG,CONFLICT_REVIEW,HIGH_FRAGMENTATION,FALSE,g4_g3_final_scientific_decisions.csv,g4_g3_final_scientific_exclusions.csv
NGIQ-BR-00000473,Area Op10 (Frontal Operculum) right,right,1252,JULICH_BRAIN_CYTOARCHITECTONIC_ATLAS_V3_1_AREA_OP10_FRONTAL_OPERCULUM,CONFLICT_REVIEW,DIFFUSE_ASSOCIATION,FALSE,g4_g3_final_scientific_decisions.csv,g4_g3_final_scientific_exclusions.csv
NGIQ-BR-00000474,Area Op10 (Frontal Operculum) left,left,1255,JULICH_BRAIN_CYTOARCHITECTONIC_ATLAS_V3_1_AREA_OP10_FRONTAL_OPERCULUM,CONFLICT_REVIEW,DIFFUSE_ASSOCIATION,FALSE,g4_g3_final_scientific_decisions.csv,g4_g3_final_scientific_exclusions.csv
NGIQ-BR-00000480,Area Op7 (Frontal Operculum) left,left,1273,JULICH_BRAIN_CYTOARCHITECTONIC_ATLAS_V3_1_AREA_OP7_FRONTAL_OPERCULUM,CONFLICT_REVIEW,PROBABILITY_HARDLABEL_TOP1_DISAGREEMENT,FALSE,g4_g3_final_scientific_decisions.csv,g4_g3_final_scientific_exclusions.csv
NGIQ-BR-00000485,Area IFS4 (IFS) right,right,1288,JULICH_BRAIN_CYTOARCHITECTONIC_ATLAS_V3_1_AREA_IFS4_IFS,CONFLICT_REVIEW,PROBABILITY_HARDLABEL_TOP1_DISAGREEMENT,FALSE,g4_g3_final_scientific_decisions.csv,g4_g3_final_scientific_exclusions.csv
NGIQ-BR-00000488,Area IFS2 (IFS) left,left,1297,JULICH_BRAIN_CYTOARCHITECTONIC_ATLAS_V3_1_AREA_IFS2_IFS,CONFLICT_REVIEW,HIGH_FRAGMENTATION,FALSE,g4_g3_final_scientific_decisions.csv,g4_g3_final_scientific_exclusions.csv
NGIQ-BR-00000489,Area IFS1 (IFS) right,right,1300,JULICH_BRAIN_CYTOARCHITECTONIC_ATLAS_V3_1_AREA_IFS1_IFS,CONFLICT_REVIEW,HIGH_FRAGMENTATION,FALSE,g4_g3_final_scientific_decisions.csv,g4_g3_final_scientific_exclusions.csv
NGIQ-BR-00000493,Area IFS3 (IFS) right,right,1312,JULICH_BRAIN_CYTOARCHITECTONIC_ATLAS_V3_1_AREA_IFS3_IFS,CONFLICT_REVIEW,LOW_DOMINANCE,FALSE,g4_g3_final_scientific_decisions.csv,g4_g3_final_scientific_exclusions.csv
NGIQ-BR-00000500,Area 44 (IFG) left,left,1333,JULICH_BRAIN_CYTOARCHITECTONIC_ATLAS_V3_1_AREA_44_IFG,CONFLICT_REVIEW,HIGH_FRAGMENTATION,FALSE,g4_g3_final_scientific_decisions.csv,g4_g3_final_scientific_exclusions.csv
NGIQ-BR-00000501,Area 45 (IFG) right,right,1336,JULICH_BRAIN_CYTOARCHITECTONIC_ATLAS_V3_1_AREA_45_IFG,CONFLICT_REVIEW,MULTI_TARGET_DIFFUSE_REMAINDER,FALSE,g4_g3_final_scientific_decisions.csv,g4_g3_final_scientific_exclusions.csv
NGIQ-BR-00000509,Area MFG1 (MFG) right,right,1360,JULICH_BRAIN_CYTOARCHITECTONIC_ATLAS_V3_1_AREA_MFG1_MFG,CONFLICT_REVIEW,PROBABILITY_HARDLABEL_TOP1_DISAGREEMENT,FALSE,g4_g3_final_scientific_decisions.csv,g4_g3_final_scientific_exclusions.csv
NGIQ-BR-00000514,Area 6d3 (SFS) left,left,1375,JULICH_BRAIN_CYTOARCHITECTONIC_ATLAS_V3_1_AREA_6D3_SFS,CONFLICT_REVIEW,HIGH_FRAGMENTATION,FALSE,g4_g3_final_scientific_decisions.csv,g4_g3_final_scientific_exclusions.csv
NGIQ-BR-00000519,"Area MFG5 (MFG, IFG) right",right,1390,JULICH_BRAIN_CYTOARCHITECTONIC_ATLAS_V3_1_AREA_MFG5_MFG_IFG,CONFLICT_REVIEW,PARTIAL_TARGET_EVIDENCE_INCONSISTENT,FALSE,g4_g3_final_scientific_decisions.csv,g4_g3_final_scientific_exclusions.csv
NGIQ-BR-00000563,Area Id10 (Insula) right,right,1522,JULICH_BRAIN_CYTOARCHITECTONIC_ATLAS_V3_1_AREA_ID10_INSULA,CONFLICT_REVIEW,PARTIAL_TARGET_EVIDENCE_INCONSISTENT,FALSE,g4_g3_final_scientific_decisions.csv,g4_g3_final_scientific_exclusions.csv
NGIQ-BR-00000573,Area OTS1 (OTS) right,right,1552,JULICH_BRAIN_CYTOARCHITECTONIC_ATLAS_V3_1_AREA_OTS1_OTS,CONFLICT_REVIEW,HIGH_FRAGMENTATION,FALSE,g4_g3_final_scientific_decisions.csv,g4_g3_final_scientific_exclusions.csv
NGIQ-BR-00000574,Area OTS1 (OTS) left,left,1555,JULICH_BRAIN_CYTOARCHITECTONIC_ATLAS_V3_1_AREA_OTS1_OTS,CONFLICT_REVIEW,HIGH_FRAGMENTATION,FALSE,g4_g3_final_scientific_decisions.csv,g4_g3_final_scientific_exclusions.csv
NGIQ-BR-00000576,Area Te 3 (STG) left,left,1561,JULICH_BRAIN_CYTOARCHITECTONIC_ATLAS_V3_1_AREA_TE_3_STG,CONFLICT_REVIEW,MULTI_TARGET_DIFFUSE_REMAINDER,FALSE,g4_g3_final_scientific_decisions.csv,g4_g3_final_scientific_exclusions.csv
NGIQ-BR-00000578,Area Te 2.2 (STG) left,left,1567,JULICH_BRAIN_CYTOARCHITECTONIC_ATLAS_V3_1_AREA_TE_2_2_STG,CONFLICT_REVIEW,HIGH_FRAGMENTATION,FALSE,g4_g3_final_scientific_decisions.csv,g4_g3_final_scientific_exclusions.csv
NGIQ-BR-00000589,Area Ph2 (PhG) right,right,1600,JULICH_BRAIN_CYTOARCHITECTONIC_ATLAS_V3_1_AREA_PH2_PHG,CONFLICT_REVIEW,HIGH_FRAGMENTATION,FALSE,g4_g3_final_scientific_decisions.csv,g4_g3_final_scientific_exclusions.csv
NGIQ-BR-00000590,Area Ph2 (PhG) left,left,1603,JULICH_BRAIN_CYTOARCHITECTONIC_ATLAS_V3_1_AREA_PH2_PHG,CONFLICT_REVIEW,HIGH_FRAGMENTATION,FALSE,g4_g3_final_scientific_decisions.csv,g4_g3_final_scientific_exclusions.csv
NGIQ-BR-00000609,"Area TPJ (STG, SMG) right",right,1660,JULICH_BRAIN_CYTOARCHITECTONIC_ATLAS_V3_1_AREA_TPJ_STG_SMG,CONFLICT_REVIEW,PROBABILITY_HARDLABEL_TOP1_DISAGREEMENT,FALSE,g4_g3_final_scientific_decisions.csv,g4_g3_final_scientific_exclusions.csv
NGIQ-BR-00000611,"Area hOc2 (V2, 18) right",right,1666,JULICH_BRAIN_CYTOARCHITECTONIC_ATLAS_V3_1_AREA_HOC2_V2_18,CONFLICT_REVIEW,PROBABILITY_HARDLABEL_TOP1_DISAGREEMENT,FALSE,g4_g3_final_scientific_decisions.csv,g4_g3_final_scientific_exclusions.csv
NGIQ-BR-00000612,"Area hOc2 (V2, 18) left",left,1669,JULICH_BRAIN_CYTOARCHITECTONIC_ATLAS_V3_1_AREA_HOC2_V2_18,CONFLICT_REVIEW,PROBABILITY_HARDLABEL_TOP1_DISAGREEMENT,FALSE,g4_g3_final_scientific_decisions.csv,g4_g3_final_scientific_exclusions.csv
NGIQ-BR-00000613,"Area hOc1 (V1, 17, CalcS) right",right,1672,JULICH_BRAIN_CYTOARCHITECTONIC_ATLAS_V3_1_AREA_HOC1_V1_17_CALCS,CONFLICT_REVIEW,HIGH_FRAGMENTATION,FALSE,g4_g3_final_scientific_decisions.csv,g4_g3_final_scientific_exclusions.csv
NGIQ-BR-00000614,"Area hOc1 (V1, 17, CalcS) left",left,1675,JULICH_BRAIN_CYTOARCHITECTONIC_ATLAS_V3_1_AREA_HOC1_V1_17_CALCS,CONFLICT_REVIEW,MULTI_TARGET_DIFFUSE_REMAINDER,FALSE,g4_g3_final_scientific_decisions.csv,g4_g3_final_scientific_exclusions.csv
NGIQ-BR-00000619,Area hOc3d (Cuneus) right,right,1690,JULICH_BRAIN_CYTOARCHITECTONIC_ATLAS_V3_1_AREA_HOC3D_CUNEUS,CONFLICT_REVIEW,HIGH_FRAGMENTATION,FALSE,g4_g3_final_scientific_decisions.csv,g4_g3_final_scientific_exclusions.csv
NGIQ-BR-00000631,Area p24c.pd24cd (pACC) right,right,1726,JULICH_BRAIN_CYTOARCHITECTONIC_ATLAS_V3_1_AREA_P24C_PACC,SHARED_SPATIAL_EVIDENCE_ONLY,NO_INDEPENDENT_LEAF_SPATIAL_EVIDENCE,FALSE,g4_g3_final_scientific_decisions.csv,g4_g3_final_scientific_exclusions.csv
NGIQ-BR-00000632,Area p24c.pd24cv (pACC) right,right,1729,JULICH_BRAIN_CYTOARCHITECTONIC_ATLAS_V3_1_AREA_P24C_PACC,SHARED_SPATIAL_EVIDENCE_ONLY,NO_INDEPENDENT_LEAF_SPATIAL_EVIDENCE,FALSE,g4_g3_final_scientific_decisions.csv,g4_g3_final_scientific_exclusions.csv
NGIQ-BR-00000633,Area p24c.pv24c (pACC) right,right,1732,JULICH_BRAIN_CYTOARCHITECTONIC_ATLAS_V3_1_AREA_P24C_PACC,SHARED_SPATIAL_EVIDENCE_ONLY,NO_INDEPENDENT_LEAF_SPATIAL_EVIDENCE,FALSE,g4_g3_final_scientific_decisions.csv,g4_g3_final_scientific_exclusions.csv
NGIQ-BR-00000634,Area p24c.pd24cd (pACC) left,left,1735,JULICH_BRAIN_CYTOARCHITECTONIC_ATLAS_V3_1_AREA_P24C_PACC,SHARED_SPATIAL_EVIDENCE_ONLY,NO_INDEPENDENT_LEAF_SPATIAL_EVIDENCE,FALSE,g4_g3_final_scientific_decisions.csv,g4_g3_final_scientific_exclusions.csv
NGIQ-BR-00000635,Area p24c.pd24cv (pACC) left,left,1738,JULICH_BRAIN_CYTOARCHITECTONIC_ATLAS_V3_1_AREA_P24C_PACC,SHARED_SPATIAL_EVIDENCE_ONLY,NO_INDEPENDENT_LEAF_SPATIAL_EVIDENCE,FALSE,g4_g3_final_scientific_decisions.csv,g4_g3_final_scientific_exclusions.csv
NGIQ-BR-00000636,Area p24c.pv24c (pACC) left,left,1741,JULICH_BRAIN_CYTOARCHITECTONIC_ATLAS_V3_1_AREA_P24C_PACC,SHARED_SPATIAL_EVIDENCE_ONLY,NO_INDEPENDENT_LEAF_SPATIAL_EVIDENCE,FALSE,g4_g3_final_scientific_decisions.csv,g4_g3_final_scientific_exclusions.csv
NGIQ-BR-00000637,Area 25.25a (sACC) right,right,1744,JULICH_BRAIN_CYTOARCHITECTONIC_ATLAS_V3_1_AREA_25_SACC,SHARED_SPATIAL_EVIDENCE_ONLY,NO_INDEPENDENT_LEAF_SPATIAL_EVIDENCE,FALSE,g4_g3_final_scientific_decisions.csv,g4_g3_final_scientific_exclusions.csv
NGIQ-BR-00000638,Area 25.25p (sACC) right,right,1747,JULICH_BRAIN_CYTOARCHITECTONIC_ATLAS_V3_1_AREA_25_SACC,SHARED_SPATIAL_EVIDENCE_ONLY,NO_INDEPENDENT_LEAF_SPATIAL_EVIDENCE,FALSE,g4_g3_final_scientific_decisions.csv,g4_g3_final_scientific_exclusions.csv
NGIQ-BR-00000639,Area 25.25a (sACC) left,left,1750,JULICH_BRAIN_CYTOARCHITECTONIC_ATLAS_V3_1_AREA_25_SACC,SHARED_SPATIAL_EVIDENCE_ONLY,NO_INDEPENDENT_LEAF_SPATIAL_EVIDENCE,FALSE,g4_g3_final_scientific_decisions.csv,g4_g3_final_scientific_exclusions.csv
NGIQ-BR-00000640,Area 25.25p (sACC) left,left,1753,JULICH_BRAIN_CYTOARCHITECTONIC_ATLAS_V3_1_AREA_25_SACC,SHARED_SPATIAL_EVIDENCE_ONLY,NO_INDEPENDENT_LEAF_SPATIAL_EVIDENCE,FALSE,g4_g3_final_scientific_decisions.csv,g4_g3_final_scientific_exclusions.csv
NGIQ-BR-00000641,Area p24ab.p24a (pACC) right,right,1756,JULICH_BRAIN_CYTOARCHITECTONIC_ATLAS_V3_1_AREA_P24AB_PACC,SHARED_SPATIAL_EVIDENCE_ONLY,NO_INDEPENDENT_LEAF_SPATIAL_EVIDENCE,FALSE,g4_g3_final_scientific_decisions.csv,g4_g3_final_scientific_exclusions.csv
NGIQ-BR-00000642,Area p24ab.p24b (pACC) right,right,1759,JULICH_BRAIN_CYTOARCHITECTONIC_ATLAS_V3_1_AREA_P24AB_PACC,SHARED_SPATIAL_EVIDENCE_ONLY,NO_INDEPENDENT_LEAF_SPATIAL_EVIDENCE,FALSE,g4_g3_final_scientific_decisions.csv,g4_g3_final_scientific_exclusions.csv
NGIQ-BR-00000643,Area p24ab.p24a (pACC) left,left,1762,JULICH_BRAIN_CYTOARCHITECTONIC_ATLAS_V3_1_AREA_P24AB_PACC,SHARED_SPATIAL_EVIDENCE_ONLY,NO_INDEPENDENT_LEAF_SPATIAL_EVIDENCE,FALSE,g4_g3_final_scientific_decisions.csv,g4_g3_final_scientific_exclusions.csv
NGIQ-BR-00000644,Area p24ab.p24b (pACC) left,left,1765,JULICH_BRAIN_CYTOARCHITECTONIC_ATLAS_V3_1_AREA_P24AB_PACC,SHARED_SPATIAL_EVIDENCE_ONLY,NO_INDEPENDENT_LEAF_SPATIAL_EVIDENCE,FALSE,g4_g3_final_scientific_decisions.csv,g4_g3_final_scientific_exclusions.csv
NGIQ-BR-00000647,Area 33 (ACC) right,right,1774,JULICH_BRAIN_CYTOARCHITECTONIC_ATLAS_V3_1_AREA_33_ACC,CONFLICT_REVIEW,HIGH_FRAGMENTATION,FALSE,g4_g3_final_scientific_decisions.csv,g4_g3_final_scientific_exclusions.csv
NGIQ-BR-00000648,Area 33 (ACC) left,left,1777,JULICH_BRAIN_CYTOARCHITECTONIC_ATLAS_V3_1_AREA_33_ACC,CONFLICT_REVIEW,HIGH_FRAGMENTATION,FALSE,g4_g3_final_scientific_decisions.csv,g4_g3_final_scientific_exclusions.csv
NGIQ-BR-00000651,Area s24.s24a (sACC) right,right,1786,JULICH_BRAIN_CYTOARCHITECTONIC_ATLAS_V3_1_AREA_S24_SACC,SHARED_SPATIAL_EVIDENCE_ONLY,NO_INDEPENDENT_LEAF_SPATIAL_EVIDENCE,FALSE,g4_g3_final_scientific_decisions.csv,g4_g3_final_scientific_exclusions.csv
NGIQ-BR-00000652,Area s24.s24b (sACC) right,right,1789,JULICH_BRAIN_CYTOARCHITECTONIC_ATLAS_V3_1_AREA_S24_SACC,SHARED_SPATIAL_EVIDENCE_ONLY,NO_INDEPENDENT_LEAF_SPATIAL_EVIDENCE,FALSE,g4_g3_final_scientific_decisions.csv,g4_g3_final_scientific_exclusions.csv
NGIQ-BR-00000653,Area s24.s24a (sACC) left,left,1792,JULICH_BRAIN_CYTOARCHITECTONIC_ATLAS_V3_1_AREA_S24_SACC,SHARED_SPATIAL_EVIDENCE_ONLY,NO_INDEPENDENT_LEAF_SPATIAL_EVIDENCE,FALSE,g4_g3_final_scientific_decisions.csv,g4_g3_final_scientific_exclusions.csv
NGIQ-BR-00000654,Area s24.s24b (sACC) left,left,1795,JULICH_BRAIN_CYTOARCHITECTONIC_ATLAS_V3_1_AREA_S24_SACC,SHARED_SPATIAL_EVIDENCE_ONLY,NO_INDEPENDENT_LEAF_SPATIAL_EVIDENCE,FALSE,g4_g3_final_scientific_decisions.csv,g4_g3_final_scientific_exclusions.csv
NGIQ-BR-00000655,"Area PirT.Tit (PiriformCortexMesial, Piriform temporal Area, Incisura temporalis) right",right,1798,JULICH_BRAIN_CYTOARCHITECTONIC_ATLAS_V3_1_AREA_PIRT_PIRIFORMCORTEXMESIAL_TEMPORAL,SHARED_SPATIAL_EVIDENCE_ONLY,NO_INDEPENDENT_LEAF_SPATIAL_EVIDENCE,FALSE,g4_g3_final_scientific_decisions.csv,g4_g3_final_scientific_exclusions.csv
NGIQ-BR-00000656,"Area PirT.Tu (PiriformCortexMesial, Piriform temporal Area, Uncus) right",right,1801,JULICH_BRAIN_CYTOARCHITECTONIC_ATLAS_V3_1_AREA_PIRT_PIRIFORMCORTEXMESIAL_TEMPORAL,SHARED_SPATIAL_EVIDENCE_ONLY,NO_INDEPENDENT_LEAF_SPATIAL_EVIDENCE,FALSE,g4_g3_final_scientific_decisions.csv,g4_g3_final_scientific_exclusions.csv
NGIQ-BR-00000657,"Area PirT.Tit (PiriformCortexMesial, Piriform temporal Area, Incisura temporalis) left",left,1804,JULICH_BRAIN_CYTOARCHITECTONIC_ATLAS_V3_1_AREA_PIRT_PIRIFORMCORTEXMESIAL_TEMPORAL,SHARED_SPATIAL_EVIDENCE_ONLY,NO_INDEPENDENT_LEAF_SPATIAL_EVIDENCE,FALSE,g4_g3_final_scientific_decisions.csv,g4_g3_final_scientific_exclusions.csv
NGIQ-BR-00000658,"Area PirT.Tu (PiriformCortexMesial, Piriform temporal Area, Uncus) left",left,1807,JULICH_BRAIN_CYTOARCHITECTONIC_ATLAS_V3_1_AREA_PIRT_PIRIFORMCORTEXMESIAL_TEMPORAL,SHARED_SPATIAL_EVIDENCE_ONLY,NO_INDEPENDENT_LEAF_SPATIAL_EVIDENCE,FALSE,g4_g3_final_scientific_decisions.csv,g4_g3_final_scientific_exclusions.csv
NGIQ-BR-00000659,"Area PirTB.TBd (PiriformCortexMesial, Piriform temporobasal Area, dorsal part) right",right,1810,JULICH_BRAIN_CYTOARCHITECTONIC_ATLAS_V3_1_AREA_PIRTB_PIRIFORMCORTEXMESIAL_TEMPOROBASAL,SHARED_SPATIAL_EVIDENCE_ONLY,NO_INDEPENDENT_LEAF_SPATIAL_EVIDENCE,FALSE,g4_g3_final_scientific_decisions.csv,g4_g3_final_scientific_exclusions.csv
NGIQ-BR-00000660,"Area PirTB.TBv (PiriformCortexMesial, Piriform temporobasal Area, ventral part) right",right,1813,JULICH_BRAIN_CYTOARCHITECTONIC_ATLAS_V3_1_AREA_PIRTB_PIRIFORMCORTEXMESIAL_TEMPOROBASAL,SHARED_SPATIAL_EVIDENCE_ONLY,NO_INDEPENDENT_LEAF_SPATIAL_EVIDENCE,FALSE,g4_g3_final_scientific_decisions.csv,g4_g3_final_scientific_exclusions.csv
NGIQ-BR-00000661,"Area PirTB.TBd (PiriformCortexMesial, Piriform temporobasal Area, dorsal part) left",left,1816,JULICH_BRAIN_CYTOARCHITECTONIC_ATLAS_V3_1_AREA_PIRTB_PIRIFORMCORTEXMESIAL_TEMPOROBASAL,SHARED_SPATIAL_EVIDENCE_ONLY,NO_INDEPENDENT_LEAF_SPATIAL_EVIDENCE,FALSE,g4_g3_final_scientific_decisions.csv,g4_g3_final_scientific_exclusions.csv
NGIQ-BR-00000662,"Area PirTB.TBv (PiriformCortexMesial, Piriform temporobasal Area, ventral part) left",left,1819,JULICH_BRAIN_CYTOARCHITECTONIC_ATLAS_V3_1_AREA_PIRTB_PIRIFORMCORTEXMESIAL_TEMPOROBASAL,SHARED_SPATIAL_EVIDENCE_ONLY,NO_INDEPENDENT_LEAF_SPATIAL_EVIDENCE,FALSE,g4_g3_final_scientific_decisions.csv,g4_g3_final_scientific_exclusions.csv
NGIQ-BR-00000667,"TrS (Hippocampus, Transsubiculum) right",right,1834,JULICH_BRAIN_CYTOARCHITECTONIC_ATLAS_V3_1_TRS_HIPPOCAMPUS_TRANSSUBICULUM,CONFLICT_REVIEW,HIGH_FRAGMENTATION,FALSE,g4_g3_final_scientific_decisions.csv,g4_g3_final_scientific_exclusions.csv
NGIQ-BR-00000668,"TrS (Hippocampus, Transsubiculum) left",left,1837,JULICH_BRAIN_CYTOARCHITECTONIC_ATLAS_V3_1_TRS_HIPPOCAMPUS_TRANSSUBICULUM,CONFLICT_REVIEW,HIGH_FRAGMENTATION,FALSE,g4_g3_final_scientific_decisions.csv,g4_g3_final_scientific_exclusions.csv
NGIQ-BR-00000669,"Subc.PaS (Hippocampus, Parasubiculum) right",right,1840,JULICH_BRAIN_CYTOARCHITECTONIC_ATLAS_V3_1_SUBC_HIPPOCAMPUS_SUBICULAR_COMPLEX,SHARED_SPATIAL_EVIDENCE_ONLY,NO_INDEPENDENT_LEAF_SPATIAL_EVIDENCE,FALSE,g4_g3_final_scientific_decisions.csv,g4_g3_final_scientific_exclusions.csv
NGIQ-BR-00000670,"Subc.PreS (Hippocampus, Presubiculum) right",right,1843,JULICH_BRAIN_CYTOARCHITECTONIC_ATLAS_V3_1_SUBC_HIPPOCAMPUS_SUBICULAR_COMPLEX,SHARED_SPATIAL_EVIDENCE_ONLY,NO_INDEPENDENT_LEAF_SPATIAL_EVIDENCE,FALSE,g4_g3_final_scientific_decisions.csv,g4_g3_final_scientific_exclusions.csv
NGIQ-BR-00000671,"Subc.ProS (Hippocampus, Prosubiculum) right",right,1846,JULICH_BRAIN_CYTOARCHITECTONIC_ATLAS_V3_1_SUBC_HIPPOCAMPUS_SUBICULAR_COMPLEX,SHARED_SPATIAL_EVIDENCE_ONLY,NO_INDEPENDENT_LEAF_SPATIAL_EVIDENCE,FALSE,g4_g3_final_scientific_decisions.csv,g4_g3_final_scientific_exclusions.csv
NGIQ-BR-00000672,"Subc.Sub (Hippocampus, Subiculum) right",right,1849,JULICH_BRAIN_CYTOARCHITECTONIC_ATLAS_V3_1_SUBC_HIPPOCAMPUS_SUBICULAR_COMPLEX,SHARED_SPATIAL_EVIDENCE_ONLY,NO_INDEPENDENT_LEAF_SPATIAL_EVIDENCE,FALSE,g4_g3_final_scientific_decisions.csv,g4_g3_final_scientific_exclusions.csv
NGIQ-BR-00000673,"Subc.PaS (Hippocampus, Parasubiculum) left",left,1852,JULICH_BRAIN_CYTOARCHITECTONIC_ATLAS_V3_1_SUBC_HIPPOCAMPUS_SUBICULAR_COMPLEX,SHARED_SPATIAL_EVIDENCE_ONLY,NO_INDEPENDENT_LEAF_SPATIAL_EVIDENCE,FALSE,g4_g3_final_scientific_decisions.csv,g4_g3_final_scientific_exclusions.csv
NGIQ-BR-00000674,"Subc.PreS (Hippocampus, Presubiculum) left",left,1855,JULICH_BRAIN_CYTOARCHITECTONIC_ATLAS_V3_1_SUBC_HIPPOCAMPUS_SUBICULAR_COMPLEX,SHARED_SPATIAL_EVIDENCE_ONLY,NO_INDEPENDENT_LEAF_SPATIAL_EVIDENCE,FALSE,g4_g3_final_scientific_decisions.csv,g4_g3_final_scientific_exclusions.csv
NGIQ-BR-00000675,"Subc.ProS (Hippocampus, Prosubiculum) left",left,1858,JULICH_BRAIN_CYTOARCHITECTONIC_ATLAS_V3_1_SUBC_HIPPOCAMPUS_SUBICULAR_COMPLEX,SHARED_SPATIAL_EVIDENCE_ONLY,NO_INDEPENDENT_LEAF_SPATIAL_EVIDENCE,FALSE,g4_g3_final_scientific_decisions.csv,g4_g3_final_scientific_exclusions.csv
NGIQ-BR-00000676,"Subc.Sub (Hippocampus, Subiculum) left",left,1861,JULICH_BRAIN_CYTOARCHITECTONIC_ATLAS_V3_1_SUBC_HIPPOCAMPUS_SUBICULAR_COMPLEX,SHARED_SPATIAL_EVIDENCE_ONLY,NO_INDEPENDENT_LEAF_SPATIAL_EVIDENCE,FALSE,g4_g3_final_scientific_decisions.csv,g4_g3_final_scientific_exclusions.csv
NGIQ-BR-00000681,"Area EC (Hippocampal Region, Entorhinal Cortex) right",right,1876,JULICH_BRAIN_CYTOARCHITECTONIC_ATLAS_V3_1_AREA_EC_HIPPOCAMPAL_REGION_ENTORHINAL_CORTEX,CONFLICT_REVIEW,HIGH_FRAGMENTATION,FALSE,g4_g3_final_scientific_decisions.csv,g4_g3_final_scientific_exclusions.csv
NGIQ-BR-00000682,"Area EC (Hippocampal Region, Entorhinal Cortex) left",left,1879,JULICH_BRAIN_CYTOARCHITECTONIC_ATLAS_V3_1_AREA_EC_HIPPOCAMPAL_REGION_ENTORHINAL_CORTEX,CONFLICT_REVIEW,MULTI_TARGET_DIFFUSE_REMAINDER,FALSE,g4_g3_final_scientific_decisions.csv,g4_g3_final_scientific_exclusions.csv
NGIQ-BR-00000689,"SNC (Midbrain, Substantia Nigra pars compacta) right",right,1900,JULICH_BRAIN_CYTOARCHITECTONIC_ATLAS_V3_1_SNC_MIDBRAIN_SUBSTANTIA_NIGRA_PARS_COMPACTA,NO_G3_MAPPING,BNA_COVERAGE_GAP,FALSE,g4_g3_final_scientific_decisions.csv,g4_g3_final_scientific_exclusions.csv
NGIQ-BR-00000690,"SNC (Midbrain, Substantia Nigra pars compacta) left",left,1903,JULICH_BRAIN_CYTOARCHITECTONIC_ATLAS_V3_1_SNC_MIDBRAIN_SUBSTANTIA_NIGRA_PARS_COMPACTA,NO_G3_MAPPING,BNA_COVERAGE_GAP,FALSE,g4_g3_final_scientific_decisions.csv,g4_g3_final_scientific_exclusions.csv
NGIQ-BR-00000691,"SNR (Midbrain, Substantia Nigra pars reticulata) right",right,1906,JULICH_BRAIN_CYTOARCHITECTONIC_ATLAS_V3_1_SNR_MIDBRAIN_SUBSTANTIA_NIGRA_PARS_RETICULATA,NO_G3_MAPPING,BNA_COVERAGE_GAP,FALSE,g4_g3_final_scientific_decisions.csv,g4_g3_final_scientific_exclusions.csv
NGIQ-BR-00000692,"SNR (Midbrain, Substantia Nigra pars reticulata) left",left,1909,JULICH_BRAIN_CYTOARCHITECTONIC_ATLAS_V3_1_SNR_MIDBRAIN_SUBSTANTIA_NIGRA_PARS_RETICULATA,NO_G3_MAPPING,BNA_COVERAGE_GAP,FALSE,g4_g3_final_scientific_decisions.csv,g4_g3_final_scientific_exclusions.csv
NGIQ-BR-00000693,"NRp (Midbrain, Nucleus Ruber, parvocellular part) right",right,1912,JULICH_BRAIN_CYTOARCHITECTONIC_ATLAS_V3_1_NRP_MIDBRAIN_NUCLEUS_RUBER_PARVOCELLULAR_PART,NO_G3_MAPPING,BNA_COVERAGE_GAP,FALSE,g4_g3_final_scientific_decisions.csv,g4_g3_final_scientific_exclusions.csv
NGIQ-BR-00000694,"NRp (Midbrain, Nucleus Ruber, parvocellular part) left",left,1915,JULICH_BRAIN_CYTOARCHITECTONIC_ATLAS_V3_1_NRP_MIDBRAIN_NUCLEUS_RUBER_PARVOCELLULAR_PART,NO_G3_MAPPING,BNA_COVERAGE_GAP,FALSE,g4_g3_final_scientific_decisions.csv,g4_g3_final_scientific_exclusions.csv
NGIQ-BR-00000695,"NRm (Midbrain, Nucleus Ruber, magnocellular part) right",right,1918,JULICH_BRAIN_CYTOARCHITECTONIC_ATLAS_V3_1_NRM_MIDBRAIN_NUCLEUS_RUBER_MAGNOCELLULAR_PART,NO_G3_MAPPING,ZERO_BNA_SPATIAL_ASSOCIATION,FALSE,g4_g3_final_scientific_decisions.csv,g4_g3_final_scientific_exclusions.csv
NGIQ-BR-00000696,"NRm (Midbrain, Nucleus Ruber, magnocellular part) left",left,1921,JULICH_BRAIN_CYTOARCHITECTONIC_ATLAS_V3_1_NRM_MIDBRAIN_NUCLEUS_RUBER_MAGNOCELLULAR_PART,NO_G3_MAPPING,ZERO_BNA_SPATIAL_ASSOCIATION,FALSE,g4_g3_final_scientific_decisions.csv,g4_g3_final_scientific_exclusions.csv
NGIQ-BR-00000697,"Ninterp (Cerebellum, Interposed Nucleus) right",right,1924,JULICH_BRAIN_CYTOARCHITECTONIC_ATLAS_V3_1_NINTERP_CEREBELLUM_INTERPOSED_NUCLEUS,NO_G3_MAPPING,ZERO_BNA_SPATIAL_ASSOCIATION,FALSE,g4_g3_final_scientific_decisions.csv,g4_g3_final_scientific_exclusions.csv
NGIQ-BR-00000698,"Ninterp (Cerebellum, Interposed Nucleus) left",left,1927,JULICH_BRAIN_CYTOARCHITECTONIC_ATLAS_V3_1_NINTERP_CEREBELLUM_INTERPOSED_NUCLEUS,NO_G3_MAPPING,ZERO_BNA_SPATIAL_ASSOCIATION,FALSE,g4_g3_final_scientific_decisions.csv,g4_g3_final_scientific_exclusions.csv
NGIQ-BR-00000699,"Ndentv (Cerebellum, Ventral Dentate Nucleus) right",right,1930,JULICH_BRAIN_CYTOARCHITECTONIC_ATLAS_V3_1_NDENTV_CEREBELLUM_VENTRAL_DENTATE_NUCLEUS,NO_G3_MAPPING,ZERO_BNA_SPATIAL_ASSOCIATION,FALSE,g4_g3_final_scientific_decisions.csv,g4_g3_final_scientific_exclusions.csv
NGIQ-BR-00000700,"Ndentv (Cerebellum, Ventral Dentate Nucleus) left",left,1933,JULICH_BRAIN_CYTOARCHITECTONIC_ATLAS_V3_1_NDENTV_CEREBELLUM_VENTRAL_DENTATE_NUCLEUS,NO_G3_MAPPING,ZERO_BNA_SPATIAL_ASSOCIATION,FALSE,g4_g3_final_scientific_decisions.csv,g4_g3_final_scientific_exclusions.csv
NGIQ-BR-00000701,"Ndentd (Cerebellum, Dorsal Dentate Nucleus) right",right,1936,JULICH_BRAIN_CYTOARCHITECTONIC_ATLAS_V3_1_NDENTD_CEREBELLUM_DORSAL_DENTATE_NUCLEUS,NO_G3_MAPPING,ZERO_BNA_SPATIAL_ASSOCIATION,FALSE,g4_g3_final_scientific_decisions.csv,g4_g3_final_scientific_exclusions.csv
NGIQ-BR-00000702,"Ndentd (Cerebellum, Dorsal Dentate Nucleus) left",left,1939,JULICH_BRAIN_CYTOARCHITECTONIC_ATLAS_V3_1_NDENTD_CEREBELLUM_DORSAL_DENTATE_NUCLEUS,NO_G3_MAPPING,ZERO_BNA_SPATIAL_ASSOCIATION,FALSE,g4_g3_final_scientific_decisions.csv,g4_g3_final_scientific_exclusions.csv
NGIQ-BR-00000703,"Nfast (Cerebellum, Fastigial Nucleus) right",right,1942,JULICH_BRAIN_CYTOARCHITECTONIC_ATLAS_V3_1_NFAST_CEREBELLUM_FASTIGIAL_NUCLEUS,NO_G3_MAPPING,ZERO_BNA_SPATIAL_ASSOCIATION,FALSE,g4_g3_final_scientific_decisions.csv,g4_g3_final_scientific_exclusions.csv
NGIQ-BR-00000704,"Nfast (Cerebellum, Fastigial Nucleus) left",left,1945,JULICH_BRAIN_CYTOARCHITECTONIC_ATLAS_V3_1_NFAST_CEREBELLUM_FASTIGIAL_NUCLEUS,NO_G3_MAPPING,ZERO_BNA_SPATIAL_ASSOCIATION,FALSE,g4_g3_final_scientific_decisions.csv,g4_g3_final_scientific_exclusions.csv
NGIQ-BR-00000705,STN (Subthalamus) right,right,1948,JULICH_BRAIN_CYTOARCHITECTONIC_ATLAS_V3_1_STN_SUBTHALAMUS,NO_G3_MAPPING,BNA_COVERAGE_GAP,FALSE,g4_g3_final_scientific_decisions.csv,g4_g3_final_scientific_exclusions.csv
NGIQ-BR-00000706,STN (Subthalamus) left,left,1951,JULICH_BRAIN_CYTOARCHITECTONIC_ATLAS_V3_1_STN_SUBTHALAMUS,NO_G3_MAPPING,BNA_COVERAGE_GAP,FALSE,g4_g3_final_scientific_decisions.csv,g4_g3_final_scientific_exclusions.csv
NGIQ-BR-00000707,"Rt (Thalamus, reticular Nucleus) right",right,1954,JULICH_BRAIN_CYTOARCHITECTONIC_ATLAS_V3_1_RT_THALAMUS_RETICULAR_NUCLEUS,CONFLICT_REVIEW,HIGH_FRAGMENTATION,FALSE,g4_g3_final_scientific_decisions.csv,g4_g3_final_scientific_exclusions.csv
NGIQ-BR-00000708,"Rt (Thalamus, reticular Nucleus) left",left,1957,JULICH_BRAIN_CYTOARCHITECTONIC_ATLAS_V3_1_RT_THALAMUS_RETICULAR_NUCLEUS,CONFLICT_REVIEW,PROBABILITY_HARDLABEL_TOP1_DISAGREEMENT,FALSE,g4_g3_final_scientific_decisions.csv,g4_g3_final_scientific_exclusions.csv
NGIQ-BR-00000709,"ZI (Thalamus, zona incerta) right",right,1960,JULICH_BRAIN_CYTOARCHITECTONIC_ATLAS_V3_1_ZI_THALAMUS_ZONA_INCERTA,CONFLICT_REVIEW,LOW_BNA_COVERAGE,FALSE,g4_g3_final_scientific_decisions.csv,g4_g3_final_scientific_exclusions.csv
NGIQ-BR-00000710,"ZI (Thalamus, zona incerta) left",left,1963,JULICH_BRAIN_CYTOARCHITECTONIC_ATLAS_V3_1_ZI_THALAMUS_ZONA_INCERTA,CONFLICT_REVIEW,DIFFUSE_ASSOCIATION,FALSE,g4_g3_final_scientific_decisions.csv,g4_g3_final_scientific_exclusions.csv
NGIQ-BR-00000711,CGM (Metathalamus) right,right,1966,JULICH_BRAIN_CYTOARCHITECTONIC_ATLAS_V3_1_CGM_METATHALAMUS,CONFLICT_REVIEW,HIGH_FRAGMENTATION,FALSE,g4_g3_final_scientific_decisions.csv,g4_g3_final_scientific_exclusions.csv
NGIQ-BR-00000712,CGM (Metathalamus) left,left,1969,JULICH_BRAIN_CYTOARCHITECTONIC_ATLAS_V3_1_CGM_METATHALAMUS,CONFLICT_REVIEW,HIGH_FRAGMENTATION,FALSE,g4_g3_final_scientific_decisions.csv,g4_g3_final_scientific_exclusions.csv
NGIQ-BR-00000713,CGL (Metathalamus) right,right,1972,JULICH_BRAIN_CYTOARCHITECTONIC_ATLAS_V3_1_CGL_METATHALAMUS,CONFLICT_REVIEW,PROBABILITY_HARDLABEL_TOP1_DISAGREEMENT,FALSE,g4_g3_final_scientific_decisions.csv,g4_g3_final_scientific_exclusions.csv
NGIQ-BR-00000714,CGL (Metathalamus) left,left,1975,JULICH_BRAIN_CYTOARCHITECTONIC_ATLAS_V3_1_CGL_METATHALAMUS,CONFLICT_REVIEW,HIGH_FRAGMENTATION,FALSE,g4_g3_final_scientific_decisions.csv,g4_g3_final_scientific_exclusions.csv
NGIQ-BR-00000715,"MV (Thalamus, medioventral Nucleus) right",right,1978,JULICH_BRAIN_CYTOARCHITECTONIC_ATLAS_V3_1_MV_THALAMUS_MEDIOVENTRAL_NUCLEUS,CONFLICT_REVIEW,PARTIAL_TARGET_EVIDENCE_INCONSISTENT,FALSE,g4_g3_final_scientific_decisions.csv,g4_g3_final_scientific_exclusions.csv
NGIQ-BR-00000721,"Po (Thalamus, posterior Nucleus) right",right,1996,JULICH_BRAIN_CYTOARCHITECTONIC_ATLAS_V3_1_PO_THALAMUS_POSTERIOR_NUCLEUS,CONFLICT_REVIEW,HIGH_FRAGMENTATION,FALSE,g4_g3_final_scientific_decisions.csv,g4_g3_final_scientific_exclusions.csv
NGIQ-BR-00000727,"Li (Thalamus, limitans Nucleus) right",right,2014,JULICH_BRAIN_CYTOARCHITECTONIC_ATLAS_V3_1_LI_THALAMUS_LIMITANS_NUCLEUS,CONFLICT_REVIEW,HIGH_FRAGMENTATION,FALSE,g4_g3_final_scientific_decisions.csv,g4_g3_final_scientific_exclusions.csv
NGIQ-BR-00000728,"Li (Thalamus, limitans Nucleus) left",left,2017,JULICH_BRAIN_CYTOARCHITECTONIC_ATLAS_V3_1_LI_THALAMUS_LIMITANS_NUCLEUS,CONFLICT_REVIEW,HIGH_FRAGMENTATION,FALSE,g4_g3_final_scientific_decisions.csv,g4_g3_final_scientific_exclusions.csv
NGIQ-BR-00000729,"Sg (Thalamus, suprageniculate Nucleus) right",right,2020,JULICH_BRAIN_CYTOARCHITECTONIC_ATLAS_V3_1_SG_THALAMUS_SUPRAGENICULATE_NUCLEUS,CONFLICT_REVIEW,HIGH_FRAGMENTATION,FALSE,g4_g3_final_scientific_decisions.csv,g4_g3_final_scientific_exclusions.csv
NGIQ-BR-00000730,"Sg (Thalamus, suprageniculate Nucleus) left",left,2023,JULICH_BRAIN_CYTOARCHITECTONIC_ATLAS_V3_1_SG_THALAMUS_SUPRAGENICULATE_NUCLEUS,CONFLICT_REVIEW,HIGH_FRAGMENTATION,FALSE,g4_g3_final_scientific_decisions.csv,g4_g3_final_scientific_exclusions.csv
NGIQ-BR-00000731,"LP (Thalamus, lateral posterior Nucleus) right",right,2026,JULICH_BRAIN_CYTOARCHITECTONIC_ATLAS_V3_1_LP_THALAMUS_LATERAL_POSTERIOR_NUCLEUS,CONFLICT_REVIEW,HIGH_FRAGMENTATION,FALSE,g4_g3_final_scientific_decisions.csv,g4_g3_final_scientific_exclusions.csv
NGIQ-BR-00000732,"LP (Thalamus, lateral posterior Nucleus) left",left,2029,JULICH_BRAIN_CYTOARCHITECTONIC_ATLAS_V3_1_LP_THALAMUS_LATERAL_POSTERIOR_NUCLEUS,CONFLICT_REVIEW,PROBABILITY_HARDLABEL_TOP1_DISAGREEMENT,FALSE,g4_g3_final_scientific_decisions.csv,g4_g3_final_scientific_exclusions.csv
NGIQ-BR-00000733,"PUi (Thalamus, inferior pulvinar) right",right,2032,JULICH_BRAIN_CYTOARCHITECTONIC_ATLAS_V3_1_PUI_THALAMUS_INFERIOR_PULVINAR,CONFLICT_REVIEW,PROBABILITY_HARDLABEL_TOP1_DISAGREEMENT,FALSE,g4_g3_final_scientific_decisions.csv,g4_g3_final_scientific_exclusions.csv
NGIQ-BR-00000734,"PUi (Thalamus, inferior pulvinar) left",left,2035,JULICH_BRAIN_CYTOARCHITECTONIC_ATLAS_V3_1_PUI_THALAMUS_INFERIOR_PULVINAR,CONFLICT_REVIEW,HIGH_FRAGMENTATION,FALSE,g4_g3_final_scientific_decisions.csv,g4_g3_final_scientific_exclusions.csv
NGIQ-BR-00000743,"VPMpc (Thalamus, ventral posterior medial Nucleus, parvocellular part) right",right,2062,JULICH_BRAIN_CYTOARCHITECTONIC_ATLAS_V3_1_VPMPC_THALAMUS_VENTRAL_POSTERIOR_MEDIAL_NUCLEUS_PARVOCELLULAR_PART,CONFLICT_REVIEW,DIFFUSE_ASSOCIATION,FALSE,g4_g3_final_scientific_decisions.csv,g4_g3_final_scientific_exclusions.csv
NGIQ-BR-00000744,"VPMpc (Thalamus, ventral posterior medial Nucleus, parvocellular part) left",left,2065,JULICH_BRAIN_CYTOARCHITECTONIC_ATLAS_V3_1_VPMPC_THALAMUS_VENTRAL_POSTERIOR_MEDIAL_NUCLEUS_PARVOCELLULAR_PART,CONFLICT_REVIEW,LOW_DOMINANCE,FALSE,g4_g3_final_scientific_decisions.csv,g4_g3_final_scientific_exclusions.csv
NGIQ-BR-00000745,"VPi (Thalamus, ventroposterior inferior Nucleus) right",right,2068,JULICH_BRAIN_CYTOARCHITECTONIC_ATLAS_V3_1_VPI_THALAMUS_VENTROPOSTERIOR_INFERIOR_NUCLEUS,CONFLICT_REVIEW,DIFFUSE_ASSOCIATION,FALSE,g4_g3_final_scientific_decisions.csv,g4_g3_final_scientific_exclusions.csv
NGIQ-BR-00000746,"VPi (Thalamus, ventroposterior inferior Nucleus) left",left,2071,JULICH_BRAIN_CYTOARCHITECTONIC_ATLAS_V3_1_VPI_THALAMUS_VENTROPOSTERIOR_INFERIOR_NUCLEUS,CONFLICT_REVIEW,DIFFUSE_ASSOCIATION,FALSE,g4_g3_final_scientific_decisions.csv,g4_g3_final_scientific_exclusions.csv
NGIQ-BR-00000750,"VLP (Thalamus, ventral lateral posterior Nucleus) left",left,2083,JULICH_BRAIN_CYTOARCHITECTONIC_ATLAS_V3_1_VLP_THALAMUS_VENTRAL_LATERAL_POSTERIOR_NUCLEUS,CONFLICT_REVIEW,HIGH_FRAGMENTATION,FALSE,g4_g3_final_scientific_decisions.csv,g4_g3_final_scientific_exclusions.csv
NGIQ-BR-00000753,"VM (Thalamus, ventral medial Nucleus) right",right,2092,JULICH_BRAIN_CYTOARCHITECTONIC_ATLAS_V3_1_VM_THALAMUS_VENTRAL_MEDIAL_NUCLEUS,CONFLICT_REVIEW,LOW_DOMINANCE,FALSE,g4_g3_final_scientific_decisions.csv,g4_g3_final_scientific_exclusions.csv
NGIQ-BR-00000756,"VA (Thalamus, ventral anterior Nucleus (ventral)) left",left,2101,JULICH_BRAIN_CYTOARCHITECTONIC_ATLAS_V3_1_VA_THALAMUS_VENTRAL_ANTERIOR_NUCLEUS_VENTRAL,CONFLICT_REVIEW,PROBABILITY_HARDLABEL_TOP1_DISAGREEMENT,FALSE,g4_g3_final_scientific_decisions.csv,g4_g3_final_scientific_exclusions.csv
NGIQ-BR-00000760,"VAmc (Thalamus, ventral anterior Nucleus, magnocellular part) left",left,2113,JULICH_BRAIN_CYTOARCHITECTONIC_ATLAS_V3_1_VAMC_THALAMUS_VENTRAL_ANTERIOR_NUCLEUS_MAGNOCELLULAR_PART,CONFLICT_REVIEW,HIGH_FRAGMENTATION,FALSE,g4_g3_final_scientific_decisions.csv,g4_g3_final_scientific_exclusions.csv
NGIQ-BR-00000763,"sPf (Thalamus, subparafascicular Nucleus) right",right,2122,JULICH_BRAIN_CYTOARCHITECTONIC_ATLAS_V3_1_SPF_THALAMUS_SUBPARAFASCICULAR_NUCLEUS,CONFLICT_REVIEW,DIFFUSE_ASSOCIATION,FALSE,g4_g3_final_scientific_decisions.csv,g4_g3_final_scientific_exclusions.csv
NGIQ-BR-00000764,"sPf (Thalamus, subparafascicular Nucleus) left",left,2125,JULICH_BRAIN_CYTOARCHITECTONIC_ATLAS_V3_1_SPF_THALAMUS_SUBPARAFASCICULAR_NUCLEUS,CONFLICT_REVIEW,LOW_DOMINANCE,FALSE,g4_g3_final_scientific_decisions.csv,g4_g3_final_scientific_exclusions.csv
NGIQ-BR-00000765,"Pf (Thalamus, parafascicular Nucleus) right",right,2128,JULICH_BRAIN_CYTOARCHITECTONIC_ATLAS_V3_1_PF_THALAMUS_PARAFASCICULAR_NUCLEUS,CONFLICT_REVIEW,HIGH_FRAGMENTATION,FALSE,g4_g3_final_scientific_decisions.csv,g4_g3_final_scientific_exclusions.csv
NGIQ-BR-00000769,"CL (Thalamus, anterior intralaminar nuclei) right",right,2140,JULICH_BRAIN_CYTOARCHITECTONIC_ATLAS_V3_1_CL_THALAMUS_ANTERIOR_INTRALAMINAR_NUCLEI,CONFLICT_REVIEW,PROBABILITY_HARDLABEL_TOP1_DISAGREEMENT,FALSE,g4_g3_final_scientific_decisions.csv,g4_g3_final_scientific_exclusions.csv
NGIQ-BR-00000770,"CL (Thalamus, anterior intralaminar nuclei) left",left,2143,JULICH_BRAIN_CYTOARCHITECTONIC_ATLAS_V3_1_CL_THALAMUS_ANTERIOR_INTRALAMINAR_NUCLEI,CONFLICT_REVIEW,PROBABILITY_HARDLABEL_TOP1_DISAGREEMENT,FALSE,g4_g3_final_scientific_decisions.csv,g4_g3_final_scientific_exclusions.csv
