canonical_g4_id,canonical_g4_name,hemisphere,spatial_component_id,spatial_asset_file,scientific_decision,decision_reason_code,semantic_compatibility_status,owner_review_status,future_rollup_eligible,future_primary_rollup,review_note,policy_version,evidence_reference_2ia,evidence_reference_2ib
NGIQ-BR-00000331,VP (Ventral Pallidum) right,right,JULICH_BRAIN_CYTOARCHITECTONIC_ATLAS_V3_1_VP_VENTRAL_PALLIDUM,VP_VENTRAL_PALLIDUM_RIGHT.nii.gz,CONFLICT_REVIEW,LOW_DOMINANCE,N/A,OWNER_SCIENTIFIC_REVIEWED,False,False,,G4_G3_FINAL_SCIENTIFIC_POLICY_V1,g4_g3_scientific_decision_policy_v1.csv,g4_g3_owner_policy_revision_v1.csv
NGIQ-BR-00000332,VP (Ventral Pallidum) left,left,JULICH_BRAIN_CYTOARCHITECTONIC_ATLAS_V3_1_VP_VENTRAL_PALLIDUM,VP_VENTRAL_PALLIDUM_LEFT.nii.gz,CONFLICT_REVIEW,HIGH_FRAGMENTATION,N/A,OWNER_SCIENTIFIC_REVIEWED,False,False,,G4_G3_FINAL_SCIENTIFIC_POLICY_V1,g4_g3_scientific_decision_policy_v1.csv,g4_g3_owner_policy_revision_v1.csv
NGIQ-BR-00000339,"FuP (Ventral Striatum, Fundus of Putamen) right",right,JULICH_BRAIN_CYTOARCHITECTONIC_ATLAS_V3_1_FUP_VENTRAL_STRIATUM_FUNDUS_OF_PUTAMEN,FUP_VENTRAL_STRIATUM_FUNDUS_OF_PUTAMEN_RIGHT.nii.gz,CONFLICT_REVIEW,PARTIAL_TARGET_EVIDENCE_INCONSISTENT,N/A,OWNER_SCIENTIFIC_REVIEWED,False,False,,G4_G3_FINAL_SCIENTIFIC_POLICY_V1,g4_g3_scientific_decision_policy_v1.csv,g4_g3_owner_policy_revision_v1.csv
NGIQ-BR-00000340,"FuP (Ventral Striatum, Fundus of Putamen) left",left,JULICH_BRAIN_CYTOARCHITECTONIC_ATLAS_V3_1_FUP_VENTRAL_STRIATUM_FUNDUS_OF_PUTAMEN,FUP_VENTRAL_STRIATUM_FUNDUS_OF_PUTAMEN_LEFT.nii.gz,CONFLICT_REVIEW,PROBABILITY_HARDLABEL_TOP1_DISAGREEMENT,N/A,OWNER_SCIENTIFIC_REVIEWED,False,False,,G4_G3_FINAL_SCIENTIFIC_POLICY_V1,g4_g3_scientific_decision_policy_v1.csv,g4_g3_owner_policy_revision_v1.csv
NGIQ-BR-00000341,Ch 4 (Basal Forebrain) right,right,JULICH_BRAIN_CYTOARCHITECTONIC_ATLAS_V3_1_CH_4_BASAL_FOREBRAIN,CH_4_BASAL_FOREBRAIN_RIGHT.nii.gz,CONFLICT_REVIEW,PROBABILITY_HARDLABEL_TOP1_DISAGREEMENT,N/A,OWNER_SCIENTIFIC_REVIEWED,False,False,,G4_G3_FINAL_SCIENTIFIC_POLICY_V1,g4_g3_scientific_decision_policy_v1.csv,g4_g3_owner_policy_revision_v1.csv
NGIQ-BR-00000342,Ch 4 (Basal Forebrain) left,left,JULICH_BRAIN_CYTOARCHITECTONIC_ATLAS_V3_1_CH_4_BASAL_FOREBRAIN,CH_4_BASAL_FOREBRAIN_LEFT.nii.gz,CONFLICT_REVIEW,HIGH_FRAGMENTATION,N/A,OWNER_SCIENTIFIC_REVIEWED,False,False,,G4_G3_FINAL_SCIENTIFIC_POLICY_V1,g4_g3_scientific_decision_policy_v1.csv,g4_g3_owner_policy_revision_v1.csv
NGIQ-BR-00000343,"BST (Basal Forebrain, Bed Nucleus) right",right,JULICH_BRAIN_CYTOARCHITECTONIC_ATLAS_V3_1_BST_BASAL_FOREBRAIN_BED_NUCLEUS,BST_BASAL_FOREBRAIN_BED_NUCLEUS_RIGHT.nii.gz,CONFLICT_REVIEW,HIGH_FRAGMENTATION,N/A,OWNER_SCIENTIFIC_REVIEWED,False,False,,G4_G3_FINAL_SCIENTIFIC_POLICY_V1,g4_g3_scientific_decision_policy_v1.csv,g4_g3_owner_policy_revision_v1.csv
NGIQ-BR-00000344,"BST (Basal Forebrain, Bed Nucleus) left",left,JULICH_BRAIN_CYTOARCHITECTONIC_ATLAS_V3_1_BST_BASAL_FOREBRAIN_BED_NUCLEUS,BST_BASAL_FOREBRAIN_BED_NUCLEUS_LEFT.nii.gz,CONFLICT_REVIEW,HIGH_FRAGMENTATION,N/A,OWNER_SCIENTIFIC_REVIEWED,False,False,,G4_G3_FINAL_SCIENTIFIC_POLICY_V1,g4_g3_scientific_decision_policy_v1.csv,g4_g3_owner_policy_revision_v1.csv
NGIQ-BR-00000345,Ch 123 (Basal Forebrain) right,right,JULICH_BRAIN_CYTOARCHITECTONIC_ATLAS_V3_1_CH_123_BASAL_FOREBRAIN,CH_123_BASAL_FOREBRAIN_RIGHT.nii.gz,CONFLICT_REVIEW,LOW_DOMINANCE,N/A,OWNER_SCIENTIFIC_REVIEWED,False,False,,G4_G3_FINAL_SCIENTIFIC_POLICY_V1,g4_g3_scientific_decision_policy_v1.csv,g4_g3_owner_policy_revision_v1.csv
NGIQ-BR-00000346,Ch 123 (Basal Forebrain) left,left,JULICH_BRAIN_CYTOARCHITECTONIC_ATLAS_V3_1_CH_123_BASAL_FOREBRAIN,CH_123_BASAL_FOREBRAIN_LEFT.nii.gz,CONFLICT_REVIEW,DIFFUSE_ASSOCIATION,N/A,OWNER_SCIENTIFIC_REVIEWED,False,False,,G4_G3_FINAL_SCIENTIFIC_POLICY_V1,g4_g3_scientific_decision_policy_v1.csv,g4_g3_owner_policy_revision_v1.csv
NGIQ-BR-00000347,CM.AAA (Amygdala) right,right,JULICH_BRAIN_CYTOARCHITECTONIC_ATLAS_V3_1_CM_AMYGDALA,CM_AMYGDALA_RIGHT.nii.gz,SHARED_SPATIAL_EVIDENCE_ONLY,NO_INDEPENDENT_LEAF_SPATIAL_EVIDENCE,N/A,OWNER_SCIENTIFIC_REVIEWED,False,False,,G4_G3_FINAL_SCIENTIFIC_POLICY_V1,g4_g3_scientific_decision_policy_v1.csv,g4_g3_owner_policy_revision_v1.csv
NGIQ-BR-00000348,CM.Ce (Amygdala) right,right,JULICH_BRAIN_CYTOARCHITECTONIC_ATLAS_V3_1_CM_AMYGDALA,CM_AMYGDALA_RIGHT.nii.gz,SHARED_SPATIAL_EVIDENCE_ONLY,NO_INDEPENDENT_LEAF_SPATIAL_EVIDENCE,N/A,OWNER_SCIENTIFIC_REVIEWED,False,False,,G4_G3_FINAL_SCIENTIFIC_POLICY_V1,g4_g3_scientific_decision_policy_v1.csv,g4_g3_owner_policy_revision_v1.csv
NGIQ-BR-00000349,CM.Me (Amygdala) right,right,JULICH_BRAIN_CYTOARCHITECTONIC_ATLAS_V3_1_CM_AMYGDALA,CM_AMYGDALA_RIGHT.nii.gz,SHARED_SPATIAL_EVIDENCE_ONLY,NO_INDEPENDENT_LEAF_SPATIAL_EVIDENCE,N/A,OWNER_SCIENTIFIC_REVIEWED,False,False,,G4_G3_FINAL_SCIENTIFIC_POLICY_V1,g4_g3_scientific_decision_policy_v1.csv,g4_g3_owner_policy_revision_v1.csv
NGIQ-BR-00000350,CM.AAA (Amygdala) left,left,JULICH_BRAIN_CYTOARCHITECTONIC_ATLAS_V3_1_CM_AMYGDALA,CM_AMYGDALA_LEFT.nii.gz,SHARED_SPATIAL_EVIDENCE_ONLY,NO_INDEPENDENT_LEAF_SPATIAL_EVIDENCE,N/A,OWNER_SCIENTIFIC_REVIEWED,False,False,,G4_G3_FINAL_SCIENTIFIC_POLICY_V1,g4_g3_scientific_decision_policy_v1.csv,g4_g3_owner_policy_revision_v1.csv
NGIQ-BR-00000351,CM.Ce (Amygdala) left,left,JULICH_BRAIN_CYTOARCHITECTONIC_ATLAS_V3_1_CM_AMYGDALA,CM_AMYGDALA_LEFT.nii.gz,SHARED_SPATIAL_EVIDENCE_ONLY,NO_INDEPENDENT_LEAF_SPATIAL_EVIDENCE,N/A,OWNER_SCIENTIFIC_REVIEWED,False,False,,G4_G3_FINAL_SCIENTIFIC_POLICY_V1,g4_g3_scientific_decision_policy_v1.csv,g4_g3_owner_policy_revision_v1.csv
NGIQ-BR-00000352,CM.Me (Amygdala) left,left,JULICH_BRAIN_CYTOARCHITECTONIC_ATLAS_V3_1_CM_AMYGDALA,CM_AMYGDALA_LEFT.nii.gz,SHARED_SPATIAL_EVIDENCE_ONLY,NO_INDEPENDENT_LEAF_SPATIAL_EVIDENCE,N/A,OWNER_SCIENTIFIC_REVIEWED,False,False,,G4_G3_FINAL_SCIENTIFIC_POLICY_V1,g4_g3_scientific_decision_policy_v1.csv,g4_g3_owner_policy_revision_v1.csv
NGIQ-BR-00000353,LB.Bl (Amygdala) right,right,JULICH_BRAIN_CYTOARCHITECTONIC_ATLAS_V3_1_LB_AMYGDALA,LB_AMYGDALA_RIGHT.nii.gz,SHARED_SPATIAL_EVIDENCE_ONLY,NO_INDEPENDENT_LEAF_SPATIAL_EVIDENCE,N/A,OWNER_SCIENTIFIC_REVIEWED,False,False,,G4_G3_FINAL_SCIENTIFIC_POLICY_V1,g4_g3_scientific_decision_policy_v1.csv,g4_g3_owner_policy_revision_v1.csv
NGIQ-BR-00000354,LB.Bm (Amygdala) right,right,JULICH_BRAIN_CYTOARCHITECTONIC_ATLAS_V3_1_LB_AMYGDALA,LB_AMYGDALA_RIGHT.nii.gz,SHARED_SPATIAL_EVIDENCE_ONLY,NO_INDEPENDENT_LEAF_SPATIAL_EVIDENCE,N/A,OWNER_SCIENTIFIC_REVIEWED,False,False,,G4_G3_FINAL_SCIENTIFIC_POLICY_V1,g4_g3_scientific_decision_policy_v1.csv,g4_g3_owner_policy_revision_v1.csv
NGIQ-BR-00000355,LB.Pl (Amygdala) right,right,JULICH_BRAIN_CYTOARCHITECTONIC_ATLAS_V3_1_LB_AMYGDALA,LB_AMYGDALA_RIGHT.nii.gz,SHARED_SPATIAL_EVIDENCE_ONLY,NO_INDEPENDENT_LEAF_SPATIAL_EVIDENCE,N/A,OWNER_SCIENTIFIC_REVIEWED,False,False,,G4_G3_FINAL_SCIENTIFIC_POLICY_V1,g4_g3_scientific_decision_policy_v1.csv,g4_g3_owner_policy_revision_v1.csv
NGIQ-BR-00000356,LB.La (Amygdala) right,right,JULICH_BRAIN_CYTOARCHITECTONIC_ATLAS_V3_1_LB_AMYGDALA,LB_AMYGDALA_RIGHT.nii.gz,SHARED_SPATIAL_EVIDENCE_ONLY,NO_INDEPENDENT_LEAF_SPATIAL_EVIDENCE,N/A,OWNER_SCIENTIFIC_REVIEWED,False,False,,G4_G3_FINAL_SCIENTIFIC_POLICY_V1,g4_g3_scientific_decision_policy_v1.csv,g4_g3_owner_policy_revision_v1.csv
NGIQ-BR-00000357,LB.Bl (Amygdala) left,left,JULICH_BRAIN_CYTOARCHITECTONIC_ATLAS_V3_1_LB_AMYGDALA,LB_AMYGDALA_LEFT.nii.gz,SHARED_SPATIAL_EVIDENCE_ONLY,NO_INDEPENDENT_LEAF_SPATIAL_EVIDENCE,N/A,OWNER_SCIENTIFIC_REVIEWED,False,False,,G4_G3_FINAL_SCIENTIFIC_POLICY_V1,g4_g3_scientific_decision_policy_v1.csv,g4_g3_owner_policy_revision_v1.csv
NGIQ-BR-00000358,LB.Bm (Amygdala) left,left,JULICH_BRAIN_CYTOARCHITECTONIC_ATLAS_V3_1_LB_AMYGDALA,LB_AMYGDALA_LEFT.nii.gz,SHARED_SPATIAL_EVIDENCE_ONLY,NO_INDEPENDENT_LEAF_SPATIAL_EVIDENCE,N/A,OWNER_SCIENTIFIC_REVIEWED,False,False,,G4_G3_FINAL_SCIENTIFIC_POLICY_V1,g4_g3_scientific_decision_policy_v1.csv,g4_g3_owner_policy_revision_v1.csv
NGIQ-BR-00000359,LB.Pl (Amygdala) left,left,JULICH_BRAIN_CYTOARCHITECTONIC_ATLAS_V3_1_LB_AMYGDALA,LB_AMYGDALA_LEFT.nii.gz,SHARED_SPATIAL_EVIDENCE_ONLY,NO_INDEPENDENT_LEAF_SPATIAL_EVIDENCE,N/A,OWNER_SCIENTIFIC_REVIEWED,False,False,,G4_G3_FINAL_SCIENTIFIC_POLICY_V1,g4_g3_scientific_decision_policy_v1.csv,g4_g3_owner_policy_revision_v1.csv
NGIQ-BR-00000360,LB.La (Amygdala) left,left,JULICH_BRAIN_CYTOARCHITECTONIC_ATLAS_V3_1_LB_AMYGDALA,LB_AMYGDALA_LEFT.nii.gz,SHARED_SPATIAL_EVIDENCE_ONLY,NO_INDEPENDENT_LEAF_SPATIAL_EVIDENCE,N/A,OWNER_SCIENTIFIC_REVIEWED,False,False,,G4_G3_FINAL_SCIENTIFIC_POLICY_V1,g4_g3_scientific_decision_policy_v1.csv,g4_g3_owner_policy_revision_v1.csv
NGIQ-BR-00000361,SF.AHi (Amygdala) right,right,JULICH_BRAIN_CYTOARCHITECTONIC_ATLAS_V3_1_SF_AMYGDALA,SF_AMYGDALA_RIGHT.nii.gz,SHARED_SPATIAL_EVIDENCE_ONLY,NO_INDEPENDENT_LEAF_SPATIAL_EVIDENCE,N/A,OWNER_SCIENTIFIC_REVIEWED,False,False,,G4_G3_FINAL_SCIENTIFIC_POLICY_V1,g4_g3_scientific_decision_policy_v1.csv,g4_g3_owner_policy_revision_v1.csv
NGIQ-BR-00000362,SF.APir (Amygdala) right,right,JULICH_BRAIN_CYTOARCHITECTONIC_ATLAS_V3_1_SF_AMYGDALA,SF_AMYGDALA_RIGHT.nii.gz,SHARED_SPATIAL_EVIDENCE_ONLY,NO_INDEPENDENT_LEAF_SPATIAL_EVIDENCE,N/A,OWNER_SCIENTIFIC_REVIEWED,False,False,,G4_G3_FINAL_SCIENTIFIC_POLICY_V1,g4_g3_scientific_decision_policy_v1.csv,g4_g3_owner_policy_revision_v1.csv
NGIQ-BR-00000363,SF.VCo (Amygdala) right,right,JULICH_BRAIN_CYTOARCHITECTONIC_ATLAS_V3_1_SF_AMYGDALA,SF_AMYGDALA_RIGHT.nii.gz,SHARED_SPATIAL_EVIDENCE_ONLY,NO_INDEPENDENT_LEAF_SPATIAL_EVIDENCE,N/A,OWNER_SCIENTIFIC_REVIEWED,False,False,,G4_G3_FINAL_SCIENTIFIC_POLICY_V1,g4_g3_scientific_decision_policy_v1.csv,g4_g3_owner_policy_revision_v1.csv
NGIQ-BR-00000364,SF.AHi (Amygdala) left,left,JULICH_BRAIN_CYTOARCHITECTONIC_ATLAS_V3_1_SF_AMYGDALA,SF_AMYGDALA_LEFT.nii.gz,SHARED_SPATIAL_EVIDENCE_ONLY,NO_INDEPENDENT_LEAF_SPATIAL_EVIDENCE,N/A,OWNER_SCIENTIFIC_REVIEWED,False,False,,G4_G3_FINAL_SCIENTIFIC_POLICY_V1,g4_g3_scientific_decision_policy_v1.csv,g4_g3_owner_policy_revision_v1.csv
NGIQ-BR-00000365,SF.APir (Amygdala) left,left,JULICH_BRAIN_CYTOARCHITECTONIC_ATLAS_V3_1_SF_AMYGDALA,SF_AMYGDALA_LEFT.nii.gz,SHARED_SPATIAL_EVIDENCE_ONLY,NO_INDEPENDENT_LEAF_SPATIAL_EVIDENCE,N/A,OWNER_SCIENTIFIC_REVIEWED,False,False,,G4_G3_FINAL_SCIENTIFIC_POLICY_V1,g4_g3_scientific_decision_policy_v1.csv,g4_g3_owner_policy_revision_v1.csv
NGIQ-BR-00000366,SF.VCo (Amygdala) left,left,JULICH_BRAIN_CYTOARCHITECTONIC_ATLAS_V3_1_SF_AMYGDALA,SF_AMYGDALA_LEFT.nii.gz,SHARED_SPATIAL_EVIDENCE_ONLY,NO_INDEPENDENT_LEAF_SPATIAL_EVIDENCE,N/A,OWNER_SCIENTIFIC_REVIEWED,False,False,,G4_G3_FINAL_SCIENTIFIC_POLICY_V1,g4_g3_scientific_decision_policy_v1.csv,g4_g3_owner_policy_revision_v1.csv
NGIQ-BR-00000367,Astr (Amygdala) right,right,JULICH_BRAIN_CYTOARCHITECTONIC_ATLAS_V3_1_ASTR_AMYGDALA,ASTR_AMYGDALA_RIGHT.nii.gz,CONFLICT_REVIEW,HIGH_FRAGMENTATION,N/A,OWNER_SCIENTIFIC_REVIEWED,False,False,,G4_G3_FINAL_SCIENTIFIC_POLICY_V1,g4_g3_scientific_decision_policy_v1.csv,g4_g3_owner_policy_revision_v1.csv
NGIQ-BR-00000368,Astr (Amygdala) left,left,JULICH_BRAIN_CYTOARCHITECTONIC_ATLAS_V3_1_ASTR_AMYGDALA,ASTR_AMYGDALA_LEFT.nii.gz,CONFLICT_REVIEW,PARTIAL_TARGET_EVIDENCE_INCONSISTENT,N/A,OWNER_SCIENTIFIC_REVIEWED,False,False,,G4_G3_FINAL_SCIENTIFIC_POLICY_V1,g4_g3_scientific_decision_policy_v1.csv,g4_g3_owner_policy_revision_v1.csv
NGIQ-BR-00000370,VTM (Amygdala) left,left,JULICH_BRAIN_CYTOARCHITECTONIC_ATLAS_V3_1_VTM_AMYGDALA,VTM_AMYGDALA_LEFT.nii.gz,CONFLICT_REVIEW,SEMANTIC_FAMILY_MISMATCH,N/A,OWNER_SCIENTIFIC_REVIEWED,False,False,,G4_G3_FINAL_SCIENTIFIC_POLICY_V1,g4_g3_scientific_decision_policy_v1.csv,g4_g3_owner_policy_revision_v1.csv
NGIQ-BR-00000371,IF.ice (Amygdala) right,right,JULICH_BRAIN_CYTOARCHITECTONIC_ATLAS_V3_1_IF_AMYGDALA,IF_AMYGDALA_RIGHT.nii.gz,SHARED_SPATIAL_EVIDENCE_ONLY,NO_INDEPENDENT_LEAF_SPATIAL_EVIDENCE,N/A,OWNER_SCIENTIFIC_REVIEWED,False,False,,G4_G3_FINAL_SCIENTIFIC_POLICY_V1,g4_g3_scientific_decision_policy_v1.csv,g4_g3_owner_policy_revision_v1.csv
NGIQ-BR-00000372,IF.iol (Amygdala) right,right,JULICH_BRAIN_CYTOARCHITECTONIC_ATLAS_V3_1_IF_AMYGDALA,IF_AMYGDALA_RIGHT.nii.gz,SHARED_SPATIAL_EVIDENCE_ONLY,NO_INDEPENDENT_LEAF_SPATIAL_EVIDENCE,N/A,OWNER_SCIENTIFIC_REVIEWED,False,False,,G4_G3_FINAL_SCIENTIFIC_POLICY_V1,g4_g3_scientific_decision_policy_v1.csv,g4_g3_owner_policy_revision_v1.csv
NGIQ-BR-00000373,IF.ld (Amygdala) right,right,JULICH_BRAIN_CYTOARCHITECTONIC_ATLAS_V3_1_IF_AMYGDALA,IF_AMYGDALA_RIGHT.nii.gz,SHARED_SPATIAL_EVIDENCE_ONLY,NO_INDEPENDENT_LEAF_SPATIAL_EVIDENCE,N/A,OWNER_SCIENTIFIC_REVIEWED,False,False,,G4_G3_FINAL_SCIENTIFIC_POLICY_V1,g4_g3_scientific_decision_policy_v1.csv,g4_g3_owner_policy_revision_v1.csv
NGIQ-BR-00000374,IF.ice (Amygdala) left,left,JULICH_BRAIN_CYTOARCHITECTONIC_ATLAS_V3_1_IF_AMYGDALA,IF_AMYGDALA_LEFT.nii.gz,SHARED_SPATIAL_EVIDENCE_ONLY,NO_INDEPENDENT_LEAF_SPATIAL_EVIDENCE,N/A,OWNER_SCIENTIFIC_REVIEWED,False,False,,G4_G3_FINAL_SCIENTIFIC_POLICY_V1,g4_g3_scientific_decision_policy_v1.csv,g4_g3_owner_policy_revision_v1.csv
NGIQ-BR-00000375,IF.iol (Amygdala) left,left,JULICH_BRAIN_CYTOARCHITECTONIC_ATLAS_V3_1_IF_AMYGDALA,IF_AMYGDALA_LEFT.nii.gz,SHARED_SPATIAL_EVIDENCE_ONLY,NO_INDEPENDENT_LEAF_SPATIAL_EVIDENCE,N/A,OWNER_SCIENTIFIC_REVIEWED,False,False,,G4_G3_FINAL_SCIENTIFIC_POLICY_V1,g4_g3_scientific_decision_policy_v1.csv,g4_g3_owner_policy_revision_v1.csv
NGIQ-BR-00000376,IF.ld (Amygdala) left,left,JULICH_BRAIN_CYTOARCHITECTONIC_ATLAS_V3_1_IF_AMYGDALA,IF_AMYGDALA_LEFT.nii.gz,SHARED_SPATIAL_EVIDENCE_ONLY,NO_INDEPENDENT_LEAF_SPATIAL_EVIDENCE,N/A,OWNER_SCIENTIFIC_REVIEWED,False,False,,G4_G3_FINAL_SCIENTIFIC_POLICY_V1,g4_g3_scientific_decision_policy_v1.csv,g4_g3_owner_policy_revision_v1.csv
NGIQ-BR-00000377,MF.icm (Amygdala) right,right,JULICH_BRAIN_CYTOARCHITECTONIC_ATLAS_V3_1_MF_AMYGDALA,MF_AMYGDALA_RIGHT.nii.gz,SHARED_SPATIAL_EVIDENCE_ONLY,NO_INDEPENDENT_LEAF_SPATIAL_EVIDENCE,N/A,OWNER_SCIENTIFIC_REVIEWED,False,False,,G4_G3_FINAL_SCIENTIFIC_POLICY_V1,g4_g3_scientific_decision_policy_v1.csv,g4_g3_owner_policy_revision_v1.csv
NGIQ-BR-00000378,MF.lm (Amygdala) right,right,JULICH_BRAIN_CYTOARCHITECTONIC_ATLAS_V3_1_MF_AMYGDALA,MF_AMYGDALA_RIGHT.nii.gz,SHARED_SPATIAL_EVIDENCE_ONLY,NO_INDEPENDENT_LEAF_SPATIAL_EVIDENCE,N/A,OWNER_SCIENTIFIC_REVIEWED,False,False,,G4_G3_FINAL_SCIENTIFIC_POLICY_V1,g4_g3_scientific_decision_policy_v1.csv,g4_g3_owner_policy_revision_v1.csv
NGIQ-BR-00000379,MF.icm (Amygdala) left,left,JULICH_BRAIN_CYTOARCHITECTONIC_ATLAS_V3_1_MF_AMYGDALA,MF_AMYGDALA_LEFT.nii.gz,SHARED_SPATIAL_EVIDENCE_ONLY,NO_INDEPENDENT_LEAF_SPATIAL_EVIDENCE,N/A,OWNER_SCIENTIFIC_REVIEWED,False,False,,G4_G3_FINAL_SCIENTIFIC_POLICY_V1,g4_g3_scientific_decision_policy_v1.csv,g4_g3_owner_policy_revision_v1.csv
NGIQ-BR-00000380,MF.lm (Amygdala) left,left,JULICH_BRAIN_CYTOARCHITECTONIC_ATLAS_V3_1_MF_AMYGDALA,MF_AMYGDALA_LEFT.nii.gz,SHARED_SPATIAL_EVIDENCE_ONLY,NO_INDEPENDENT_LEAF_SPATIAL_EVIDENCE,N/A,OWNER_SCIENTIFIC_REVIEWED,False,False,,G4_G3_FINAL_SCIENTIFIC_POLICY_V1,g4_g3_scientific_decision_policy_v1.csv,g4_g3_owner_policy_revision_v1.csv
NGIQ-BR-00000382,Area 5L (SPL) left,left,JULICH_BRAIN_CYTOARCHITECTONIC_ATLAS_V3_1_AREA_5L_SPL,AREA_5L_SPL_LEFT.nii.gz,CONFLICT_REVIEW,HIGH_FRAGMENTATION,N/A,OWNER_SCIENTIFIC_REVIEWED,False,False,,G4_G3_FINAL_SCIENTIFIC_POLICY_V1,g4_g3_scientific_decision_policy_v1.csv,g4_g3_owner_policy_revision_v1.csv
NGIQ-BR-00000383,Area 7M (SPL) right,right,JULICH_BRAIN_CYTOARCHITECTONIC_ATLAS_V3_1_AREA_7M_SPL,AREA_7M_SPL_RIGHT.nii.gz,CONFLICT_REVIEW,MULTI_TARGET_DIFFUSE_REMAINDER,N/A,OWNER_SCIENTIFIC_REVIEWED,False,False,,G4_G3_FINAL_SCIENTIFIC_POLICY_V1,g4_g3_scientific_decision_policy_v1.csv,g4_g3_owner_policy_revision_v1.csv
NGIQ-BR-00000393,Area 7A (SPL) right,right,JULICH_BRAIN_CYTOARCHITECTONIC_ATLAS_V3_1_AREA_7A_SPL,AREA_7A_SPL_RIGHT.nii.gz,CONFLICT_REVIEW,HIGH_FRAGMENTATION,N/A,OWNER_SCIENTIFIC_REVIEWED,False,False,,G4_G3_FINAL_SCIENTIFIC_POLICY_V1,g4_g3_scientific_decision_policy_v1.csv,g4_g3_owner_policy_revision_v1.csv
NGIQ-BR-00000394,Area 7A (SPL) left,left,JULICH_BRAIN_CYTOARCHITECTONIC_ATLAS_V3_1_AREA_7A_SPL,AREA_7A_SPL_LEFT.nii.gz,CONFLICT_REVIEW,HIGH_FRAGMENTATION,N/A,OWNER_SCIENTIFIC_REVIEWED,False,False,,G4_G3_FINAL_SCIENTIFIC_POLICY_V1,g4_g3_scientific_decision_policy_v1.csv,g4_g3_owner_policy_revision_v1.csv
NGIQ-BR-00000395,Area 3b (PostCG) right,right,JULICH_BRAIN_CYTOARCHITECTONIC_ATLAS_V3_1_AREA_3B_POSTCG,AREA_3B_POSTCG_RIGHT.nii.gz,CONFLICT_REVIEW,HIGH_FRAGMENTATION,N/A,OWNER_SCIENTIFIC_REVIEWED,False,False,,G4_G3_FINAL_SCIENTIFIC_POLICY_V1,g4_g3_scientific_decision_policy_v1.csv,g4_g3_owner_policy_revision_v1.csv
NGIQ-BR-00000396,Area 3b (PostCG) left,left,JULICH_BRAIN_CYTOARCHITECTONIC_ATLAS_V3_1_AREA_3B_POSTCG,AREA_3B_POSTCG_LEFT.nii.gz,CONFLICT_REVIEW,HIGH_FRAGMENTATION,N/A,OWNER_SCIENTIFIC_REVIEWED,False,False,,G4_G3_FINAL_SCIENTIFIC_POLICY_V1,g4_g3_scientific_decision_policy_v1.csv,g4_g3_owner_policy_revision_v1.csv
NGIQ-BR-00000399,Area 2 (PostCS) right,right,JULICH_BRAIN_CYTOARCHITECTONIC_ATLAS_V3_1_AREA_2_POSTCS,AREA_2_POSTCS_RIGHT.nii.gz,CONFLICT_REVIEW,HIGH_FRAGMENTATION,N/A,OWNER_SCIENTIFIC_REVIEWED,False,False,,G4_G3_FINAL_SCIENTIFIC_POLICY_V1,g4_g3_scientific_decision_policy_v1.csv,g4_g3_owner_policy_revision_v1.csv
NGIQ-BR-00000400,Area 2 (PostCS) left,left,JULICH_BRAIN_CYTOARCHITECTONIC_ATLAS_V3_1_AREA_2_POSTCS,AREA_2_POSTCS_LEFT.nii.gz,CONFLICT_REVIEW,HIGH_FRAGMENTATION,N/A,OWNER_SCIENTIFIC_REVIEWED,False,False,,G4_G3_FINAL_SCIENTIFIC_POLICY_V1,g4_g3_scientific_decision_policy_v1.csv,g4_g3_owner_policy_revision_v1.csv
NGIQ-BR-00000401,Area 3a (PostCG) right,right,JULICH_BRAIN_CYTOARCHITECTONIC_ATLAS_V3_1_AREA_3A_POSTCG,AREA_3A_POSTCG_RIGHT.nii.gz,CONFLICT_REVIEW,HIGH_FRAGMENTATION,N/A,OWNER_SCIENTIFIC_REVIEWED,False,False,,G4_G3_FINAL_SCIENTIFIC_POLICY_V1,g4_g3_scientific_decision_policy_v1.csv,g4_g3_owner_policy_revision_v1.csv
NGIQ-BR-00000402,Area 3a (PostCG) left,left,JULICH_BRAIN_CYTOARCHITECTONIC_ATLAS_V3_1_AREA_3A_POSTCG,AREA_3A_POSTCG_LEFT.nii.gz,CONFLICT_REVIEW,HIGH_FRAGMENTATION,N/A,OWNER_SCIENTIFIC_REVIEWED,False,False,,G4_G3_FINAL_SCIENTIFIC_POLICY_V1,g4_g3_scientific_decision_policy_v1.csv,g4_g3_owner_policy_revision_v1.csv
NGIQ-BR-00000426,Area hPO1 (POS) left,left,JULICH_BRAIN_CYTOARCHITECTONIC_ATLAS_V3_1_AREA_HPO1_POS,AREA_HPO1_POS_LEFT.nii.gz,CONFLICT_REVIEW,HIGH_FRAGMENTATION,N/A,OWNER_SCIENTIFIC_REVIEWED,False,False,,G4_G3_FINAL_SCIENTIFIC_POLICY_V1,g4_g3_scientific_decision_policy_v1.csv,g4_g3_owner_policy_revision_v1.csv
NGIQ-BR-00000427,Area hIP1 (IPS) right,right,JULICH_BRAIN_CYTOARCHITECTONIC_ATLAS_V3_1_AREA_HIP1_IPS,AREA_HIP1_IPS_RIGHT.nii.gz,CONFLICT_REVIEW,HIGH_FRAGMENTATION,N/A,OWNER_SCIENTIFIC_REVIEWED,False,False,,G4_G3_FINAL_SCIENTIFIC_POLICY_V1,g4_g3_scientific_decision_policy_v1.csv,g4_g3_owner_policy_revision_v1.csv
NGIQ-BR-00000452,Area 6d2 (PreCG) left,left,JULICH_BRAIN_CYTOARCHITECTONIC_ATLAS_V3_1_AREA_6D2_PRECG,AREA_6D2_PRECG_LEFT.nii.gz,CONFLICT_REVIEW,HIGH_FRAGMENTATION,N/A,OWNER_SCIENTIFIC_REVIEWED,False,False,,G4_G3_FINAL_SCIENTIFIC_POLICY_V1,g4_g3_scientific_decision_policy_v1.csv,g4_g3_owner_policy_revision_v1.csv
NGIQ-BR-00000454,Area 6d1 (PreCG) left,left,JULICH_BRAIN_CYTOARCHITECTONIC_ATLAS_V3_1_AREA_6D1_PRECG,AREA_6D1_PRECG_LEFT.nii.gz,CONFLICT_REVIEW,HIGH_FRAGMENTATION,N/A,OWNER_SCIENTIFIC_REVIEWED,False,False,,G4_G3_FINAL_SCIENTIFIC_POLICY_V1,g4_g3_scientific_decision_policy_v1.csv,g4_g3_owner_policy_revision_v1.csv
NGIQ-BR-00000471,Area 4a (PreCG) right,right,JULICH_BRAIN_CYTOARCHITECTONIC_ATLAS_V3_1_AREA_4A_PRECG,AREA_4A_PRECG_RIGHT.nii.gz,CONFLICT_REVIEW,HIGH_FRAGMENTATION,N/A,OWNER_SCIENTIFIC_REVIEWED,False,False,,G4_G3_FINAL_SCIENTIFIC_POLICY_V1,g4_g3_scientific_decision_policy_v1.csv,g4_g3_owner_policy_revision_v1.csv
NGIQ-BR-00000472,Area 4a (PreCG) left,left,JULICH_BRAIN_CYTOARCHITECTONIC_ATLAS_V3_1_AREA_4A_PRECG,AREA_4A_PRECG_LEFT.nii.gz,CONFLICT_REVIEW,HIGH_FRAGMENTATION,N/A,OWNER_SCIENTIFIC_REVIEWED,False,False,,G4_G3_FINAL_SCIENTIFIC_POLICY_V1,g4_g3_scientific_decision_policy_v1.csv,g4_g3_owner_policy_revision_v1.csv
NGIQ-BR-00000473,Area Op10 (Frontal Operculum) right,right,JULICH_BRAIN_CYTOARCHITECTONIC_ATLAS_V3_1_AREA_OP10_FRONTAL_OPERCULUM,AREA_OP10_FRONTAL_OPERCULUM_RIGHT.nii.gz,CONFLICT_REVIEW,DIFFUSE_ASSOCIATION,N/A,OWNER_SCIENTIFIC_REVIEWED,False,False,,G4_G3_FINAL_SCIENTIFIC_POLICY_V1,g4_g3_scientific_decision_policy_v1.csv,g4_g3_owner_policy_revision_v1.csv
NGIQ-BR-00000474,Area Op10 (Frontal Operculum) left,left,JULICH_BRAIN_CYTOARCHITECTONIC_ATLAS_V3_1_AREA_OP10_FRONTAL_OPERCULUM,AREA_OP10_FRONTAL_OPERCULUM_LEFT.nii.gz,CONFLICT_REVIEW,DIFFUSE_ASSOCIATION,N/A,OWNER_SCIENTIFIC_REVIEWED,False,False,,G4_G3_FINAL_SCIENTIFIC_POLICY_V1,g4_g3_scientific_decision_policy_v1.csv,g4_g3_owner_policy_revision_v1.csv
NGIQ-BR-00000480,Area Op7 (Frontal Operculum) left,left,JULICH_BRAIN_CYTOARCHITECTONIC_ATLAS_V3_1_AREA_OP7_FRONTAL_OPERCULUM,AREA_OP7_FRONTAL_OPERCULUM_LEFT.nii.gz,CONFLICT_REVIEW,PROBABILITY_HARDLABEL_TOP1_DISAGREEMENT,N/A,OWNER_SCIENTIFIC_REVIEWED,False,False,,G4_G3_FINAL_SCIENTIFIC_POLICY_V1,g4_g3_scientific_decision_policy_v1.csv,g4_g3_owner_policy_revision_v1.csv
NGIQ-BR-00000485,Area IFS4 (IFS) right,right,JULICH_BRAIN_CYTOARCHITECTONIC_ATLAS_V3_1_AREA_IFS4_IFS,AREA_IFS4_IFS_RIGHT.nii.gz,CONFLICT_REVIEW,PROBABILITY_HARDLABEL_TOP1_DISAGREEMENT,N/A,OWNER_SCIENTIFIC_REVIEWED,False,False,,G4_G3_FINAL_SCIENTIFIC_POLICY_V1,g4_g3_scientific_decision_policy_v1.csv,g4_g3_owner_policy_revision_v1.csv
NGIQ-BR-00000488,Area IFS2 (IFS) left,left,JULICH_BRAIN_CYTOARCHITECTONIC_ATLAS_V3_1_AREA_IFS2_IFS,AREA_IFS2_IFS_LEFT.nii.gz,CONFLICT_REVIEW,HIGH_FRAGMENTATION,N/A,OWNER_SCIENTIFIC_REVIEWED,False,False,,G4_G3_FINAL_SCIENTIFIC_POLICY_V1,g4_g3_scientific_decision_policy_v1.csv,g4_g3_owner_policy_revision_v1.csv
NGIQ-BR-00000489,Area IFS1 (IFS) right,right,JULICH_BRAIN_CYTOARCHITECTONIC_ATLAS_V3_1_AREA_IFS1_IFS,AREA_IFS1_IFS_RIGHT.nii.gz,CONFLICT_REVIEW,HIGH_FRAGMENTATION,N/A,OWNER_SCIENTIFIC_REVIEWED,False,False,,G4_G3_FINAL_SCIENTIFIC_POLICY_V1,g4_g3_scientific_decision_policy_v1.csv,g4_g3_owner_policy_revision_v1.csv
NGIQ-BR-00000493,Area IFS3 (IFS) right,right,JULICH_BRAIN_CYTOARCHITECTONIC_ATLAS_V3_1_AREA_IFS3_IFS,AREA_IFS3_IFS_RIGHT.nii.gz,CONFLICT_REVIEW,LOW_DOMINANCE,N/A,OWNER_SCIENTIFIC_REVIEWED,False,False,,G4_G3_FINAL_SCIENTIFIC_POLICY_V1,g4_g3_scientific_decision_policy_v1.csv,g4_g3_owner_policy_revision_v1.csv
NGIQ-BR-00000500,Area 44 (IFG) left,left,JULICH_BRAIN_CYTOARCHITECTONIC_ATLAS_V3_1_AREA_44_IFG,AREA_44_IFG_LEFT.nii.gz,CONFLICT_REVIEW,HIGH_FRAGMENTATION,N/A,OWNER_SCIENTIFIC_REVIEWED,False,False,,G4_G3_FINAL_SCIENTIFIC_POLICY_V1,g4_g3_scientific_decision_policy_v1.csv,g4_g3_owner_policy_revision_v1.csv
NGIQ-BR-00000501,Area 45 (IFG) right,right,JULICH_BRAIN_CYTOARCHITECTONIC_ATLAS_V3_1_AREA_45_IFG,AREA_45_IFG_RIGHT.nii.gz,CONFLICT_REVIEW,MULTI_TARGET_DIFFUSE_REMAINDER,N/A,OWNER_SCIENTIFIC_REVIEWED,False,False,,G4_G3_FINAL_SCIENTIFIC_POLICY_V1,g4_g3_scientific_decision_policy_v1.csv,g4_g3_owner_policy_revision_v1.csv
NGIQ-BR-00000509,Area MFG1 (MFG) right,right,JULICH_BRAIN_CYTOARCHITECTONIC_ATLAS_V3_1_AREA_MFG1_MFG,AREA_MFG1_MFG_RIGHT.nii.gz,CONFLICT_REVIEW,PROBABILITY_HARDLABEL_TOP1_DISAGREEMENT,N/A,OWNER_SCIENTIFIC_REVIEWED,False,False,,G4_G3_FINAL_SCIENTIFIC_POLICY_V1,g4_g3_scientific_decision_policy_v1.csv,g4_g3_owner_policy_revision_v1.csv
NGIQ-BR-00000514,Area 6d3 (SFS) left,left,JULICH_BRAIN_CYTOARCHITECTONIC_ATLAS_V3_1_AREA_6D3_SFS,AREA_6D3_SFS_LEFT.nii.gz,CONFLICT_REVIEW,HIGH_FRAGMENTATION,N/A,OWNER_SCIENTIFIC_REVIEWED,False,False,,G4_G3_FINAL_SCIENTIFIC_POLICY_V1,g4_g3_scientific_decision_policy_v1.csv,g4_g3_owner_policy_revision_v1.csv
NGIQ-BR-00000519,"Area MFG5 (MFG, IFG) right",right,JULICH_BRAIN_CYTOARCHITECTONIC_ATLAS_V3_1_AREA_MFG5_MFG_IFG,AREA_MFG5_MFG_IFG_RIGHT.nii.gz,CONFLICT_REVIEW,PARTIAL_TARGET_EVIDENCE_INCONSISTENT,N/A,OWNER_SCIENTIFIC_REVIEWED,False,False,,G4_G3_FINAL_SCIENTIFIC_POLICY_V1,g4_g3_scientific_decision_policy_v1.csv,g4_g3_owner_policy_revision_v1.csv
NGIQ-BR-00000563,Area Id10 (Insula) right,right,JULICH_BRAIN_CYTOARCHITECTONIC_ATLAS_V3_1_AREA_ID10_INSULA,AREA_ID10_INSULA_RIGHT.nii.gz,CONFLICT_REVIEW,PARTIAL_TARGET_EVIDENCE_INCONSISTENT,N/A,OWNER_SCIENTIFIC_REVIEWED,False,False,,G4_G3_FINAL_SCIENTIFIC_POLICY_V1,g4_g3_scientific_decision_policy_v1.csv,g4_g3_owner_policy_revision_v1.csv
NGIQ-BR-00000573,Area OTS1 (OTS) right,right,JULICH_BRAIN_CYTOARCHITECTONIC_ATLAS_V3_1_AREA_OTS1_OTS,AREA_OTS1_OTS_RIGHT.nii.gz,CONFLICT_REVIEW,HIGH_FRAGMENTATION,N/A,OWNER_SCIENTIFIC_REVIEWED,False,False,,G4_G3_FINAL_SCIENTIFIC_POLICY_V1,g4_g3_scientific_decision_policy_v1.csv,g4_g3_owner_policy_revision_v1.csv
NGIQ-BR-00000574,Area OTS1 (OTS) left,left,JULICH_BRAIN_CYTOARCHITECTONIC_ATLAS_V3_1_AREA_OTS1_OTS,AREA_OTS1_OTS_LEFT.nii.gz,CONFLICT_REVIEW,HIGH_FRAGMENTATION,N/A,OWNER_SCIENTIFIC_REVIEWED,False,False,,G4_G3_FINAL_SCIENTIFIC_POLICY_V1,g4_g3_scientific_decision_policy_v1.csv,g4_g3_owner_policy_revision_v1.csv
NGIQ-BR-00000576,Area Te 3 (STG) left,left,JULICH_BRAIN_CYTOARCHITECTONIC_ATLAS_V3_1_AREA_TE_3_STG,AREA_TE_3_STG_LEFT.nii.gz,CONFLICT_REVIEW,MULTI_TARGET_DIFFUSE_REMAINDER,N/A,OWNER_SCIENTIFIC_REVIEWED,False,False,,G4_G3_FINAL_SCIENTIFIC_POLICY_V1,g4_g3_scientific_decision_policy_v1.csv,g4_g3_owner_policy_revision_v1.csv
NGIQ-BR-00000578,Area Te 2.2 (STG) left,left,JULICH_BRAIN_CYTOARCHITECTONIC_ATLAS_V3_1_AREA_TE_2_2_STG,AREA_TE_2_2_STG_LEFT.nii.gz,CONFLICT_REVIEW,HIGH_FRAGMENTATION,N/A,OWNER_SCIENTIFIC_REVIEWED,False,False,,G4_G3_FINAL_SCIENTIFIC_POLICY_V1,g4_g3_scientific_decision_policy_v1.csv,g4_g3_owner_policy_revision_v1.csv
NGIQ-BR-00000589,Area Ph2 (PhG) right,right,JULICH_BRAIN_CYTOARCHITECTONIC_ATLAS_V3_1_AREA_PH2_PHG,AREA_PH2_PHG_RIGHT.nii.gz,CONFLICT_REVIEW,HIGH_FRAGMENTATION,N/A,OWNER_SCIENTIFIC_REVIEWED,False,False,,G4_G3_FINAL_SCIENTIFIC_POLICY_V1,g4_g3_scientific_decision_policy_v1.csv,g4_g3_owner_policy_revision_v1.csv
NGIQ-BR-00000590,Area Ph2 (PhG) left,left,JULICH_BRAIN_CYTOARCHITECTONIC_ATLAS_V3_1_AREA_PH2_PHG,AREA_PH2_PHG_LEFT.nii.gz,CONFLICT_REVIEW,HIGH_FRAGMENTATION,N/A,OWNER_SCIENTIFIC_REVIEWED,False,False,,G4_G3_FINAL_SCIENTIFIC_POLICY_V1,g4_g3_scientific_decision_policy_v1.csv,g4_g3_owner_policy_revision_v1.csv
NGIQ-BR-00000609,"Area TPJ (STG, SMG) right",right,JULICH_BRAIN_CYTOARCHITECTONIC_ATLAS_V3_1_AREA_TPJ_STG_SMG,AREA_TPJ_STG_SMG_RIGHT.nii.gz,CONFLICT_REVIEW,PROBABILITY_HARDLABEL_TOP1_DISAGREEMENT,N/A,OWNER_SCIENTIFIC_REVIEWED,False,False,,G4_G3_FINAL_SCIENTIFIC_POLICY_V1,g4_g3_scientific_decision_policy_v1.csv,g4_g3_owner_policy_revision_v1.csv
NGIQ-BR-00000611,"Area hOc2 (V2, 18) right",right,JULICH_BRAIN_CYTOARCHITECTONIC_ATLAS_V3_1_AREA_HOC2_V2_18,AREA_HOC2_V2_18_RIGHT.nii.gz,CONFLICT_REVIEW,PROBABILITY_HARDLABEL_TOP1_DISAGREEMENT,N/A,OWNER_SCIENTIFIC_REVIEWED,False,False,,G4_G3_FINAL_SCIENTIFIC_POLICY_V1,g4_g3_scientific_decision_policy_v1.csv,g4_g3_owner_policy_revision_v1.csv
NGIQ-BR-00000612,"Area hOc2 (V2, 18) left",left,JULICH_BRAIN_CYTOARCHITECTONIC_ATLAS_V3_1_AREA_HOC2_V2_18,AREA_HOC2_V2_18_LEFT.nii.gz,CONFLICT_REVIEW,PROBABILITY_HARDLABEL_TOP1_DISAGREEMENT,N/A,OWNER_SCIENTIFIC_REVIEWED,False,False,,G4_G3_FINAL_SCIENTIFIC_POLICY_V1,g4_g3_scientific_decision_policy_v1.csv,g4_g3_owner_policy_revision_v1.csv
NGIQ-BR-00000613,"Area hOc1 (V1, 17, CalcS) right",right,JULICH_BRAIN_CYTOARCHITECTONIC_ATLAS_V3_1_AREA_HOC1_V1_17_CALCS,AREA_HOC1_V1_17_CALCS_RIGHT.nii.gz,CONFLICT_REVIEW,HIGH_FRAGMENTATION,N/A,OWNER_SCIENTIFIC_REVIEWED,False,False,,G4_G3_FINAL_SCIENTIFIC_POLICY_V1,g4_g3_scientific_decision_policy_v1.csv,g4_g3_owner_policy_revision_v1.csv
NGIQ-BR-00000614,"Area hOc1 (V1, 17, CalcS) left",left,JULICH_BRAIN_CYTOARCHITECTONIC_ATLAS_V3_1_AREA_HOC1_V1_17_CALCS,AREA_HOC1_V1_17_CALCS_LEFT.nii.gz,CONFLICT_REVIEW,MULTI_TARGET_DIFFUSE_REMAINDER,N/A,OWNER_SCIENTIFIC_REVIEWED,False,False,,G4_G3_FINAL_SCIENTIFIC_POLICY_V1,g4_g3_scientific_decision_policy_v1.csv,g4_g3_owner_policy_revision_v1.csv
NGIQ-BR-00000619,Area hOc3d (Cuneus) right,right,JULICH_BRAIN_CYTOARCHITECTONIC_ATLAS_V3_1_AREA_HOC3D_CUNEUS,AREA_HOC3D_CUNEUS_RIGHT.nii.gz,CONFLICT_REVIEW,HIGH_FRAGMENTATION,N/A,OWNER_SCIENTIFIC_REVIEWED,False,False,,G4_G3_FINAL_SCIENTIFIC_POLICY_V1,g4_g3_scientific_decision_policy_v1.csv,g4_g3_owner_policy_revision_v1.csv
NGIQ-BR-00000631,Area p24c.pd24cd (pACC) right,right,JULICH_BRAIN_CYTOARCHITECTONIC_ATLAS_V3_1_AREA_P24C_PACC,AREA_P24C_PACC_RIGHT.nii.gz,SHARED_SPATIAL_EVIDENCE_ONLY,NO_INDEPENDENT_LEAF_SPATIAL_EVIDENCE,N/A,OWNER_SCIENTIFIC_REVIEWED,False,False,,G4_G3_FINAL_SCIENTIFIC_POLICY_V1,g4_g3_scientific_decision_policy_v1.csv,g4_g3_owner_policy_revision_v1.csv
NGIQ-BR-00000632,Area p24c.pd24cv (pACC) right,right,JULICH_BRAIN_CYTOARCHITECTONIC_ATLAS_V3_1_AREA_P24C_PACC,AREA_P24C_PACC_RIGHT.nii.gz,SHARED_SPATIAL_EVIDENCE_ONLY,NO_INDEPENDENT_LEAF_SPATIAL_EVIDENCE,N/A,OWNER_SCIENTIFIC_REVIEWED,False,False,,G4_G3_FINAL_SCIENTIFIC_POLICY_V1,g4_g3_scientific_decision_policy_v1.csv,g4_g3_owner_policy_revision_v1.csv
NGIQ-BR-00000633,Area p24c.pv24c (pACC) right,right,JULICH_BRAIN_CYTOARCHITECTONIC_ATLAS_V3_1_AREA_P24C_PACC,AREA_P24C_PACC_RIGHT.nii.gz,SHARED_SPATIAL_EVIDENCE_ONLY,NO_INDEPENDENT_LEAF_SPATIAL_EVIDENCE,N/A,OWNER_SCIENTIFIC_REVIEWED,False,False,,G4_G3_FINAL_SCIENTIFIC_POLICY_V1,g4_g3_scientific_decision_policy_v1.csv,g4_g3_owner_policy_revision_v1.csv
NGIQ-BR-00000634,Area p24c.pd24cd (pACC) left,left,JULICH_BRAIN_CYTOARCHITECTONIC_ATLAS_V3_1_AREA_P24C_PACC,AREA_P24C_PACC_LEFT.nii.gz,SHARED_SPATIAL_EVIDENCE_ONLY,NO_INDEPENDENT_LEAF_SPATIAL_EVIDENCE,N/A,OWNER_SCIENTIFIC_REVIEWED,False,False,,G4_G3_FINAL_SCIENTIFIC_POLICY_V1,g4_g3_scientific_decision_policy_v1.csv,g4_g3_owner_policy_revision_v1.csv
NGIQ-BR-00000635,Area p24c.pd24cv (pACC) left,left,JULICH_BRAIN_CYTOARCHITECTONIC_ATLAS_V3_1_AREA_P24C_PACC,AREA_P24C_PACC_LEFT.nii.gz,SHARED_SPATIAL_EVIDENCE_ONLY,NO_INDEPENDENT_LEAF_SPATIAL_EVIDENCE,N/A,OWNER_SCIENTIFIC_REVIEWED,False,False,,G4_G3_FINAL_SCIENTIFIC_POLICY_V1,g4_g3_scientific_decision_policy_v1.csv,g4_g3_owner_policy_revision_v1.csv
NGIQ-BR-00000636,Area p24c.pv24c (pACC) left,left,JULICH_BRAIN_CYTOARCHITECTONIC_ATLAS_V3_1_AREA_P24C_PACC,AREA_P24C_PACC_LEFT.nii.gz,SHARED_SPATIAL_EVIDENCE_ONLY,NO_INDEPENDENT_LEAF_SPATIAL_EVIDENCE,N/A,OWNER_SCIENTIFIC_REVIEWED,False,False,,G4_G3_FINAL_SCIENTIFIC_POLICY_V1,g4_g3_scientific_decision_policy_v1.csv,g4_g3_owner_policy_revision_v1.csv
NGIQ-BR-00000637,Area 25.25a (sACC) right,right,JULICH_BRAIN_CYTOARCHITECTONIC_ATLAS_V3_1_AREA_25_SACC,AREA_25_SACC_RIGHT.nii.gz,SHARED_SPATIAL_EVIDENCE_ONLY,NO_INDEPENDENT_LEAF_SPATIAL_EVIDENCE,N/A,OWNER_SCIENTIFIC_REVIEWED,False,False,,G4_G3_FINAL_SCIENTIFIC_POLICY_V1,g4_g3_scientific_decision_policy_v1.csv,g4_g3_owner_policy_revision_v1.csv
NGIQ-BR-00000638,Area 25.25p (sACC) right,right,JULICH_BRAIN_CYTOARCHITECTONIC_ATLAS_V3_1_AREA_25_SACC,AREA_25_SACC_RIGHT.nii.gz,SHARED_SPATIAL_EVIDENCE_ONLY,NO_INDEPENDENT_LEAF_SPATIAL_EVIDENCE,N/A,OWNER_SCIENTIFIC_REVIEWED,False,False,,G4_G3_FINAL_SCIENTIFIC_POLICY_V1,g4_g3_scientific_decision_policy_v1.csv,g4_g3_owner_policy_revision_v1.csv
NGIQ-BR-00000639,Area 25.25a (sACC) left,left,JULICH_BRAIN_CYTOARCHITECTONIC_ATLAS_V3_1_AREA_25_SACC,AREA_25_SACC_LEFT.nii.gz,SHARED_SPATIAL_EVIDENCE_ONLY,NO_INDEPENDENT_LEAF_SPATIAL_EVIDENCE,N/A,OWNER_SCIENTIFIC_REVIEWED,False,False,,G4_G3_FINAL_SCIENTIFIC_POLICY_V1,g4_g3_scientific_decision_policy_v1.csv,g4_g3_owner_policy_revision_v1.csv
NGIQ-BR-00000640,Area 25.25p (sACC) left,left,JULICH_BRAIN_CYTOARCHITECTONIC_ATLAS_V3_1_AREA_25_SACC,AREA_25_SACC_LEFT.nii.gz,SHARED_SPATIAL_EVIDENCE_ONLY,NO_INDEPENDENT_LEAF_SPATIAL_EVIDENCE,N/A,OWNER_SCIENTIFIC_REVIEWED,False,False,,G4_G3_FINAL_SCIENTIFIC_POLICY_V1,g4_g3_scientific_decision_policy_v1.csv,g4_g3_owner_policy_revision_v1.csv
NGIQ-BR-00000641,Area p24ab.p24a (pACC) right,right,JULICH_BRAIN_CYTOARCHITECTONIC_ATLAS_V3_1_AREA_P24AB_PACC,AREA_P24AB_PACC_RIGHT.nii.gz,SHARED_SPATIAL_EVIDENCE_ONLY,NO_INDEPENDENT_LEAF_SPATIAL_EVIDENCE,N/A,OWNER_SCIENTIFIC_REVIEWED,False,False,,G4_G3_FINAL_SCIENTIFIC_POLICY_V1,g4_g3_scientific_decision_policy_v1.csv,g4_g3_owner_policy_revision_v1.csv
NGIQ-BR-00000642,Area p24ab.p24b (pACC) right,right,JULICH_BRAIN_CYTOARCHITECTONIC_ATLAS_V3_1_AREA_P24AB_PACC,AREA_P24AB_PACC_RIGHT.nii.gz,SHARED_SPATIAL_EVIDENCE_ONLY,NO_INDEPENDENT_LEAF_SPATIAL_EVIDENCE,N/A,OWNER_SCIENTIFIC_REVIEWED,False,False,,G4_G3_FINAL_SCIENTIFIC_POLICY_V1,g4_g3_scientific_decision_policy_v1.csv,g4_g3_owner_policy_revision_v1.csv
NGIQ-BR-00000643,Area p24ab.p24a (pACC) left,left,JULICH_BRAIN_CYTOARCHITECTONIC_ATLAS_V3_1_AREA_P24AB_PACC,AREA_P24AB_PACC_LEFT.nii.gz,SHARED_SPATIAL_EVIDENCE_ONLY,NO_INDEPENDENT_LEAF_SPATIAL_EVIDENCE,N/A,OWNER_SCIENTIFIC_REVIEWED,False,False,,G4_G3_FINAL_SCIENTIFIC_POLICY_V1,g4_g3_scientific_decision_policy_v1.csv,g4_g3_owner_policy_revision_v1.csv
NGIQ-BR-00000644,Area p24ab.p24b (pACC) left,left,JULICH_BRAIN_CYTOARCHITECTONIC_ATLAS_V3_1_AREA_P24AB_PACC,AREA_P24AB_PACC_LEFT.nii.gz,SHARED_SPATIAL_EVIDENCE_ONLY,NO_INDEPENDENT_LEAF_SPATIAL_EVIDENCE,N/A,OWNER_SCIENTIFIC_REVIEWED,False,False,,G4_G3_FINAL_SCIENTIFIC_POLICY_V1,g4_g3_scientific_decision_policy_v1.csv,g4_g3_owner_policy_revision_v1.csv
NGIQ-BR-00000647,Area 33 (ACC) right,right,JULICH_BRAIN_CYTOARCHITECTONIC_ATLAS_V3_1_AREA_33_ACC,AREA_33_ACC_RIGHT.nii.gz,CONFLICT_REVIEW,HIGH_FRAGMENTATION,N/A,OWNER_SCIENTIFIC_REVIEWED,False,False,,G4_G3_FINAL_SCIENTIFIC_POLICY_V1,g4_g3_scientific_decision_policy_v1.csv,g4_g3_owner_policy_revision_v1.csv
NGIQ-BR-00000648,Area 33 (ACC) left,left,JULICH_BRAIN_CYTOARCHITECTONIC_ATLAS_V3_1_AREA_33_ACC,AREA_33_ACC_LEFT.nii.gz,CONFLICT_REVIEW,HIGH_FRAGMENTATION,N/A,OWNER_SCIENTIFIC_REVIEWED,False,False,,G4_G3_FINAL_SCIENTIFIC_POLICY_V1,g4_g3_scientific_decision_policy_v1.csv,g4_g3_owner_policy_revision_v1.csv
NGIQ-BR-00000651,Area s24.s24a (sACC) right,right,JULICH_BRAIN_CYTOARCHITECTONIC_ATLAS_V3_1_AREA_S24_SACC,AREA_S24_SACC_RIGHT.nii.gz,SHARED_SPATIAL_EVIDENCE_ONLY,NO_INDEPENDENT_LEAF_SPATIAL_EVIDENCE,N/A,OWNER_SCIENTIFIC_REVIEWED,False,False,,G4_G3_FINAL_SCIENTIFIC_POLICY_V1,g4_g3_scientific_decision_policy_v1.csv,g4_g3_owner_policy_revision_v1.csv
NGIQ-BR-00000652,Area s24.s24b (sACC) right,right,JULICH_BRAIN_CYTOARCHITECTONIC_ATLAS_V3_1_AREA_S24_SACC,AREA_S24_SACC_RIGHT.nii.gz,SHARED_SPATIAL_EVIDENCE_ONLY,NO_INDEPENDENT_LEAF_SPATIAL_EVIDENCE,N/A,OWNER_SCIENTIFIC_REVIEWED,False,False,,G4_G3_FINAL_SCIENTIFIC_POLICY_V1,g4_g3_scientific_decision_policy_v1.csv,g4_g3_owner_policy_revision_v1.csv
NGIQ-BR-00000653,Area s24.s24a (sACC) left,left,JULICH_BRAIN_CYTOARCHITECTONIC_ATLAS_V3_1_AREA_S24_SACC,AREA_S24_SACC_LEFT.nii.gz,SHARED_SPATIAL_EVIDENCE_ONLY,NO_INDEPENDENT_LEAF_SPATIAL_EVIDENCE,N/A,OWNER_SCIENTIFIC_REVIEWED,False,False,,G4_G3_FINAL_SCIENTIFIC_POLICY_V1,g4_g3_scientific_decision_policy_v1.csv,g4_g3_owner_policy_revision_v1.csv
NGIQ-BR-00000654,Area s24.s24b (sACC) left,left,JULICH_BRAIN_CYTOARCHITECTONIC_ATLAS_V3_1_AREA_S24_SACC,AREA_S24_SACC_LEFT.nii.gz,SHARED_SPATIAL_EVIDENCE_ONLY,NO_INDEPENDENT_LEAF_SPATIAL_EVIDENCE,N/A,OWNER_SCIENTIFIC_REVIEWED,False,False,,G4_G3_FINAL_SCIENTIFIC_POLICY_V1,g4_g3_scientific_decision_policy_v1.csv,g4_g3_owner_policy_revision_v1.csv
NGIQ-BR-00000655,"Area PirT.Tit (PiriformCortexMesial, Piriform temporal Area, Incisura temporalis) right",right,JULICH_BRAIN_CYTOARCHITECTONIC_ATLAS_V3_1_AREA_PIRT_PIRIFORMCORTEXMESIAL_TEMPORAL,AREA_PIRT_PIRIFORMCORTEXMESIAL_TEMPORAL_RIGHT.nii.gz,SHARED_SPATIAL_EVIDENCE_ONLY,NO_INDEPENDENT_LEAF_SPATIAL_EVIDENCE,N/A,OWNER_SCIENTIFIC_REVIEWED,False,False,,G4_G3_FINAL_SCIENTIFIC_POLICY_V1,g4_g3_scientific_decision_policy_v1.csv,g4_g3_owner_policy_revision_v1.csv
NGIQ-BR-00000656,"Area PirT.Tu (PiriformCortexMesial, Piriform temporal Area, Uncus) right",right,JULICH_BRAIN_CYTOARCHITECTONIC_ATLAS_V3_1_AREA_PIRT_PIRIFORMCORTEXMESIAL_TEMPORAL,AREA_PIRT_PIRIFORMCORTEXMESIAL_TEMPORAL_RIGHT.nii.gz,SHARED_SPATIAL_EVIDENCE_ONLY,NO_INDEPENDENT_LEAF_SPATIAL_EVIDENCE,N/A,OWNER_SCIENTIFIC_REVIEWED,False,False,,G4_G3_FINAL_SCIENTIFIC_POLICY_V1,g4_g3_scientific_decision_policy_v1.csv,g4_g3_owner_policy_revision_v1.csv
NGIQ-BR-00000657,"Area PirT.Tit (PiriformCortexMesial, Piriform temporal Area, Incisura temporalis) left",left,JULICH_BRAIN_CYTOARCHITECTONIC_ATLAS_V3_1_AREA_PIRT_PIRIFORMCORTEXMESIAL_TEMPORAL,AREA_PIRT_PIRIFORMCORTEXMESIAL_TEMPORAL_LEFT.nii.gz,SHARED_SPATIAL_EVIDENCE_ONLY,NO_INDEPENDENT_LEAF_SPATIAL_EVIDENCE,N/A,OWNER_SCIENTIFIC_REVIEWED,False,False,,G4_G3_FINAL_SCIENTIFIC_POLICY_V1,g4_g3_scientific_decision_policy_v1.csv,g4_g3_owner_policy_revision_v1.csv
NGIQ-BR-00000658,"Area PirT.Tu (PiriformCortexMesial, Piriform temporal Area, Uncus) left",left,JULICH_BRAIN_CYTOARCHITECTONIC_ATLAS_V3_1_AREA_PIRT_PIRIFORMCORTEXMESIAL_TEMPORAL,AREA_PIRT_PIRIFORMCORTEXMESIAL_TEMPORAL_LEFT.nii.gz,SHARED_SPATIAL_EVIDENCE_ONLY,NO_INDEPENDENT_LEAF_SPATIAL_EVIDENCE,N/A,OWNER_SCIENTIFIC_REVIEWED,False,False,,G4_G3_FINAL_SCIENTIFIC_POLICY_V1,g4_g3_scientific_decision_policy_v1.csv,g4_g3_owner_policy_revision_v1.csv
NGIQ-BR-00000659,"Area PirTB.TBd (PiriformCortexMesial, Piriform temporobasal Area, dorsal part) right",right,JULICH_BRAIN_CYTOARCHITECTONIC_ATLAS_V3_1_AREA_PIRTB_PIRIFORMCORTEXMESIAL_TEMPOROBASAL,AREA_PIRTB_PIRIFORMCORTEXMESIAL_TEMPOROBASAL_RIGHT.nii.gz,SHARED_SPATIAL_EVIDENCE_ONLY,NO_INDEPENDENT_LEAF_SPATIAL_EVIDENCE,N/A,OWNER_SCIENTIFIC_REVIEWED,False,False,,G4_G3_FINAL_SCIENTIFIC_POLICY_V1,g4_g3_scientific_decision_policy_v1.csv,g4_g3_owner_policy_revision_v1.csv
NGIQ-BR-00000660,"Area PirTB.TBv (PiriformCortexMesial, Piriform temporobasal Area, ventral part) right",right,JULICH_BRAIN_CYTOARCHITECTONIC_ATLAS_V3_1_AREA_PIRTB_PIRIFORMCORTEXMESIAL_TEMPOROBASAL,AREA_PIRTB_PIRIFORMCORTEXMESIAL_TEMPOROBASAL_RIGHT.nii.gz,SHARED_SPATIAL_EVIDENCE_ONLY,NO_INDEPENDENT_LEAF_SPATIAL_EVIDENCE,N/A,OWNER_SCIENTIFIC_REVIEWED,False,False,,G4_G3_FINAL_SCIENTIFIC_POLICY_V1,g4_g3_scientific_decision_policy_v1.csv,g4_g3_owner_policy_revision_v1.csv
NGIQ-BR-00000661,"Area PirTB.TBd (PiriformCortexMesial, Piriform temporobasal Area, dorsal part) left",left,JULICH_BRAIN_CYTOARCHITECTONIC_ATLAS_V3_1_AREA_PIRTB_PIRIFORMCORTEXMESIAL_TEMPOROBASAL,AREA_PIRTB_PIRIFORMCORTEXMESIAL_TEMPOROBASAL_LEFT.nii.gz,SHARED_SPATIAL_EVIDENCE_ONLY,NO_INDEPENDENT_LEAF_SPATIAL_EVIDENCE,N/A,OWNER_SCIENTIFIC_REVIEWED,False,False,,G4_G3_FINAL_SCIENTIFIC_POLICY_V1,g4_g3_scientific_decision_policy_v1.csv,g4_g3_owner_policy_revision_v1.csv
NGIQ-BR-00000662,"Area PirTB.TBv (PiriformCortexMesial, Piriform temporobasal Area, ventral part) left",left,JULICH_BRAIN_CYTOARCHITECTONIC_ATLAS_V3_1_AREA_PIRTB_PIRIFORMCORTEXMESIAL_TEMPOROBASAL,AREA_PIRTB_PIRIFORMCORTEXMESIAL_TEMPOROBASAL_LEFT.nii.gz,SHARED_SPATIAL_EVIDENCE_ONLY,NO_INDEPENDENT_LEAF_SPATIAL_EVIDENCE,N/A,OWNER_SCIENTIFIC_REVIEWED,False,False,,G4_G3_FINAL_SCIENTIFIC_POLICY_V1,g4_g3_scientific_decision_policy_v1.csv,g4_g3_owner_policy_revision_v1.csv
NGIQ-BR-00000667,"TrS (Hippocampus, Transsubiculum) right",right,JULICH_BRAIN_CYTOARCHITECTONIC_ATLAS_V3_1_TRS_HIPPOCAMPUS_TRANSSUBICULUM,TRS_HIPPOCAMPUS_TRANSSUBICULUM_RIGHT.nii.gz,CONFLICT_REVIEW,HIGH_FRAGMENTATION,N/A,OWNER_SCIENTIFIC_REVIEWED,False,False,,G4_G3_FINAL_SCIENTIFIC_POLICY_V1,g4_g3_scientific_decision_policy_v1.csv,g4_g3_owner_policy_revision_v1.csv
NGIQ-BR-00000668,"TrS (Hippocampus, Transsubiculum) left",left,JULICH_BRAIN_CYTOARCHITECTONIC_ATLAS_V3_1_TRS_HIPPOCAMPUS_TRANSSUBICULUM,TRS_HIPPOCAMPUS_TRANSSUBICULUM_LEFT.nii.gz,CONFLICT_REVIEW,HIGH_FRAGMENTATION,N/A,OWNER_SCIENTIFIC_REVIEWED,False,False,,G4_G3_FINAL_SCIENTIFIC_POLICY_V1,g4_g3_scientific_decision_policy_v1.csv,g4_g3_owner_policy_revision_v1.csv
NGIQ-BR-00000669,"Subc.PaS (Hippocampus, Parasubiculum) right",right,JULICH_BRAIN_CYTOARCHITECTONIC_ATLAS_V3_1_SUBC_HIPPOCAMPUS_SUBICULAR_COMPLEX,SUBC_HIPPOCAMPUS_SUBICULAR_COMPLEX_RIGHT.nii.gz,SHARED_SPATIAL_EVIDENCE_ONLY,NO_INDEPENDENT_LEAF_SPATIAL_EVIDENCE,N/A,OWNER_SCIENTIFIC_REVIEWED,False,False,,G4_G3_FINAL_SCIENTIFIC_POLICY_V1,g4_g3_scientific_decision_policy_v1.csv,g4_g3_owner_policy_revision_v1.csv
NGIQ-BR-00000670,"Subc.PreS (Hippocampus, Presubiculum) right",right,JULICH_BRAIN_CYTOARCHITECTONIC_ATLAS_V3_1_SUBC_HIPPOCAMPUS_SUBICULAR_COMPLEX,SUBC_HIPPOCAMPUS_SUBICULAR_COMPLEX_RIGHT.nii.gz,SHARED_SPATIAL_EVIDENCE_ONLY,NO_INDEPENDENT_LEAF_SPATIAL_EVIDENCE,N/A,OWNER_SCIENTIFIC_REVIEWED,False,False,,G4_G3_FINAL_SCIENTIFIC_POLICY_V1,g4_g3_scientific_decision_policy_v1.csv,g4_g3_owner_policy_revision_v1.csv
NGIQ-BR-00000671,"Subc.ProS (Hippocampus, Prosubiculum) right",right,JULICH_BRAIN_CYTOARCHITECTONIC_ATLAS_V3_1_SUBC_HIPPOCAMPUS_SUBICULAR_COMPLEX,SUBC_HIPPOCAMPUS_SUBICULAR_COMPLEX_RIGHT.nii.gz,SHARED_SPATIAL_EVIDENCE_ONLY,NO_INDEPENDENT_LEAF_SPATIAL_EVIDENCE,N/A,OWNER_SCIENTIFIC_REVIEWED,False,False,,G4_G3_FINAL_SCIENTIFIC_POLICY_V1,g4_g3_scientific_decision_policy_v1.csv,g4_g3_owner_policy_revision_v1.csv
NGIQ-BR-00000672,"Subc.Sub (Hippocampus, Subiculum) right",right,JULICH_BRAIN_CYTOARCHITECTONIC_ATLAS_V3_1_SUBC_HIPPOCAMPUS_SUBICULAR_COMPLEX,SUBC_HIPPOCAMPUS_SUBICULAR_COMPLEX_RIGHT.nii.gz,SHARED_SPATIAL_EVIDENCE_ONLY,NO_INDEPENDENT_LEAF_SPATIAL_EVIDENCE,N/A,OWNER_SCIENTIFIC_REVIEWED,False,False,,G4_G3_FINAL_SCIENTIFIC_POLICY_V1,g4_g3_scientific_decision_policy_v1.csv,g4_g3_owner_policy_revision_v1.csv
NGIQ-BR-00000673,"Subc.PaS (Hippocampus, Parasubiculum) left",left,JULICH_BRAIN_CYTOARCHITECTONIC_ATLAS_V3_1_SUBC_HIPPOCAMPUS_SUBICULAR_COMPLEX,SUBC_HIPPOCAMPUS_SUBICULAR_COMPLEX_LEFT.nii.gz,SHARED_SPATIAL_EVIDENCE_ONLY,NO_INDEPENDENT_LEAF_SPATIAL_EVIDENCE,N/A,OWNER_SCIENTIFIC_REVIEWED,False,False,,G4_G3_FINAL_SCIENTIFIC_POLICY_V1,g4_g3_scientific_decision_policy_v1.csv,g4_g3_owner_policy_revision_v1.csv
NGIQ-BR-00000674,"Subc.PreS (Hippocampus, Presubiculum) left",left,JULICH_BRAIN_CYTOARCHITECTONIC_ATLAS_V3_1_SUBC_HIPPOCAMPUS_SUBICULAR_COMPLEX,SUBC_HIPPOCAMPUS_SUBICULAR_COMPLEX_LEFT.nii.gz,SHARED_SPATIAL_EVIDENCE_ONLY,NO_INDEPENDENT_LEAF_SPATIAL_EVIDENCE,N/A,OWNER_SCIENTIFIC_REVIEWED,False,False,,G4_G3_FINAL_SCIENTIFIC_POLICY_V1,g4_g3_scientific_decision_policy_v1.csv,g4_g3_owner_policy_revision_v1.csv
NGIQ-BR-00000675,"Subc.ProS (Hippocampus, Prosubiculum) left",left,JULICH_BRAIN_CYTOARCHITECTONIC_ATLAS_V3_1_SUBC_HIPPOCAMPUS_SUBICULAR_COMPLEX,SUBC_HIPPOCAMPUS_SUBICULAR_COMPLEX_LEFT.nii.gz,SHARED_SPATIAL_EVIDENCE_ONLY,NO_INDEPENDENT_LEAF_SPATIAL_EVIDENCE,N/A,OWNER_SCIENTIFIC_REVIEWED,False,False,,G4_G3_FINAL_SCIENTIFIC_POLICY_V1,g4_g3_scientific_decision_policy_v1.csv,g4_g3_owner_policy_revision_v1.csv
NGIQ-BR-00000676,"Subc.Sub (Hippocampus, Subiculum) left",left,JULICH_BRAIN_CYTOARCHITECTONIC_ATLAS_V3_1_SUBC_HIPPOCAMPUS_SUBICULAR_COMPLEX,SUBC_HIPPOCAMPUS_SUBICULAR_COMPLEX_LEFT.nii.gz,SHARED_SPATIAL_EVIDENCE_ONLY,NO_INDEPENDENT_LEAF_SPATIAL_EVIDENCE,N/A,OWNER_SCIENTIFIC_REVIEWED,False,False,,G4_G3_FINAL_SCIENTIFIC_POLICY_V1,g4_g3_scientific_decision_policy_v1.csv,g4_g3_owner_policy_revision_v1.csv
NGIQ-BR-00000681,"Area EC (Hippocampal Region, Entorhinal Cortex) right",right,JULICH_BRAIN_CYTOARCHITECTONIC_ATLAS_V3_1_AREA_EC_HIPPOCAMPAL_REGION_ENTORHINAL_CORTEX,AREA_EC_HIPPOCAMPAL_REGION_ENTORHINAL_CORTEX_RIGHT.nii.gz,CONFLICT_REVIEW,HIGH_FRAGMENTATION,N/A,OWNER_SCIENTIFIC_REVIEWED,False,False,,G4_G3_FINAL_SCIENTIFIC_POLICY_V1,g4_g3_scientific_decision_policy_v1.csv,g4_g3_owner_policy_revision_v1.csv
NGIQ-BR-00000682,"Area EC (Hippocampal Region, Entorhinal Cortex) left",left,JULICH_BRAIN_CYTOARCHITECTONIC_ATLAS_V3_1_AREA_EC_HIPPOCAMPAL_REGION_ENTORHINAL_CORTEX,AREA_EC_HIPPOCAMPAL_REGION_ENTORHINAL_CORTEX_LEFT.nii.gz,CONFLICT_REVIEW,MULTI_TARGET_DIFFUSE_REMAINDER,N/A,OWNER_SCIENTIFIC_REVIEWED,False,False,,G4_G3_FINAL_SCIENTIFIC_POLICY_V1,g4_g3_scientific_decision_policy_v1.csv,g4_g3_owner_policy_revision_v1.csv
NGIQ-BR-00000689,"SNC (Midbrain, Substantia Nigra pars compacta) right",right,JULICH_BRAIN_CYTOARCHITECTONIC_ATLAS_V3_1_SNC_MIDBRAIN_SUBSTANTIA_NIGRA_PARS_COMPACTA,SNC_MIDBRAIN_SUBSTANTIA_NIGRA_PARS_COMPACTA_RIGHT.nii.gz,NO_G3_MAPPING,BNA_COVERAGE_GAP,N/A,OWNER_SCIENTIFIC_REVIEWED,False,False,,G4_G3_FINAL_SCIENTIFIC_POLICY_V1,g4_g3_scientific_decision_policy_v1.csv,g4_g3_owner_policy_revision_v1.csv
NGIQ-BR-00000690,"SNC (Midbrain, Substantia Nigra pars compacta) left",left,JULICH_BRAIN_CYTOARCHITECTONIC_ATLAS_V3_1_SNC_MIDBRAIN_SUBSTANTIA_NIGRA_PARS_COMPACTA,SNC_MIDBRAIN_SUBSTANTIA_NIGRA_PARS_COMPACTA_LEFT.nii.gz,NO_G3_MAPPING,BNA_COVERAGE_GAP,N/A,OWNER_SCIENTIFIC_REVIEWED,False,False,,G4_G3_FINAL_SCIENTIFIC_POLICY_V1,g4_g3_scientific_decision_policy_v1.csv,g4_g3_owner_policy_revision_v1.csv
NGIQ-BR-00000691,"SNR (Midbrain, Substantia Nigra pars reticulata) right",right,JULICH_BRAIN_CYTOARCHITECTONIC_ATLAS_V3_1_SNR_MIDBRAIN_SUBSTANTIA_NIGRA_PARS_RETICULATA,SNR_MIDBRAIN_SUBSTANTIA_NIGRA_PARS_RETICULATA_RIGHT.nii.gz,NO_G3_MAPPING,BNA_COVERAGE_GAP,N/A,OWNER_SCIENTIFIC_REVIEWED,False,False,,G4_G3_FINAL_SCIENTIFIC_POLICY_V1,g4_g3_scientific_decision_policy_v1.csv,g4_g3_owner_policy_revision_v1.csv
NGIQ-BR-00000692,"SNR (Midbrain, Substantia Nigra pars reticulata) left",left,JULICH_BRAIN_CYTOARCHITECTONIC_ATLAS_V3_1_SNR_MIDBRAIN_SUBSTANTIA_NIGRA_PARS_RETICULATA,SNR_MIDBRAIN_SUBSTANTIA_NIGRA_PARS_RETICULATA_LEFT.nii.gz,NO_G3_MAPPING,BNA_COVERAGE_GAP,N/A,OWNER_SCIENTIFIC_REVIEWED,False,False,,G4_G3_FINAL_SCIENTIFIC_POLICY_V1,g4_g3_scientific_decision_policy_v1.csv,g4_g3_owner_policy_revision_v1.csv
NGIQ-BR-00000693,"NRp (Midbrain, Nucleus Ruber, parvocellular part) right",right,JULICH_BRAIN_CYTOARCHITECTONIC_ATLAS_V3_1_NRP_MIDBRAIN_NUCLEUS_RUBER_PARVOCELLULAR_PART,NRP_MIDBRAIN_NUCLEUS_RUBER_PARVOCELLULAR_PART_RIGHT.nii.gz,NO_G3_MAPPING,BNA_COVERAGE_GAP,N/A,OWNER_SCIENTIFIC_REVIEWED,False,False,,G4_G3_FINAL_SCIENTIFIC_POLICY_V1,g4_g3_scientific_decision_policy_v1.csv,g4_g3_owner_policy_revision_v1.csv
NGIQ-BR-00000694,"NRp (Midbrain, Nucleus Ruber, parvocellular part) left",left,JULICH_BRAIN_CYTOARCHITECTONIC_ATLAS_V3_1_NRP_MIDBRAIN_NUCLEUS_RUBER_PARVOCELLULAR_PART,NRP_MIDBRAIN_NUCLEUS_RUBER_PARVOCELLULAR_PART_LEFT.nii.gz,NO_G3_MAPPING,BNA_COVERAGE_GAP,N/A,OWNER_SCIENTIFIC_REVIEWED,False,False,,G4_G3_FINAL_SCIENTIFIC_POLICY_V1,g4_g3_scientific_decision_policy_v1.csv,g4_g3_owner_policy_revision_v1.csv
NGIQ-BR-00000695,"NRm (Midbrain, Nucleus Ruber, magnocellular part) right",right,JULICH_BRAIN_CYTOARCHITECTONIC_ATLAS_V3_1_NRM_MIDBRAIN_NUCLEUS_RUBER_MAGNOCELLULAR_PART,NRM_MIDBRAIN_NUCLEUS_RUBER_MAGNOCELLULAR_PART_RIGHT.nii.gz,NO_G3_MAPPING,ZERO_BNA_SPATIAL_ASSOCIATION,N/A,OWNER_SCIENTIFIC_REVIEWED,False,False,,G4_G3_FINAL_SCIENTIFIC_POLICY_V1,g4_g3_scientific_decision_policy_v1.csv,g4_g3_owner_policy_revision_v1.csv
NGIQ-BR-00000696,"NRm (Midbrain, Nucleus Ruber, magnocellular part) left",left,JULICH_BRAIN_CYTOARCHITECTONIC_ATLAS_V3_1_NRM_MIDBRAIN_NUCLEUS_RUBER_MAGNOCELLULAR_PART,NRM_MIDBRAIN_NUCLEUS_RUBER_MAGNOCELLULAR_PART_LEFT.nii.gz,NO_G3_MAPPING,ZERO_BNA_SPATIAL_ASSOCIATION,N/A,OWNER_SCIENTIFIC_REVIEWED,False,False,,G4_G3_FINAL_SCIENTIFIC_POLICY_V1,g4_g3_scientific_decision_policy_v1.csv,g4_g3_owner_policy_revision_v1.csv
NGIQ-BR-00000697,"Ninterp (Cerebellum, Interposed Nucleus) right",right,JULICH_BRAIN_CYTOARCHITECTONIC_ATLAS_V3_1_NINTERP_CEREBELLUM_INTERPOSED_NUCLEUS,NINTERP_CEREBELLUM_INTERPOSED_NUCLEUS_RIGHT.nii.gz,NO_G3_MAPPING,ZERO_BNA_SPATIAL_ASSOCIATION,N/A,OWNER_SCIENTIFIC_REVIEWED,False,False,,G4_G3_FINAL_SCIENTIFIC_POLICY_V1,g4_g3_scientific_decision_policy_v1.csv,g4_g3_owner_policy_revision_v1.csv
NGIQ-BR-00000698,"Ninterp (Cerebellum, Interposed Nucleus) left",left,JULICH_BRAIN_CYTOARCHITECTONIC_ATLAS_V3_1_NINTERP_CEREBELLUM_INTERPOSED_NUCLEUS,NINTERP_CEREBELLUM_INTERPOSED_NUCLEUS_LEFT.nii.gz,NO_G3_MAPPING,ZERO_BNA_SPATIAL_ASSOCIATION,N/A,OWNER_SCIENTIFIC_REVIEWED,False,False,,G4_G3_FINAL_SCIENTIFIC_POLICY_V1,g4_g3_scientific_decision_policy_v1.csv,g4_g3_owner_policy_revision_v1.csv
NGIQ-BR-00000699,"Ndentv (Cerebellum, Ventral Dentate Nucleus) right",right,JULICH_BRAIN_CYTOARCHITECTONIC_ATLAS_V3_1_NDENTV_CEREBELLUM_VENTRAL_DENTATE_NUCLEUS,NDENTV_CEREBELLUM_VENTRAL_DENTATE_NUCLEUS_RIGHT.nii.gz,NO_G3_MAPPING,ZERO_BNA_SPATIAL_ASSOCIATION,N/A,OWNER_SCIENTIFIC_REVIEWED,False,False,,G4_G3_FINAL_SCIENTIFIC_POLICY_V1,g4_g3_scientific_decision_policy_v1.csv,g4_g3_owner_policy_revision_v1.csv
NGIQ-BR-00000700,"Ndentv (Cerebellum, Ventral Dentate Nucleus) left",left,JULICH_BRAIN_CYTOARCHITECTONIC_ATLAS_V3_1_NDENTV_CEREBELLUM_VENTRAL_DENTATE_NUCLEUS,NDENTV_CEREBELLUM_VENTRAL_DENTATE_NUCLEUS_LEFT.nii.gz,NO_G3_MAPPING,ZERO_BNA_SPATIAL_ASSOCIATION,N/A,OWNER_SCIENTIFIC_REVIEWED,False,False,,G4_G3_FINAL_SCIENTIFIC_POLICY_V1,g4_g3_scientific_decision_policy_v1.csv,g4_g3_owner_policy_revision_v1.csv
NGIQ-BR-00000701,"Ndentd (Cerebellum, Dorsal Dentate Nucleus) right",right,JULICH_BRAIN_CYTOARCHITECTONIC_ATLAS_V3_1_NDENTD_CEREBELLUM_DORSAL_DENTATE_NUCLEUS,NDENTD_CEREBELLUM_DORSAL_DENTATE_NUCLEUS_RIGHT.nii.gz,NO_G3_MAPPING,ZERO_BNA_SPATIAL_ASSOCIATION,N/A,OWNER_SCIENTIFIC_REVIEWED,False,False,,G4_G3_FINAL_SCIENTIFIC_POLICY_V1,g4_g3_scientific_decision_policy_v1.csv,g4_g3_owner_policy_revision_v1.csv
NGIQ-BR-00000702,"Ndentd (Cerebellum, Dorsal Dentate Nucleus) left",left,JULICH_BRAIN_CYTOARCHITECTONIC_ATLAS_V3_1_NDENTD_CEREBELLUM_DORSAL_DENTATE_NUCLEUS,NDENTD_CEREBELLUM_DORSAL_DENTATE_NUCLEUS_LEFT.nii.gz,NO_G3_MAPPING,ZERO_BNA_SPATIAL_ASSOCIATION,N/A,OWNER_SCIENTIFIC_REVIEWED,False,False,,G4_G3_FINAL_SCIENTIFIC_POLICY_V1,g4_g3_scientific_decision_policy_v1.csv,g4_g3_owner_policy_revision_v1.csv
NGIQ-BR-00000703,"Nfast (Cerebellum, Fastigial Nucleus) right",right,JULICH_BRAIN_CYTOARCHITECTONIC_ATLAS_V3_1_NFAST_CEREBELLUM_FASTIGIAL_NUCLEUS,NFAST_CEREBELLUM_FASTIGIAL_NUCLEUS_RIGHT.nii.gz,NO_G3_MAPPING,ZERO_BNA_SPATIAL_ASSOCIATION,N/A,OWNER_SCIENTIFIC_REVIEWED,False,False,,G4_G3_FINAL_SCIENTIFIC_POLICY_V1,g4_g3_scientific_decision_policy_v1.csv,g4_g3_owner_policy_revision_v1.csv
NGIQ-BR-00000704,"Nfast (Cerebellum, Fastigial Nucleus) left",left,JULICH_BRAIN_CYTOARCHITECTONIC_ATLAS_V3_1_NFAST_CEREBELLUM_FASTIGIAL_NUCLEUS,NFAST_CEREBELLUM_FASTIGIAL_NUCLEUS_LEFT.nii.gz,NO_G3_MAPPING,ZERO_BNA_SPATIAL_ASSOCIATION,N/A,OWNER_SCIENTIFIC_REVIEWED,False,False,,G4_G3_FINAL_SCIENTIFIC_POLICY_V1,g4_g3_scientific_decision_policy_v1.csv,g4_g3_owner_policy_revision_v1.csv
NGIQ-BR-00000705,STN (Subthalamus) right,right,JULICH_BRAIN_CYTOARCHITECTONIC_ATLAS_V3_1_STN_SUBTHALAMUS,STN_SUBTHALAMUS_RIGHT.nii.gz,NO_G3_MAPPING,BNA_COVERAGE_GAP,N/A,OWNER_SCIENTIFIC_REVIEWED,False,False,,G4_G3_FINAL_SCIENTIFIC_POLICY_V1,g4_g3_scientific_decision_policy_v1.csv,g4_g3_owner_policy_revision_v1.csv
NGIQ-BR-00000706,STN (Subthalamus) left,left,JULICH_BRAIN_CYTOARCHITECTONIC_ATLAS_V3_1_STN_SUBTHALAMUS,STN_SUBTHALAMUS_LEFT.nii.gz,NO_G3_MAPPING,BNA_COVERAGE_GAP,N/A,OWNER_SCIENTIFIC_REVIEWED,False,False,,G4_G3_FINAL_SCIENTIFIC_POLICY_V1,g4_g3_scientific_decision_policy_v1.csv,g4_g3_owner_policy_revision_v1.csv
NGIQ-BR-00000707,"Rt (Thalamus, reticular Nucleus) right",right,JULICH_BRAIN_CYTOARCHITECTONIC_ATLAS_V3_1_RT_THALAMUS_RETICULAR_NUCLEUS,RT_THALAMUS_RETICULAR_NUCLEUS_RIGHT.nii.gz,CONFLICT_REVIEW,HIGH_FRAGMENTATION,N/A,OWNER_SCIENTIFIC_REVIEWED,False,False,,G4_G3_FINAL_SCIENTIFIC_POLICY_V1,g4_g3_scientific_decision_policy_v1.csv,g4_g3_owner_policy_revision_v1.csv
NGIQ-BR-00000708,"Rt (Thalamus, reticular Nucleus) left",left,JULICH_BRAIN_CYTOARCHITECTONIC_ATLAS_V3_1_RT_THALAMUS_RETICULAR_NUCLEUS,RT_THALAMUS_RETICULAR_NUCLEUS_LEFT.nii.gz,CONFLICT_REVIEW,PROBABILITY_HARDLABEL_TOP1_DISAGREEMENT,N/A,OWNER_SCIENTIFIC_REVIEWED,False,False,,G4_G3_FINAL_SCIENTIFIC_POLICY_V1,g4_g3_scientific_decision_policy_v1.csv,g4_g3_owner_policy_revision_v1.csv
NGIQ-BR-00000709,"ZI (Thalamus, zona incerta) right",right,JULICH_BRAIN_CYTOARCHITECTONIC_ATLAS_V3_1_ZI_THALAMUS_ZONA_INCERTA,ZI_THALAMUS_ZONA_INCERTA_RIGHT.nii.gz,CONFLICT_REVIEW,LOW_BNA_COVERAGE,N/A,OWNER_SCIENTIFIC_REVIEWED,False,False,,G4_G3_FINAL_SCIENTIFIC_POLICY_V1,g4_g3_scientific_decision_policy_v1.csv,g4_g3_owner_policy_revision_v1.csv
NGIQ-BR-00000710,"ZI (Thalamus, zona incerta) left",left,JULICH_BRAIN_CYTOARCHITECTONIC_ATLAS_V3_1_ZI_THALAMUS_ZONA_INCERTA,ZI_THALAMUS_ZONA_INCERTA_LEFT.nii.gz,CONFLICT_REVIEW,DIFFUSE_ASSOCIATION,N/A,OWNER_SCIENTIFIC_REVIEWED,False,False,,G4_G3_FINAL_SCIENTIFIC_POLICY_V1,g4_g3_scientific_decision_policy_v1.csv,g4_g3_owner_policy_revision_v1.csv
NGIQ-BR-00000711,CGM (Metathalamus) right,right,JULICH_BRAIN_CYTOARCHITECTONIC_ATLAS_V3_1_CGM_METATHALAMUS,CGM_METATHALAMUS_RIGHT.nii.gz,CONFLICT_REVIEW,HIGH_FRAGMENTATION,N/A,OWNER_SCIENTIFIC_REVIEWED,False,False,,G4_G3_FINAL_SCIENTIFIC_POLICY_V1,g4_g3_scientific_decision_policy_v1.csv,g4_g3_owner_policy_revision_v1.csv
NGIQ-BR-00000712,CGM (Metathalamus) left,left,JULICH_BRAIN_CYTOARCHITECTONIC_ATLAS_V3_1_CGM_METATHALAMUS,CGM_METATHALAMUS_LEFT.nii.gz,CONFLICT_REVIEW,HIGH_FRAGMENTATION,N/A,OWNER_SCIENTIFIC_REVIEWED,False,False,,G4_G3_FINAL_SCIENTIFIC_POLICY_V1,g4_g3_scientific_decision_policy_v1.csv,g4_g3_owner_policy_revision_v1.csv
NGIQ-BR-00000713,CGL (Metathalamus) right,right,JULICH_BRAIN_CYTOARCHITECTONIC_ATLAS_V3_1_CGL_METATHALAMUS,CGL_METATHALAMUS_RIGHT.nii.gz,CONFLICT_REVIEW,PROBABILITY_HARDLABEL_TOP1_DISAGREEMENT,N/A,OWNER_SCIENTIFIC_REVIEWED,False,False,,G4_G3_FINAL_SCIENTIFIC_POLICY_V1,g4_g3_scientific_decision_policy_v1.csv,g4_g3_owner_policy_revision_v1.csv
NGIQ-BR-00000714,CGL (Metathalamus) left,left,JULICH_BRAIN_CYTOARCHITECTONIC_ATLAS_V3_1_CGL_METATHALAMUS,CGL_METATHALAMUS_LEFT.nii.gz,CONFLICT_REVIEW,HIGH_FRAGMENTATION,N/A,OWNER_SCIENTIFIC_REVIEWED,False,False,,G4_G3_FINAL_SCIENTIFIC_POLICY_V1,g4_g3_scientific_decision_policy_v1.csv,g4_g3_owner_policy_revision_v1.csv
NGIQ-BR-00000715,"MV (Thalamus, medioventral Nucleus) right",right,JULICH_BRAIN_CYTOARCHITECTONIC_ATLAS_V3_1_MV_THALAMUS_MEDIOVENTRAL_NUCLEUS,MV_THALAMUS_MEDIOVENTRAL_NUCLEUS_RIGHT.nii.gz,CONFLICT_REVIEW,PARTIAL_TARGET_EVIDENCE_INCONSISTENT,N/A,OWNER_SCIENTIFIC_REVIEWED,False,False,,G4_G3_FINAL_SCIENTIFIC_POLICY_V1,g4_g3_scientific_decision_policy_v1.csv,g4_g3_owner_policy_revision_v1.csv
NGIQ-BR-00000721,"Po (Thalamus, posterior Nucleus) right",right,JULICH_BRAIN_CYTOARCHITECTONIC_ATLAS_V3_1_PO_THALAMUS_POSTERIOR_NUCLEUS,PO_THALAMUS_POSTERIOR_NUCLEUS_RIGHT.nii.gz,CONFLICT_REVIEW,HIGH_FRAGMENTATION,N/A,OWNER_SCIENTIFIC_REVIEWED,False,False,,G4_G3_FINAL_SCIENTIFIC_POLICY_V1,g4_g3_scientific_decision_policy_v1.csv,g4_g3_owner_policy_revision_v1.csv
NGIQ-BR-00000727,"Li (Thalamus, limitans Nucleus) right",right,JULICH_BRAIN_CYTOARCHITECTONIC_ATLAS_V3_1_LI_THALAMUS_LIMITANS_NUCLEUS,LI_THALAMUS_LIMITANS_NUCLEUS_RIGHT.nii.gz,CONFLICT_REVIEW,HIGH_FRAGMENTATION,N/A,OWNER_SCIENTIFIC_REVIEWED,False,False,,G4_G3_FINAL_SCIENTIFIC_POLICY_V1,g4_g3_scientific_decision_policy_v1.csv,g4_g3_owner_policy_revision_v1.csv
NGIQ-BR-00000728,"Li (Thalamus, limitans Nucleus) left",left,JULICH_BRAIN_CYTOARCHITECTONIC_ATLAS_V3_1_LI_THALAMUS_LIMITANS_NUCLEUS,LI_THALAMUS_LIMITANS_NUCLEUS_LEFT.nii.gz,CONFLICT_REVIEW,HIGH_FRAGMENTATION,N/A,OWNER_SCIENTIFIC_REVIEWED,False,False,,G4_G3_FINAL_SCIENTIFIC_POLICY_V1,g4_g3_scientific_decision_policy_v1.csv,g4_g3_owner_policy_revision_v1.csv
NGIQ-BR-00000729,"Sg (Thalamus, suprageniculate Nucleus) right",right,JULICH_BRAIN_CYTOARCHITECTONIC_ATLAS_V3_1_SG_THALAMUS_SUPRAGENICULATE_NUCLEUS,SG_THALAMUS_SUPRAGENICULATE_NUCLEUS_RIGHT.nii.gz,CONFLICT_REVIEW,HIGH_FRAGMENTATION,N/A,OWNER_SCIENTIFIC_REVIEWED,False,False,,G4_G3_FINAL_SCIENTIFIC_POLICY_V1,g4_g3_scientific_decision_policy_v1.csv,g4_g3_owner_policy_revision_v1.csv
NGIQ-BR-00000730,"Sg (Thalamus, suprageniculate Nucleus) left",left,JULICH_BRAIN_CYTOARCHITECTONIC_ATLAS_V3_1_SG_THALAMUS_SUPRAGENICULATE_NUCLEUS,SG_THALAMUS_SUPRAGENICULATE_NUCLEUS_LEFT.nii.gz,CONFLICT_REVIEW,HIGH_FRAGMENTATION,N/A,OWNER_SCIENTIFIC_REVIEWED,False,False,,G4_G3_FINAL_SCIENTIFIC_POLICY_V1,g4_g3_scientific_decision_policy_v1.csv,g4_g3_owner_policy_revision_v1.csv
NGIQ-BR-00000731,"LP (Thalamus, lateral posterior Nucleus) right",right,JULICH_BRAIN_CYTOARCHITECTONIC_ATLAS_V3_1_LP_THALAMUS_LATERAL_POSTERIOR_NUCLEUS,LP_THALAMUS_LATERAL_POSTERIOR_NUCLEUS_RIGHT.nii.gz,CONFLICT_REVIEW,HIGH_FRAGMENTATION,N/A,OWNER_SCIENTIFIC_REVIEWED,False,False,,G4_G3_FINAL_SCIENTIFIC_POLICY_V1,g4_g3_scientific_decision_policy_v1.csv,g4_g3_owner_policy_revision_v1.csv
NGIQ-BR-00000732,"LP (Thalamus, lateral posterior Nucleus) left",left,JULICH_BRAIN_CYTOARCHITECTONIC_ATLAS_V3_1_LP_THALAMUS_LATERAL_POSTERIOR_NUCLEUS,LP_THALAMUS_LATERAL_POSTERIOR_NUCLEUS_LEFT.nii.gz,CONFLICT_REVIEW,PROBABILITY_HARDLABEL_TOP1_DISAGREEMENT,N/A,OWNER_SCIENTIFIC_REVIEWED,False,False,,G4_G3_FINAL_SCIENTIFIC_POLICY_V1,g4_g3_scientific_decision_policy_v1.csv,g4_g3_owner_policy_revision_v1.csv
NGIQ-BR-00000733,"PUi (Thalamus, inferior pulvinar) right",right,JULICH_BRAIN_CYTOARCHITECTONIC_ATLAS_V3_1_PUI_THALAMUS_INFERIOR_PULVINAR,PUI_THALAMUS_INFERIOR_PULVINAR_RIGHT.nii.gz,CONFLICT_REVIEW,PROBABILITY_HARDLABEL_TOP1_DISAGREEMENT,N/A,OWNER_SCIENTIFIC_REVIEWED,False,False,,G4_G3_FINAL_SCIENTIFIC_POLICY_V1,g4_g3_scientific_decision_policy_v1.csv,g4_g3_owner_policy_revision_v1.csv
NGIQ-BR-00000734,"PUi (Thalamus, inferior pulvinar) left",left,JULICH_BRAIN_CYTOARCHITECTONIC_ATLAS_V3_1_PUI_THALAMUS_INFERIOR_PULVINAR,PUI_THALAMUS_INFERIOR_PULVINAR_LEFT.nii.gz,CONFLICT_REVIEW,HIGH_FRAGMENTATION,N/A,OWNER_SCIENTIFIC_REVIEWED,False,False,,G4_G3_FINAL_SCIENTIFIC_POLICY_V1,g4_g3_scientific_decision_policy_v1.csv,g4_g3_owner_policy_revision_v1.csv
NGIQ-BR-00000743,"VPMpc (Thalamus, ventral posterior medial Nucleus, parvocellular part) right",right,JULICH_BRAIN_CYTOARCHITECTONIC_ATLAS_V3_1_VPMPC_THALAMUS_VENTRAL_POSTERIOR_MEDIAL_NUCLEUS_PARVOCELLULAR_PART,VPMPC_THALAMUS_VENTRAL_POSTERIOR_MEDIAL_NUCLEUS_PARVOCELLULAR_PART_RIGHT.nii.gz,CONFLICT_REVIEW,DIFFUSE_ASSOCIATION,N/A,OWNER_SCIENTIFIC_REVIEWED,False,False,,G4_G3_FINAL_SCIENTIFIC_POLICY_V1,g4_g3_scientific_decision_policy_v1.csv,g4_g3_owner_policy_revision_v1.csv
NGIQ-BR-00000744,"VPMpc (Thalamus, ventral posterior medial Nucleus, parvocellular part) left",left,JULICH_BRAIN_CYTOARCHITECTONIC_ATLAS_V3_1_VPMPC_THALAMUS_VENTRAL_POSTERIOR_MEDIAL_NUCLEUS_PARVOCELLULAR_PART,VPMPC_THALAMUS_VENTRAL_POSTERIOR_MEDIAL_NUCLEUS_PARVOCELLULAR_PART_LEFT.nii.gz,CONFLICT_REVIEW,LOW_DOMINANCE,N/A,OWNER_SCIENTIFIC_REVIEWED,False,False,,G4_G3_FINAL_SCIENTIFIC_POLICY_V1,g4_g3_scientific_decision_policy_v1.csv,g4_g3_owner_policy_revision_v1.csv
NGIQ-BR-00000745,"VPi (Thalamus, ventroposterior inferior Nucleus) right",right,JULICH_BRAIN_CYTOARCHITECTONIC_ATLAS_V3_1_VPI_THALAMUS_VENTROPOSTERIOR_INFERIOR_NUCLEUS,VPI_THALAMUS_VENTROPOSTERIOR_INFERIOR_NUCLEUS_RIGHT.nii.gz,CONFLICT_REVIEW,DIFFUSE_ASSOCIATION,N/A,OWNER_SCIENTIFIC_REVIEWED,False,False,,G4_G3_FINAL_SCIENTIFIC_POLICY_V1,g4_g3_scientific_decision_policy_v1.csv,g4_g3_owner_policy_revision_v1.csv
NGIQ-BR-00000746,"VPi (Thalamus, ventroposterior inferior Nucleus) left",left,JULICH_BRAIN_CYTOARCHITECTONIC_ATLAS_V3_1_VPI_THALAMUS_VENTROPOSTERIOR_INFERIOR_NUCLEUS,VPI_THALAMUS_VENTROPOSTERIOR_INFERIOR_NUCLEUS_LEFT.nii.gz,CONFLICT_REVIEW,DIFFUSE_ASSOCIATION,N/A,OWNER_SCIENTIFIC_REVIEWED,False,False,,G4_G3_FINAL_SCIENTIFIC_POLICY_V1,g4_g3_scientific_decision_policy_v1.csv,g4_g3_owner_policy_revision_v1.csv
NGIQ-BR-00000750,"VLP (Thalamus, ventral lateral posterior Nucleus) left",left,JULICH_BRAIN_CYTOARCHITECTONIC_ATLAS_V3_1_VLP_THALAMUS_VENTRAL_LATERAL_POSTERIOR_NUCLEUS,VLP_THALAMUS_VENTRAL_LATERAL_POSTERIOR_NUCLEUS_LEFT.nii.gz,CONFLICT_REVIEW,HIGH_FRAGMENTATION,N/A,OWNER_SCIENTIFIC_REVIEWED,False,False,,G4_G3_FINAL_SCIENTIFIC_POLICY_V1,g4_g3_scientific_decision_policy_v1.csv,g4_g3_owner_policy_revision_v1.csv
NGIQ-BR-00000753,"VM (Thalamus, ventral medial Nucleus) right",right,JULICH_BRAIN_CYTOARCHITECTONIC_ATLAS_V3_1_VM_THALAMUS_VENTRAL_MEDIAL_NUCLEUS,VM_THALAMUS_VENTRAL_MEDIAL_NUCLEUS_RIGHT.nii.gz,CONFLICT_REVIEW,LOW_DOMINANCE,N/A,OWNER_SCIENTIFIC_REVIEWED,False,False,,G4_G3_FINAL_SCIENTIFIC_POLICY_V1,g4_g3_scientific_decision_policy_v1.csv,g4_g3_owner_policy_revision_v1.csv
NGIQ-BR-00000756,"VA (Thalamus, ventral anterior Nucleus (ventral)) left",left,JULICH_BRAIN_CYTOARCHITECTONIC_ATLAS_V3_1_VA_THALAMUS_VENTRAL_ANTERIOR_NUCLEUS_VENTRAL,VA_THALAMUS_VENTRAL_ANTERIOR_NUCLEUS_VENTRAL_LEFT.nii.gz,CONFLICT_REVIEW,PROBABILITY_HARDLABEL_TOP1_DISAGREEMENT,N/A,OWNER_SCIENTIFIC_REVIEWED,False,False,,G4_G3_FINAL_SCIENTIFIC_POLICY_V1,g4_g3_scientific_decision_policy_v1.csv,g4_g3_owner_policy_revision_v1.csv
NGIQ-BR-00000760,"VAmc (Thalamus, ventral anterior Nucleus, magnocellular part) left",left,JULICH_BRAIN_CYTOARCHITECTONIC_ATLAS_V3_1_VAMC_THALAMUS_VENTRAL_ANTERIOR_NUCLEUS_MAGNOCELLULAR_PART,VAMC_THALAMUS_VENTRAL_ANTERIOR_NUCLEUS_MAGNOCELLULAR_PART_LEFT.nii.gz,CONFLICT_REVIEW,HIGH_FRAGMENTATION,N/A,OWNER_SCIENTIFIC_REVIEWED,False,False,,G4_G3_FINAL_SCIENTIFIC_POLICY_V1,g4_g3_scientific_decision_policy_v1.csv,g4_g3_owner_policy_revision_v1.csv
NGIQ-BR-00000763,"sPf (Thalamus, subparafascicular Nucleus) right",right,JULICH_BRAIN_CYTOARCHITECTONIC_ATLAS_V3_1_SPF_THALAMUS_SUBPARAFASCICULAR_NUCLEUS,SPF_THALAMUS_SUBPARAFASCICULAR_NUCLEUS_RIGHT.nii.gz,CONFLICT_REVIEW,DIFFUSE_ASSOCIATION,N/A,OWNER_SCIENTIFIC_REVIEWED,False,False,,G4_G3_FINAL_SCIENTIFIC_POLICY_V1,g4_g3_scientific_decision_policy_v1.csv,g4_g3_owner_policy_revision_v1.csv
NGIQ-BR-00000764,"sPf (Thalamus, subparafascicular Nucleus) left",left,JULICH_BRAIN_CYTOARCHITECTONIC_ATLAS_V3_1_SPF_THALAMUS_SUBPARAFASCICULAR_NUCLEUS,SPF_THALAMUS_SUBPARAFASCICULAR_NUCLEUS_LEFT.nii.gz,CONFLICT_REVIEW,LOW_DOMINANCE,N/A,OWNER_SCIENTIFIC_REVIEWED,False,False,,G4_G3_FINAL_SCIENTIFIC_POLICY_V1,g4_g3_scientific_decision_policy_v1.csv,g4_g3_owner_policy_revision_v1.csv
NGIQ-BR-00000765,"Pf (Thalamus, parafascicular Nucleus) right",right,JULICH_BRAIN_CYTOARCHITECTONIC_ATLAS_V3_1_PF_THALAMUS_PARAFASCICULAR_NUCLEUS,PF_THALAMUS_PARAFASCICULAR_NUCLEUS_RIGHT.nii.gz,CONFLICT_REVIEW,HIGH_FRAGMENTATION,N/A,OWNER_SCIENTIFIC_REVIEWED,False,False,,G4_G3_FINAL_SCIENTIFIC_POLICY_V1,g4_g3_scientific_decision_policy_v1.csv,g4_g3_owner_policy_revision_v1.csv
NGIQ-BR-00000769,"CL (Thalamus, anterior intralaminar nuclei) right",right,JULICH_BRAIN_CYTOARCHITECTONIC_ATLAS_V3_1_CL_THALAMUS_ANTERIOR_INTRALAMINAR_NUCLEI,CL_THALAMUS_ANTERIOR_INTRALAMINAR_NUCLEI_RIGHT.nii.gz,CONFLICT_REVIEW,PROBABILITY_HARDLABEL_TOP1_DISAGREEMENT,N/A,OWNER_SCIENTIFIC_REVIEWED,False,False,,G4_G3_FINAL_SCIENTIFIC_POLICY_V1,g4_g3_scientific_decision_policy_v1.csv,g4_g3_owner_policy_revision_v1.csv
NGIQ-BR-00000770,"CL (Thalamus, anterior intralaminar nuclei) left",left,JULICH_BRAIN_CYTOARCHITECTONIC_ATLAS_V3_1_CL_THALAMUS_ANTERIOR_INTRALAMINAR_NUCLEI,CL_THALAMUS_ANTERIOR_INTRALAMINAR_NUCLEI_LEFT.nii.gz,CONFLICT_REVIEW,PROBABILITY_HARDLABEL_TOP1_DISAGREEMENT,N/A,OWNER_SCIENTIFIC_REVIEWED,False,False,,G4_G3_FINAL_SCIENTIFIC_POLICY_V1,g4_g3_scientific_decision_policy_v1.csv,g4_g3_owner_policy_revision_v1.csv
