canonical_g4_id,canonical_g4_name,hemisphere,spatial_component_id,relation,target_g3_id,target_coverage,source_pp_top1_g4_weighted,source_hard_total_bna_coverage,source_bna_uncovered_fraction,decision_reason_code,future_rollup_eligible,future_primary_rollup,decision_policy_version,preliminary_relation_status
NGIQ-BR-00000338,"AcbL (Ventral Striatum, Lateral Accumbens) left",left,JULICH_BRAIN_CYTOARCHITECTONIC_ATLAS_V3_1_ACBL_VENTRAL_STRIATUM_LATERAL_ACCUMBENS,APPROVE_CONTAINED_IN,NGIQ-BR-00000224,0.840014,0.6224008,0.97491725,0.02508275,CONTAINED_CRITERIA_V1,True,True,G4_G3_SCIENTIFIC_POLICY_V1,PENDING_OWNER_REVIEW
NGIQ-BR-00000337,"AcbL (Ventral Striatum, Lateral Accumbens) right",right,JULICH_BRAIN_CYTOARCHITECTONIC_ATLAS_V3_1_ACBL_VENTRAL_STRIATUM_LATERAL_ACCUMBENS,APPROVE_CONTAINED_IN,NGIQ-BR-00000225,0.906457,0.7705297,0.97860948,0.02139052,CONTAINED_CRITERIA_V1,True,True,G4_G3_SCIENTIFIC_POLICY_V1,PENDING_OWNER_REVIEW
NGIQ-BR-00000336,"AcbM (Ventral Striatum, Medial Accumbens) left",left,JULICH_BRAIN_CYTOARCHITECTONIC_ATLAS_V3_1_ACBM_VENTRAL_STRIATUM_MEDIAL_ACCUMBENS,APPROVE_DOMINANT_OVERLAP,NGIQ-BR-00000224,0.661279,0.57669878,0.92286412,0.07713588,DOMINANT_CRITERIA_V1,False,False,G4_G3_SCIENTIFIC_POLICY_V1,PENDING_OWNER_REVIEW
NGIQ-BR-00000335,"AcbM (Ventral Striatum, Medial Accumbens) right",right,JULICH_BRAIN_CYTOARCHITECTONIC_ATLAS_V3_1_ACBM_VENTRAL_STRIATUM_MEDIAL_ACCUMBENS,APPROVE_CONTAINED_IN,NGIQ-BR-00000225,0.924439,0.78932556,0.97882002,0.02117998,CONTAINED_CRITERIA_V1,True,True,G4_G3_SCIENTIFIC_POLICY_V1,PENDING_OWNER_REVIEW
NGIQ-BR-00000742,"AM (Thalamus, anteromedial Nucleus) left",left,JULICH_BRAIN_CYTOARCHITECTONIC_ATLAS_V3_1_AM_THALAMUS_ANTEROMEDIAL_NUCLEUS,APPROVE_DOMINANT_OVERLAP,NGIQ-BR-00000237,0.653745,0.53793571,0.85484745,0.14515255,DOMINANT_CRITERIA_V1,False,False,G4_G3_SCIENTIFIC_POLICY_V1,PENDING_OWNER_REVIEW
NGIQ-BR-00000741,"AM (Thalamus, anteromedial Nucleus) right",right,JULICH_BRAIN_CYTOARCHITECTONIC_ATLAS_V3_1_AM_THALAMUS_ANTEROMEDIAL_NUCLEUS,PARTIAL_OVERLAP,NGIQ-BR-00000238,0.411492,0.32252534,0.87577485,0.12422515,PARTIAL_CRITERIA_V1,False,False,G4_G3_SCIENTIFIC_POLICY_V1,PENDING_OWNER_REVIEW
NGIQ-BR-00000741,"AM (Thalamus, anteromedial Nucleus) right",right,JULICH_BRAIN_CYTOARCHITECTONIC_ATLAS_V3_1_AM_THALAMUS_ANTEROMEDIAL_NUCLEUS,PARTIAL_OVERLAP,NGIQ-BR-00000244,0.281441,0.32252534,0.87577485,0.12422515,PARTIAL_CRITERIA_V1,False,False,G4_G3_SCIENTIFIC_POLICY_V1,PENDING_OWNER_REVIEW
NGIQ-BR-00000398,Area 1 (PostCG) left,left,JULICH_BRAIN_CYTOARCHITECTONIC_ATLAS_V3_1_AREA_1_POSTCG,PARTIAL_OVERLAP,NGIQ-BR-00000163,0.334574,0.30765171,0.92900143,0.07099857,PARTIAL_CRITERIA_V1,False,False,G4_G3_SCIENTIFIC_POLICY_V1,PENDING_OWNER_REVIEW
NGIQ-BR-00000398,Area 1 (PostCG) left,left,JULICH_BRAIN_CYTOARCHITECTONIC_ATLAS_V3_1_AREA_1_POSTCG,PARTIAL_OVERLAP,NGIQ-BR-00000167,0.283572,0.30765171,0.92900143,0.07099857,PARTIAL_CRITERIA_V1,False,False,G4_G3_SCIENTIFIC_POLICY_V1,PENDING_OWNER_REVIEW
NGIQ-BR-00000398,Area 1 (PostCG) left,left,JULICH_BRAIN_CYTOARCHITECTONIC_ATLAS_V3_1_AREA_1_POSTCG,PARTIAL_OVERLAP,NGIQ-BR-00000169,0.187196,0.30765171,0.92900143,0.07099857,PARTIAL_CRITERIA_V1,False,False,G4_G3_SCIENTIFIC_POLICY_V1,PENDING_OWNER_REVIEW
NGIQ-BR-00000397,Area 1 (PostCG) right,right,JULICH_BRAIN_CYTOARCHITECTONIC_ATLAS_V3_1_AREA_1_POSTCG,PARTIAL_OVERLAP,NGIQ-BR-00000164,0.366828,0.3132638,0.93007103,0.06992897,PARTIAL_CRITERIA_V1,False,False,G4_G3_SCIENTIFIC_POLICY_V1,PENDING_OWNER_REVIEW
NGIQ-BR-00000397,Area 1 (PostCG) right,right,JULICH_BRAIN_CYTOARCHITECTONIC_ATLAS_V3_1_AREA_1_POSTCG,PARTIAL_OVERLAP,NGIQ-BR-00000168,0.322612,0.3132638,0.93007103,0.06992897,PARTIAL_CRITERIA_V1,False,False,G4_G3_SCIENTIFIC_POLICY_V1,PENDING_OWNER_REVIEW
NGIQ-BR-00000499,Area 44 (IFG) right,right,JULICH_BRAIN_CYTOARCHITECTONIC_ATLAS_V3_1_AREA_44_IFG,PARTIAL_OVERLAP,NGIQ-BR-00000050,0.323973,0.34995155,0.94178496,0.05821504,PARTIAL_CRITERIA_V1,False,False,G4_G3_SCIENTIFIC_POLICY_V1,PENDING_OWNER_REVIEW
NGIQ-BR-00000499,Area 44 (IFG) right,right,JULICH_BRAIN_CYTOARCHITECTONIC_ATLAS_V3_1_AREA_44_IFG,PARTIAL_OVERLAP,NGIQ-BR-00000056,0.437423,0.34995155,0.94178496,0.05821504,PARTIAL_CRITERIA_V1,False,False,G4_G3_SCIENTIFIC_POLICY_V1,PENDING_OWNER_REVIEW
NGIQ-BR-00000470,Area 4p (PreCG) left,left,JULICH_BRAIN_CYTOARCHITECTONIC_ATLAS_V3_1_AREA_4P_PRECG,PARTIAL_OVERLAP,NGIQ-BR-00000069,0.366558,0.35652833,0.85173968,0.14826032,PARTIAL_CRITERIA_V1,False,False,G4_G3_SCIENTIFIC_POLICY_V1,PENDING_OWNER_REVIEW
NGIQ-BR-00000470,Area 4p (PreCG) left,left,JULICH_BRAIN_CYTOARCHITECTONIC_ATLAS_V3_1_AREA_4P_PRECG,PARTIAL_OVERLAP,NGIQ-BR-00000073,0.300147,0.35652833,0.85173968,0.14826032,PARTIAL_CRITERIA_V1,False,False,G4_G3_SCIENTIFIC_POLICY_V1,PENDING_OWNER_REVIEW
NGIQ-BR-00000470,Area 4p (PreCG) left,left,JULICH_BRAIN_CYTOARCHITECTONIC_ATLAS_V3_1_AREA_4P_PRECG,PARTIAL_OVERLAP,NGIQ-BR-00000163,0.154013,0.35652833,0.85173968,0.14826032,PARTIAL_CRITERIA_V1,False,False,G4_G3_SCIENTIFIC_POLICY_V1,PENDING_OWNER_REVIEW
NGIQ-BR-00000469,Area 4p (PreCG) right,right,JULICH_BRAIN_CYTOARCHITECTONIC_ATLAS_V3_1_AREA_4P_PRECG,PARTIAL_OVERLAP,NGIQ-BR-00000070,0.173394,0.39593493,0.82538008,0.17461992,PARTIAL_CRITERIA_V1,False,False,G4_G3_SCIENTIFIC_POLICY_V1,PENDING_OWNER_REVIEW
NGIQ-BR-00000469,Area 4p (PreCG) right,right,JULICH_BRAIN_CYTOARCHITECTONIC_ATLAS_V3_1_AREA_4P_PRECG,PARTIAL_OVERLAP,NGIQ-BR-00000074,0.424596,0.39593493,0.82538008,0.17461992,PARTIAL_CRITERIA_V1,False,False,G4_G3_SCIENTIFIC_POLICY_V1,PENDING_OWNER_REVIEW
NGIQ-BR-00000469,Area 4p (PreCG) right,right,JULICH_BRAIN_CYTOARCHITECTONIC_ATLAS_V3_1_AREA_4P_PRECG,PARTIAL_OVERLAP,NGIQ-BR-00000164,0.22331,0.39593493,0.82538008,0.17461992,PARTIAL_CRITERIA_V1,False,False,G4_G3_SCIENTIFIC_POLICY_V1,PENDING_OWNER_REVIEW
NGIQ-BR-00000391,Area 5Ci (SPL) right,right,JULICH_BRAIN_CYTOARCHITECTONIC_ATLAS_V3_1_AREA_5CI_SPL,PARTIAL_OVERLAP,NGIQ-BR-00000082,0.482898,0.50061938,0.89837548,0.10162452,PARTIAL_CRITERIA_V1,False,False,G4_G3_SCIENTIFIC_POLICY_V1,PENDING_OWNER_REVIEW
NGIQ-BR-00000391,Area 5Ci (SPL) right,right,JULICH_BRAIN_CYTOARCHITECTONIC_ATLAS_V3_1_AREA_5CI_SPL,PARTIAL_OVERLAP,NGIQ-BR-00000158,0.150913,0.50061938,0.89837548,0.10162452,PARTIAL_CRITERIA_V1,False,False,G4_G3_SCIENTIFIC_POLICY_V1,PENDING_OWNER_REVIEW
NGIQ-BR-00000391,Area 5Ci (SPL) right,right,JULICH_BRAIN_CYTOARCHITECTONIC_ATLAS_V3_1_AREA_5CI_SPL,PARTIAL_OVERLAP,NGIQ-BR-00000192,0.255178,0.50061938,0.89837548,0.10162452,PARTIAL_CRITERIA_V1,False,False,G4_G3_SCIENTIFIC_POLICY_V1,PENDING_OWNER_REVIEW
NGIQ-BR-00000381,Area 5L (SPL) right,right,JULICH_BRAIN_CYTOARCHITECTONIC_ATLAS_V3_1_AREA_5L_SPL,PARTIAL_OVERLAP,NGIQ-BR-00000142,0.46452,0.37349612,0.86248924,0.13751076,PARTIAL_CRITERIA_V1,False,False,G4_G3_SCIENTIFIC_POLICY_V1,PENDING_OWNER_REVIEW
NGIQ-BR-00000381,Area 5L (SPL) right,right,JULICH_BRAIN_CYTOARCHITECTONIC_ATLAS_V3_1_AREA_5L_SPL,PARTIAL_OVERLAP,NGIQ-BR-00000158,0.216613,0.37349612,0.86248924,0.13751076,PARTIAL_CRITERIA_V1,False,False,G4_G3_SCIENTIFIC_POLICY_V1,PENDING_OWNER_REVIEW
NGIQ-BR-00000388,Area 5M (SPL) left,left,JULICH_BRAIN_CYTOARCHITECTONIC_ATLAS_V3_1_AREA_5M_SPL,PARTIAL_OVERLAP,NGIQ-BR-00000081,0.377353,0.46007256,0.90610367,0.09389633,PARTIAL_CRITERIA_V1,False,False,G4_G3_SCIENTIFIC_POLICY_V1,PENDING_OWNER_REVIEW
NGIQ-BR-00000388,Area 5M (SPL) left,left,JULICH_BRAIN_CYTOARCHITECTONIC_ATLAS_V3_1_AREA_5M_SPL,PARTIAL_OVERLAP,NGIQ-BR-00000157,0.307758,0.46007256,0.90610367,0.09389633,PARTIAL_CRITERIA_V1,False,False,G4_G3_SCIENTIFIC_POLICY_V1,PENDING_OWNER_REVIEW
NGIQ-BR-00000451,Area 6d2 (PreCG) right,right,JULICH_BRAIN_CYTOARCHITECTONIC_ATLAS_V3_1_AREA_6D2_PRECG,APPROVE_DOMINANT_OVERLAP,NGIQ-BR-00000026,0.595766,0.41150728,0.85282366,0.14717634,DOMINANT_CRITERIA_V1,False,False,G4_G3_SCIENTIFIC_POLICY_V1,PENDING_OWNER_REVIEW
NGIQ-BR-00000456,"Area 6ma (preSMA, mesial SFG) left",left,JULICH_BRAIN_CYTOARCHITECTONIC_ATLAS_V3_1_AREA_6MA_PRESMA_MESIAL_SFG,PARTIAL_OVERLAP,NGIQ-BR-00000001,0.519237,0.45909,0.91032331,0.08967669,PARTIAL_CRITERIA_V1,False,False,G4_G3_SCIENTIFIC_POLICY_V1,PENDING_OWNER_REVIEW
NGIQ-BR-00000456,"Area 6ma (preSMA, mesial SFG) left",left,JULICH_BRAIN_CYTOARCHITECTONIC_ATLAS_V3_1_AREA_6MA_PRESMA_MESIAL_SFG,PARTIAL_OVERLAP,NGIQ-BR-00000027,0.388456,0.45909,0.91032331,0.08967669,PARTIAL_CRITERIA_V1,False,False,G4_G3_SCIENTIFIC_POLICY_V1,PENDING_OWNER_REVIEW
NGIQ-BR-00000455,"Area 6ma (preSMA, mesial SFG) right",right,JULICH_BRAIN_CYTOARCHITECTONIC_ATLAS_V3_1_AREA_6MA_PRESMA_MESIAL_SFG,APPROVE_DOMINANT_OVERLAP,NGIQ-BR-00000002,0.542561,0.46408302,0.88807468,0.11192532,DOMINANT_CRITERIA_V1,False,False,G4_G3_SCIENTIFIC_POLICY_V1,PENDING_OWNER_REVIEW
NGIQ-BR-00000462,"Area 6mp (SMA, mesial SFG) left",left,JULICH_BRAIN_CYTOARCHITECTONIC_ATLAS_V3_1_AREA_6MP_SMA_MESIAL_SFG,APPROVE_DOMINANT_OVERLAP,NGIQ-BR-00000027,0.763391,0.74409859,0.90779036,0.09220964,DOMINANT_CRITERIA_V1,False,False,G4_G3_SCIENTIFIC_POLICY_V1,PENDING_OWNER_REVIEW
NGIQ-BR-00000461,"Area 6mp (SMA, mesial SFG) right",right,JULICH_BRAIN_CYTOARCHITECTONIC_ATLAS_V3_1_AREA_6MP_SMA_MESIAL_SFG,APPROVE_DOMINANT_OVERLAP,NGIQ-BR-00000028,0.543954,0.53337979,0.90164734,0.09835266,DOMINANT_CRITERIA_V1,False,False,G4_G3_SCIENTIFIC_POLICY_V1,PENDING_OWNER_REVIEW
NGIQ-BR-00000447,Area 6r1 (PreCG) right,right,JULICH_BRAIN_CYTOARCHITECTONIC_ATLAS_V3_1_AREA_6R1_PRECG,PARTIAL_OVERLAP,NGIQ-BR-00000056,0.182173,0.2914833,0.95865976,0.04134024,PARTIAL_CRITERIA_V1,False,False,G4_G3_SCIENTIFIC_POLICY_V1,PENDING_OWNER_REVIEW
NGIQ-BR-00000447,Area 6r1 (PreCG) right,right,JULICH_BRAIN_CYTOARCHITECTONIC_ATLAS_V3_1_AREA_6R1_PRECG,PARTIAL_OVERLAP,NGIQ-BR-00000078,0.22447,0.2914833,0.95865976,0.04134024,PARTIAL_CRITERIA_V1,False,False,G4_G3_SCIENTIFIC_POLICY_V1,PENDING_OWNER_REVIEW
NGIQ-BR-00000447,Area 6r1 (PreCG) right,right,JULICH_BRAIN_CYTOARCHITECTONIC_ATLAS_V3_1_AREA_6R1_PRECG,PARTIAL_OVERLAP,NGIQ-BR-00000080,0.397634,0.2914833,0.95865976,0.04134024,PARTIAL_CRITERIA_V1,False,False,G4_G3_SCIENTIFIC_POLICY_V1,PENDING_OWNER_REVIEW
NGIQ-BR-00000450,Area 6v1 (PreCG) left,left,JULICH_BRAIN_CYTOARCHITECTONIC_ATLAS_V3_1_AREA_6V1_PRECG,PARTIAL_OVERLAP,NGIQ-BR-00000043,0.489631,0.38128372,0.95085973,0.04914027,PARTIAL_CRITERIA_V1,False,False,G4_G3_SCIENTIFIC_POLICY_V1,PENDING_OWNER_REVIEW
NGIQ-BR-00000450,Area 6v1 (PreCG) left,left,JULICH_BRAIN_CYTOARCHITECTONIC_ATLAS_V3_1_AREA_6V1_PRECG,PARTIAL_OVERLAP,NGIQ-BR-00000071,0.379494,0.38128372,0.95085973,0.04914027,PARTIAL_CRITERIA_V1,False,False,G4_G3_SCIENTIFIC_POLICY_V1,PENDING_OWNER_REVIEW
NGIQ-BR-00000446,Area 6v2 (PreCG) left,left,JULICH_BRAIN_CYTOARCHITECTONIC_ATLAS_V3_1_AREA_6V2_PRECG,PARTIAL_OVERLAP,NGIQ-BR-00000035,0.288072,0.38501909,0.92020914,0.07979086,PARTIAL_CRITERIA_V1,False,False,G4_G3_SCIENTIFIC_POLICY_V1,PENDING_OWNER_REVIEW
NGIQ-BR-00000446,Area 6v2 (PreCG) left,left,JULICH_BRAIN_CYTOARCHITECTONIC_ATLAS_V3_1_AREA_6V2_PRECG,PARTIAL_OVERLAP,NGIQ-BR-00000079,0.471361,0.38501909,0.92020914,0.07979086,PARTIAL_CRITERIA_V1,False,False,G4_G3_SCIENTIFIC_POLICY_V1,PENDING_OWNER_REVIEW
NGIQ-BR-00000444,Area 6v3 (PreCG) left,left,JULICH_BRAIN_CYTOARCHITECTONIC_ATLAS_V3_1_AREA_6V3_PRECG,APPROVE_DOMINANT_OVERLAP,NGIQ-BR-00000079,0.538672,0.44572155,0.86690081,0.13309919,DOMINANT_CRITERIA_V1,False,False,G4_G3_SCIENTIFIC_POLICY_V1,PENDING_OWNER_REVIEW
NGIQ-BR-00000443,Area 6v3 (PreCG) right,right,JULICH_BRAIN_CYTOARCHITECTONIC_ATLAS_V3_1_AREA_6V3_PRECG,PARTIAL_OVERLAP,NGIQ-BR-00000070,0.219213,0.35026664,0.85904877,0.14095123,PARTIAL_CRITERIA_V1,False,False,G4_G3_SCIENTIFIC_POLICY_V1,PENDING_OWNER_REVIEW
NGIQ-BR-00000443,Area 6v3 (PreCG) right,right,JULICH_BRAIN_CYTOARCHITECTONIC_ATLAS_V3_1_AREA_6V3_PRECG,PARTIAL_OVERLAP,NGIQ-BR-00000080,0.455408,0.35026664,0.85904877,0.14095123,PARTIAL_CRITERIA_V1,False,False,G4_G3_SCIENTIFIC_POLICY_V1,PENDING_OWNER_REVIEW
NGIQ-BR-00000386,Area 7PC (SPL) left,left,JULICH_BRAIN_CYTOARCHITECTONIC_ATLAS_V3_1_AREA_7PC_SPL,PARTIAL_OVERLAP,NGIQ-BR-00000139,0.444714,0.37203811,0.92897605,0.07102395,PARTIAL_CRITERIA_V1,False,False,G4_G3_SCIENTIFIC_POLICY_V1,PENDING_OWNER_REVIEW
NGIQ-BR-00000386,Area 7PC (SPL) left,left,JULICH_BRAIN_CYTOARCHITECTONIC_ATLAS_V3_1_AREA_7PC_SPL,PARTIAL_OVERLAP,NGIQ-BR-00000141,0.222692,0.37203811,0.92897605,0.07102395,PARTIAL_CRITERIA_V1,False,False,G4_G3_SCIENTIFIC_POLICY_V1,PENDING_OWNER_REVIEW
NGIQ-BR-00000385,Area 7PC (SPL) right,right,JULICH_BRAIN_CYTOARCHITECTONIC_ATLAS_V3_1_AREA_7PC_SPL,PARTIAL_OVERLAP,NGIQ-BR-00000140,0.243644,0.34259185,0.88444451,0.11555549,PARTIAL_CRITERIA_V1,False,False,G4_G3_SCIENTIFIC_POLICY_V1,PENDING_OWNER_REVIEW
NGIQ-BR-00000385,Area 7PC (SPL) right,right,JULICH_BRAIN_CYTOARCHITECTONIC_ATLAS_V3_1_AREA_7PC_SPL,PARTIAL_OVERLAP,NGIQ-BR-00000142,0.43547,0.34259185,0.88444451,0.11555549,PARTIAL_CRITERIA_V1,False,False,G4_G3_SCIENTIFIC_POLICY_V1,PENDING_OWNER_REVIEW
NGIQ-BR-00000389,Area 7P (SPL) right,right,JULICH_BRAIN_CYTOARCHITECTONIC_ATLAS_V3_1_AREA_7P_SPL,APPROVE_DOMINANT_OVERLAP,NGIQ-BR-00000138,0.57236,0.39539669,0.93911182,0.06088818,DOMINANT_CRITERIA_V1,False,False,G4_G3_SCIENTIFIC_POLICY_V1,PENDING_OWNER_REVIEW
NGIQ-BR-00000526,Area 8d1 (SFG) left,left,JULICH_BRAIN_CYTOARCHITECTONIC_ATLAS_V3_1_AREA_8D1_SFG,APPROVE_DOMINANT_OVERLAP,NGIQ-BR-00000021,0.661139,0.47311355,0.97639328,0.02360672,DOMINANT_CRITERIA_V1,False,False,G4_G3_SCIENTIFIC_POLICY_V1,PENDING_OWNER_REVIEW
NGIQ-BR-00000525,Area 8d1 (SFG) right,right,JULICH_BRAIN_CYTOARCHITECTONIC_ATLAS_V3_1_AREA_8D1_SFG,PARTIAL_OVERLAP,NGIQ-BR-00000002,0.22928,0.34634593,0.97583301,0.02416699,PARTIAL_CRITERIA_V1,False,False,G4_G3_SCIENTIFIC_POLICY_V1,PENDING_OWNER_REVIEW
NGIQ-BR-00000525,Area 8d1 (SFG) right,right,JULICH_BRAIN_CYTOARCHITECTONIC_ATLAS_V3_1_AREA_8D1_SFG,PARTIAL_OVERLAP,NGIQ-BR-00000022,0.456989,0.34634593,0.97583301,0.02416699,PARTIAL_CRITERIA_V1,False,False,G4_G3_SCIENTIFIC_POLICY_V1,PENDING_OWNER_REVIEW
NGIQ-BR-00000525,Area 8d1 (SFG) right,right,JULICH_BRAIN_CYTOARCHITECTONIC_ATLAS_V3_1_AREA_8D1_SFG,PARTIAL_OVERLAP,NGIQ-BR-00000024,0.244201,0.34634593,0.97583301,0.02416699,PARTIAL_CRITERIA_V1,False,False,G4_G3_SCIENTIFIC_POLICY_V1,PENDING_OWNER_REVIEW
NGIQ-BR-00000524,Area 8d2 (SFG) left,left,JULICH_BRAIN_CYTOARCHITECTONIC_ATLAS_V3_1_AREA_8D2_SFG,APPROVE_DOMINANT_OVERLAP,NGIQ-BR-00000021,0.608105,0.48361674,0.91984566,0.08015434,DOMINANT_CRITERIA_V1,False,False,G4_G3_SCIENTIFIC_POLICY_V1,PENDING_OWNER_REVIEW
NGIQ-BR-00000523,Area 8d2 (SFG) right,right,JULICH_BRAIN_CYTOARCHITECTONIC_ATLAS_V3_1_AREA_8D2_SFG,APPROVE_DOMINANT_OVERLAP,NGIQ-BR-00000022,0.63091,0.54562311,0.84632045,0.15367955,DOMINANT_CRITERIA_V1,False,False,G4_G3_SCIENTIFIC_POLICY_V1,PENDING_OWNER_REVIEW
NGIQ-BR-00000506,Area 8v1 (MFG) left,left,JULICH_BRAIN_CYTOARCHITECTONIC_ATLAS_V3_1_AREA_8V1_MFG,APPROVE_DOMINANT_OVERLAP,NGIQ-BR-00000041,0.643136,0.43363409,0.95451121,0.04548879,DOMINANT_CRITERIA_V1,False,False,G4_G3_SCIENTIFIC_POLICY_V1,PENDING_OWNER_REVIEW
NGIQ-BR-00000504,Area 8v2 (MFG) left,left,JULICH_BRAIN_CYTOARCHITECTONIC_ATLAS_V3_1_AREA_8V2_MFG,APPROVE_DOMINANT_OVERLAP,NGIQ-BR-00000041,0.586793,0.37518265,0.92567043,0.07432957,DOMINANT_CRITERIA_V1,False,False,G4_G3_SCIENTIFIC_POLICY_V1,PENDING_OWNER_REVIEW
NGIQ-BR-00000594,Area CoS1 (CoS) left,left,JULICH_BRAIN_CYTOARCHITECTONIC_ATLAS_V3_1_AREA_COS1_COS,APPROVE_DOMINANT_OVERLAP,NGIQ-BR-00000115,0.509784,0.46948526,0.87325495,0.12674505,DOMINANT_CRITERIA_V1,False,False,G4_G3_SCIENTIFIC_POLICY_V1,PENDING_OWNER_REVIEW
NGIQ-BR-00000593,Area CoS1 (CoS) right,right,JULICH_BRAIN_CYTOARCHITECTONIC_ATLAS_V3_1_AREA_COS1_COS,PARTIAL_OVERLAP,NGIQ-BR-00000116,0.412535,0.39398167,0.82974602,0.17025398,PARTIAL_CRITERIA_V1,False,False,G4_G3_SCIENTIFIC_POLICY_V1,PENDING_OWNER_REVIEW
NGIQ-BR-00000593,Area CoS1 (CoS) right,right,JULICH_BRAIN_CYTOARCHITECTONIC_ATLAS_V3_1_AREA_COS1_COS,PARTIAL_OVERLAP,NGIQ-BR-00000120,0.158703,0.39398167,0.82974602,0.17025398,PARTIAL_CRITERIA_V1,False,False,G4_G3_SCIENTIFIC_POLICY_V1,PENDING_OWNER_REVIEW
NGIQ-BR-00000593,Area CoS1 (CoS) right,right,JULICH_BRAIN_CYTOARCHITECTONIC_ATLAS_V3_1_AREA_COS1_COS,PARTIAL_OVERLAP,NGIQ-BR-00000126,0.212289,0.39398167,0.82974602,0.17025398,PARTIAL_CRITERIA_V1,False,False,G4_G3_SCIENTIFIC_POLICY_V1,PENDING_OWNER_REVIEW
NGIQ-BR-00000606,Area FG1 (FusG) left,left,JULICH_BRAIN_CYTOARCHITECTONIC_ATLAS_V3_1_AREA_FG1_FUSG,APPROVE_DOMINANT_OVERLAP,NGIQ-BR-00000117,0.784051,0.63307075,0.93097007,0.06902993,DOMINANT_CRITERIA_V1,False,False,G4_G3_SCIENTIFIC_POLICY_V1,PENDING_OWNER_REVIEW
NGIQ-BR-00000605,Area FG1 (FusG) right,right,JULICH_BRAIN_CYTOARCHITECTONIC_ATLAS_V3_1_AREA_FG1_FUSG,APPROVE_DOMINANT_OVERLAP,NGIQ-BR-00000118,0.603804,0.53112525,0.91425456,0.08574544,DOMINANT_CRITERIA_V1,False,False,G4_G3_SCIENTIFIC_POLICY_V1,PENDING_OWNER_REVIEW
NGIQ-BR-00000602,Area FG2 (FusG) left,left,JULICH_BRAIN_CYTOARCHITECTONIC_ATLAS_V3_1_AREA_FG2_FUSG,PARTIAL_OVERLAP,NGIQ-BR-00000117,0.355026,0.40847432,0.96624795,0.03375205,PARTIAL_CRITERIA_V1,False,False,G4_G3_SCIENTIFIC_POLICY_V1,PENDING_OWNER_REVIEW
NGIQ-BR-00000602,Area FG2 (FusG) left,left,JULICH_BRAIN_CYTOARCHITECTONIC_ATLAS_V3_1_AREA_FG2_FUSG,PARTIAL_OVERLAP,NGIQ-BR-00000119,0.465578,0.40847432,0.96624795,0.03375205,PARTIAL_CRITERIA_V1,False,False,G4_G3_SCIENTIFIC_POLICY_V1,PENDING_OWNER_REVIEW
NGIQ-BR-00000601,Area FG2 (FusG) right,right,JULICH_BRAIN_CYTOARCHITECTONIC_ATLAS_V3_1_AREA_FG2_FUSG,PARTIAL_OVERLAP,NGIQ-BR-00000118,0.172427,0.37115701,0.98636075,0.01363925,PARTIAL_CRITERIA_V1,False,False,G4_G3_SCIENTIFIC_POLICY_V1,PENDING_OWNER_REVIEW
NGIQ-BR-00000601,Area FG2 (FusG) right,right,JULICH_BRAIN_CYTOARCHITECTONIC_ATLAS_V3_1_AREA_FG2_FUSG,PARTIAL_OVERLAP,NGIQ-BR-00000120,0.443498,0.37115701,0.98636075,0.01363925,PARTIAL_CRITERIA_V1,False,False,G4_G3_SCIENTIFIC_POLICY_V1,PENDING_OWNER_REVIEW
NGIQ-BR-00000601,Area FG2 (FusG) right,right,JULICH_BRAIN_CYTOARCHITECTONIC_ATLAS_V3_1_AREA_FG2_FUSG,PARTIAL_OVERLAP,NGIQ-BR-00000206,0.195953,0.37115701,0.98636075,0.01363925,PARTIAL_CRITERIA_V1,False,False,G4_G3_SCIENTIFIC_POLICY_V1,PENDING_OWNER_REVIEW
NGIQ-BR-00000603,Area FG3 (FusG) right,right,JULICH_BRAIN_CYTOARCHITECTONIC_ATLAS_V3_1_AREA_FG3_FUSG,PARTIAL_OVERLAP,NGIQ-BR-00000116,0.163151,0.36708928,0.81910616,0.18089384,PARTIAL_CRITERIA_V1,False,False,G4_G3_SCIENTIFIC_POLICY_V1,PENDING_OWNER_REVIEW
NGIQ-BR-00000603,Area FG3 (FusG) right,right,JULICH_BRAIN_CYTOARCHITECTONIC_ATLAS_V3_1_AREA_FG3_FUSG,PARTIAL_OVERLAP,NGIQ-BR-00000118,0.439839,0.36708928,0.81910616,0.18089384,PARTIAL_CRITERIA_V1,False,False,G4_G3_SCIENTIFIC_POLICY_V1,PENDING_OWNER_REVIEW
NGIQ-BR-00000608,Area FG4 (FusG) left,left,JULICH_BRAIN_CYTOARCHITECTONIC_ATLAS_V3_1_AREA_FG4_FUSG,APPROVE_DOMINANT_OVERLAP,NGIQ-BR-00000119,0.655906,0.39305414,0.95258752,0.04741248,DOMINANT_CRITERIA_V1,False,False,G4_G3_SCIENTIFIC_POLICY_V1,PENDING_OWNER_REVIEW
NGIQ-BR-00000607,Area FG4 (FusG) right,right,JULICH_BRAIN_CYTOARCHITECTONIC_ATLAS_V3_1_AREA_FG4_FUSG,APPROVE_DOMINANT_OVERLAP,NGIQ-BR-00000120,0.662722,0.45706085,0.98066376,0.01933624,DOMINANT_CRITERIA_V1,False,False,G4_G3_SCIENTIFIC_POLICY_V1,PENDING_OWNER_REVIEW
NGIQ-BR-00000600,Area FG5 (FusG) left,left,JULICH_BRAIN_CYTOARCHITECTONIC_ATLAS_V3_1_AREA_FG5_FUSG,PARTIAL_OVERLAP,NGIQ-BR-00000101,0.319009,0.3833858,0.99003118,0.00996882,PARTIAL_CRITERIA_V1,False,False,G4_G3_SCIENTIFIC_POLICY_V1,PENDING_OWNER_REVIEW
NGIQ-BR-00000600,Area FG5 (FusG) left,left,JULICH_BRAIN_CYTOARCHITECTONIC_ATLAS_V3_1_AREA_FG5_FUSG,PARTIAL_OVERLAP,NGIQ-BR-00000115,0.451357,0.3833858,0.99003118,0.00996882,PARTIAL_CRITERIA_V1,False,False,G4_G3_SCIENTIFIC_POLICY_V1,PENDING_OWNER_REVIEW
NGIQ-BR-00000600,Area FG5 (FusG) left,left,JULICH_BRAIN_CYTOARCHITECTONIC_ATLAS_V3_1_AREA_FG5_FUSG,PARTIAL_OVERLAP,NGIQ-BR-00000119,0.1904,0.3833858,0.99003118,0.00996882,PARTIAL_CRITERIA_V1,False,False,G4_G3_SCIENTIFIC_POLICY_V1,PENDING_OWNER_REVIEW
NGIQ-BR-00000599,Area FG5 (FusG) right,right,JULICH_BRAIN_CYTOARCHITECTONIC_ATLAS_V3_1_AREA_FG5_FUSG,APPROVE_CONTAINED_IN,NGIQ-BR-00000116,0.846796,0.52176997,0.9796571,0.0203429,CONTAINED_CRITERIA_V1,True,True,G4_G3_SCIENTIFIC_POLICY_V1,PENDING_OWNER_REVIEW
NGIQ-BR-00000464,Area Fo1 (OFC) left,left,JULICH_BRAIN_CYTOARCHITECTONIC_ATLAS_V3_1_AREA_FO1_OFC,APPROVE_DOMINANT_OVERLAP,NGIQ-BR-00000063,0.697537,0.4671995,0.91928625,0.08071375,DOMINANT_CRITERIA_V1,False,False,G4_G3_SCIENTIFIC_POLICY_V1,PENDING_OWNER_REVIEW
NGIQ-BR-00000463,Area Fo1 (OFC) right,right,JULICH_BRAIN_CYTOARCHITECTONIC_ATLAS_V3_1_AREA_FO1_OFC,PARTIAL_OVERLAP,NGIQ-BR-00000062,0.195861,0.34233693,0.91192794,0.08807206,PARTIAL_CRITERIA_V1,False,False,G4_G3_SCIENTIFIC_POLICY_V1,PENDING_OWNER_REVIEW
NGIQ-BR-00000463,Area Fo1 (OFC) right,right,JULICH_BRAIN_CYTOARCHITECTONIC_ATLAS_V3_1_AREA_FO1_OFC,PARTIAL_OVERLAP,NGIQ-BR-00000064,0.300864,0.34233693,0.91192794,0.08807206,PARTIAL_CRITERIA_V1,False,False,G4_G3_SCIENTIFIC_POLICY_V1,PENDING_OWNER_REVIEW
NGIQ-BR-00000463,Area Fo1 (OFC) right,right,JULICH_BRAIN_CYTOARCHITECTONIC_ATLAS_V3_1_AREA_FO1_OFC,PARTIAL_OVERLAP,NGIQ-BR-00000066,0.414535,0.34233693,0.91192794,0.08807206,PARTIAL_CRITERIA_V1,False,False,G4_G3_SCIENTIFIC_POLICY_V1,PENDING_OWNER_REVIEW
NGIQ-BR-00000468,Area Fo2 (OFC) left,left,JULICH_BRAIN_CYTOARCHITECTONIC_ATLAS_V3_1_AREA_FO2_OFC,APPROVE_CONTAINED_IN,NGIQ-BR-00000065,0.819056,0.65844168,0.85439618,0.14560382,CONTAINED_CRITERIA_V1,True,True,G4_G3_SCIENTIFIC_POLICY_V1,PENDING_OWNER_REVIEW
NGIQ-BR-00000467,Area Fo2 (OFC) right,right,JULICH_BRAIN_CYTOARCHITECTONIC_ATLAS_V3_1_AREA_FO2_OFC,APPROVE_CONTAINED_IN,NGIQ-BR-00000066,0.83293,0.67015851,0.8833743,0.1166257,CONTAINED_CRITERIA_V1,True,True,G4_G3_SCIENTIFIC_POLICY_V1,PENDING_OWNER_REVIEW
NGIQ-BR-00000466,Area Fo3 (OFC) left,left,JULICH_BRAIN_CYTOARCHITECTONIC_ATLAS_V3_1_AREA_FO3_OFC,APPROVE_DOMINANT_OVERLAP,NGIQ-BR-00000061,0.789546,0.59343932,0.92996467,0.07003533,DOMINANT_CRITERIA_V1,False,False,G4_G3_SCIENTIFIC_POLICY_V1,PENDING_OWNER_REVIEW
NGIQ-BR-00000465,Area Fo3 (OFC) right,right,JULICH_BRAIN_CYTOARCHITECTONIC_ATLAS_V3_1_AREA_FO3_OFC,APPROVE_CONTAINED_IN,NGIQ-BR-00000062,0.858468,0.69123894,0.93779435,0.06220565,CONTAINED_CRITERIA_V1,True,True,G4_G3_SCIENTIFIC_POLICY_V1,PENDING_OWNER_REVIEW
NGIQ-BR-00000536,Area Fo4 (OFC) left,left,JULICH_BRAIN_CYTOARCHITECTONIC_ATLAS_V3_1_AREA_FO4_OFC,APPROVE_DOMINANT_OVERLAP,NGIQ-BR-00000061,0.576121,0.42813374,0.9634096,0.0365904,DOMINANT_CRITERIA_V1,False,False,G4_G3_SCIENTIFIC_POLICY_V1,PENDING_OWNER_REVIEW
NGIQ-BR-00000535,Area Fo4 (OFC) right,right,JULICH_BRAIN_CYTOARCHITECTONIC_ATLAS_V3_1_AREA_FO4_OFC,PARTIAL_OVERLAP,NGIQ-BR-00000046,0.395859,0.36849425,0.92819137,0.07180863,PARTIAL_CRITERIA_V1,False,False,G4_G3_SCIENTIFIC_POLICY_V1,PENDING_OWNER_REVIEW
NGIQ-BR-00000535,Area Fo4 (OFC) right,right,JULICH_BRAIN_CYTOARCHITECTONIC_ATLAS_V3_1_AREA_FO4_OFC,PARTIAL_OVERLAP,NGIQ-BR-00000060,0.224643,0.36849425,0.92819137,0.07180863,PARTIAL_CRITERIA_V1,False,False,G4_G3_SCIENTIFIC_POLICY_V1,PENDING_OWNER_REVIEW
NGIQ-BR-00000535,Area Fo4 (OFC) right,right,JULICH_BRAIN_CYTOARCHITECTONIC_ATLAS_V3_1_AREA_FO4_OFC,PARTIAL_OVERLAP,NGIQ-BR-00000062,0.306957,0.36849425,0.92819137,0.07180863,PARTIAL_CRITERIA_V1,False,False,G4_G3_SCIENTIFIC_POLICY_V1,PENDING_OWNER_REVIEW
NGIQ-BR-00000532,Area Fo5 (OFC) left,left,JULICH_BRAIN_CYTOARCHITECTONIC_ATLAS_V3_1_AREA_FO5_OFC,APPROVE_DOMINANT_OVERLAP,NGIQ-BR-00000045,0.576504,0.47353033,0.98427538,0.01572462,DOMINANT_CRITERIA_V1,False,False,G4_G3_SCIENTIFIC_POLICY_V1,PENDING_OWNER_REVIEW
NGIQ-BR-00000531,Area Fo5 (OFC) right,right,JULICH_BRAIN_CYTOARCHITECTONIC_ATLAS_V3_1_AREA_FO5_OFC,PARTIAL_OVERLAP,NGIQ-BR-00000046,0.425096,0.38121001,0.98075841,0.01924159,PARTIAL_CRITERIA_V1,False,False,G4_G3_SCIENTIFIC_POLICY_V1,PENDING_OWNER_REVIEW
NGIQ-BR-00000531,Area Fo5 (OFC) right,right,JULICH_BRAIN_CYTOARCHITECTONIC_ATLAS_V3_1_AREA_FO5_OFC,PARTIAL_OVERLAP,NGIQ-BR-00000060,0.193642,0.38121001,0.98075841,0.01924159,PARTIAL_CRITERIA_V1,False,False,G4_G3_SCIENTIFIC_POLICY_V1,PENDING_OWNER_REVIEW
NGIQ-BR-00000530,Area Fo6 (OFC) left,left,JULICH_BRAIN_CYTOARCHITECTONIC_ATLAS_V3_1_AREA_FO6_OFC,PARTIAL_OVERLAP,NGIQ-BR-00000059,0.376733,0.36839011,0.97851663,0.02148337,PARTIAL_CRITERIA_V1,False,False,G4_G3_SCIENTIFIC_POLICY_V1,PENDING_OWNER_REVIEW
NGIQ-BR-00000530,Area Fo6 (OFC) left,left,JULICH_BRAIN_CYTOARCHITECTONIC_ATLAS_V3_1_AREA_FO6_OFC,PARTIAL_OVERLAP,NGIQ-BR-00000067,0.449471,0.36839011,0.97851663,0.02148337,PARTIAL_CRITERIA_V1,False,False,G4_G3_SCIENTIFIC_POLICY_V1,PENDING_OWNER_REVIEW
NGIQ-BR-00000529,Area Fo6 (OFC) right,right,JULICH_BRAIN_CYTOARCHITECTONIC_ATLAS_V3_1_AREA_FO6_OFC,PARTIAL_OVERLAP,NGIQ-BR-00000060,0.454436,0.40153353,0.97242631,0.02757369,PARTIAL_CRITERIA_V1,False,False,G4_G3_SCIENTIFIC_POLICY_V1,PENDING_OWNER_REVIEW
NGIQ-BR-00000529,Area Fo6 (OFC) right,right,JULICH_BRAIN_CYTOARCHITECTONIC_ATLAS_V3_1_AREA_FO6_OFC,PARTIAL_OVERLAP,NGIQ-BR-00000068,0.368299,0.40153353,0.97242631,0.02757369,PARTIAL_CRITERIA_V1,False,False,G4_G3_SCIENTIFIC_POLICY_V1,PENDING_OWNER_REVIEW
NGIQ-BR-00000534,Area Fo7 (OFC) left,left,JULICH_BRAIN_CYTOARCHITECTONIC_ATLAS_V3_1_AREA_FO7_OFC,APPROVE_DOMINANT_OVERLAP,NGIQ-BR-00000059,0.549421,0.44321586,0.85630301,0.14369699,DOMINANT_CRITERIA_V1,False,False,G4_G3_SCIENTIFIC_POLICY_V1,PENDING_OWNER_REVIEW
NGIQ-BR-00000533,Area Fo7 (OFC) right,right,JULICH_BRAIN_CYTOARCHITECTONIC_ATLAS_V3_1_AREA_FO7_OFC,PARTIAL_OVERLAP,NGIQ-BR-00000060,0.484197,0.40570532,0.86434004,0.13565996,PARTIAL_CRITERIA_V1,False,False,G4_G3_SCIENTIFIC_POLICY_V1,PENDING_OWNER_REVIEW
NGIQ-BR-00000533,Area Fo7 (OFC) right,right,JULICH_BRAIN_CYTOARCHITECTONIC_ATLAS_V3_1_AREA_FO7_OFC,PARTIAL_OVERLAP,NGIQ-BR-00000062,0.3554,0.40570532,0.86434004,0.13565996,PARTIAL_CRITERIA_V1,False,False,G4_G3_SCIENTIFIC_POLICY_V1,PENDING_OWNER_REVIEW
NGIQ-BR-00000458,Area Fp1 (FPole) left,left,JULICH_BRAIN_CYTOARCHITECTONIC_ATLAS_V3_1_AREA_FP1_FPOLE,PARTIAL_OVERLAP,NGIQ-BR-00000031,0.172022,0.40513104,0.95825744,0.04174256,PARTIAL_CRITERIA_V1,False,False,G4_G3_SCIENTIFIC_POLICY_V1,PENDING_OWNER_REVIEW
NGIQ-BR-00000458,Area Fp1 (FPole) left,left,JULICH_BRAIN_CYTOARCHITECTONIC_ATLAS_V3_1_AREA_FP1_FPOLE,PARTIAL_OVERLAP,NGIQ-BR-00000045,0.453153,0.40513104,0.95825744,0.04174256,PARTIAL_CRITERIA_V1,False,False,G4_G3_SCIENTIFIC_POLICY_V1,PENDING_OWNER_REVIEW
NGIQ-BR-00000457,Area Fp1 (FPole) right,right,JULICH_BRAIN_CYTOARCHITECTONIC_ATLAS_V3_1_AREA_FP1_FPOLE,PARTIAL_OVERLAP,NGIQ-BR-00000046,0.49564,0.44777521,0.96508543,0.03491457,PARTIAL_CRITERIA_V1,False,False,G4_G3_SCIENTIFIC_POLICY_V1,PENDING_OWNER_REVIEW
NGIQ-BR-00000457,Area Fp1 (FPole) right,right,JULICH_BRAIN_CYTOARCHITECTONIC_ATLAS_V3_1_AREA_FP1_FPOLE,PARTIAL_OVERLAP,NGIQ-BR-00000064,0.238495,0.44777521,0.96508543,0.03491457,PARTIAL_CRITERIA_V1,False,False,G4_G3_SCIENTIFIC_POLICY_V1,PENDING_OWNER_REVIEW
NGIQ-BR-00000460,Area Fp2 (FPole) left,left,JULICH_BRAIN_CYTOARCHITECTONIC_ATLAS_V3_1_AREA_FP2_FPOLE,APPROVE_DOMINANT_OVERLAP,NGIQ-BR-00000057,0.521592,0.44972668,0.95261903,0.04738097,DOMINANT_CRITERIA_V1,False,False,G4_G3_SCIENTIFIC_POLICY_V1,PENDING_OWNER_REVIEW
NGIQ-BR-00000459,Area Fp2 (FPole) right,right,JULICH_BRAIN_CYTOARCHITECTONIC_ATLAS_V3_1_AREA_FP2_FPOLE,PARTIAL_OVERLAP,NGIQ-BR-00000032,0.417129,0.38786618,0.96116126,0.03883874,PARTIAL_CRITERIA_V1,False,False,G4_G3_SCIENTIFIC_POLICY_V1,PENDING_OWNER_REVIEW
NGIQ-BR-00000459,Area Fp2 (FPole) right,right,JULICH_BRAIN_CYTOARCHITECTONIC_ATLAS_V3_1_AREA_FP2_FPOLE,PARTIAL_OVERLAP,NGIQ-BR-00000058,0.299574,0.38786618,0.96116126,0.03883874,PARTIAL_CRITERIA_V1,False,False,G4_G3_SCIENTIFIC_POLICY_V1,PENDING_OWNER_REVIEW
NGIQ-BR-00000459,Area Fp2 (FPole) right,right,JULICH_BRAIN_CYTOARCHITECTONIC_ATLAS_V3_1_AREA_FP2_FPOLE,PARTIAL_OVERLAP,NGIQ-BR-00000064,0.244288,0.38786618,0.96116126,0.03883874,PARTIAL_CRITERIA_V1,False,False,G4_G3_SCIENTIFIC_POLICY_V1,PENDING_OWNER_REVIEW
NGIQ-BR-00000434,Area hIP2 (IPS) left,left,JULICH_BRAIN_CYTOARCHITECTONIC_ATLAS_V3_1_AREA_HIP2_IPS,APPROVE_DOMINANT_OVERLAP,NGIQ-BR-00000147,0.629168,0.50386595,0.87511286,0.12488714,DOMINANT_CRITERIA_V1,False,False,G4_G3_SCIENTIFIC_POLICY_V1,PENDING_OWNER_REVIEW
NGIQ-BR-00000433,Area hIP2 (IPS) right,right,JULICH_BRAIN_CYTOARCHITECTONIC_ATLAS_V3_1_AREA_HIP2_IPS,APPROVE_DOMINANT_OVERLAP,NGIQ-BR-00000148,0.766389,0.566582,0.89281886,0.10718114,DOMINANT_CRITERIA_V1,False,False,G4_G3_SCIENTIFIC_POLICY_V1,PENDING_OWNER_REVIEW
NGIQ-BR-00000432,Area hIP3 (IPS) left,left,JULICH_BRAIN_CYTOARCHITECTONIC_ATLAS_V3_1_AREA_HIP3_IPS,PARTIAL_OVERLAP,NGIQ-BR-00000139,0.375087,0.38496739,0.84460726,0.15539274,PARTIAL_CRITERIA_V1,False,False,G4_G3_SCIENTIFIC_POLICY_V1,PENDING_OWNER_REVIEW
NGIQ-BR-00000432,Area hIP3 (IPS) left,left,JULICH_BRAIN_CYTOARCHITECTONIC_ATLAS_V3_1_AREA_HIP3_IPS,PARTIAL_OVERLAP,NGIQ-BR-00000143,0.241949,0.38496739,0.84460726,0.15539274,PARTIAL_CRITERIA_V1,False,False,G4_G3_SCIENTIFIC_POLICY_V1,PENDING_OWNER_REVIEW
NGIQ-BR-00000436,Area hIP4 (IPS) left,left,JULICH_BRAIN_CYTOARCHITECTONIC_ATLAS_V3_1_AREA_HIP4_IPS,APPROVE_DOMINANT_OVERLAP,NGIQ-BR-00000011,0.519572,0.48200825,0.89253133,0.10746867,DOMINANT_CRITERIA_V1,False,False,G4_G3_SCIENTIFIC_POLICY_V1,PENDING_OWNER_REVIEW
NGIQ-BR-00000435,Area hIP4 (IPS) right,right,JULICH_BRAIN_CYTOARCHITECTONIC_ATLAS_V3_1_AREA_HIP4_IPS,APPROVE_DOMINANT_OVERLAP,NGIQ-BR-00000012,0.570972,0.44853404,0.93917052,0.06082948,DOMINANT_CRITERIA_V1,False,False,G4_G3_SCIENTIFIC_POLICY_V1,PENDING_OWNER_REVIEW
NGIQ-BR-00000437,Area hIP5 (IPS) right,right,JULICH_BRAIN_CYTOARCHITECTONIC_ATLAS_V3_1_AREA_HIP5_IPS,PARTIAL_OVERLAP,NGIQ-BR-00000146,0.397059,0.33190946,0.74020741,0.25979259,PARTIAL_CRITERIA_V1,False,False,G4_G3_SCIENTIFIC_POLICY_V1,PENDING_OWNER_REVIEW
NGIQ-BR-00000437,Area hIP5 (IPS) right,right,JULICH_BRAIN_CYTOARCHITECTONIC_ATLAS_V3_1_AREA_HIP5_IPS,PARTIAL_OVERLAP,NGIQ-BR-00000214,0.272723,0.33190946,0.74020741,0.25979259,PARTIAL_CRITERIA_V1,False,False,G4_G3_SCIENTIFIC_POLICY_V1,PENDING_OWNER_REVIEW
NGIQ-BR-00000440,Area hIP6 (IPS) left,left,JULICH_BRAIN_CYTOARCHITECTONIC_ATLAS_V3_1_AREA_HIP6_IPS,APPROVE_DOMINANT_OVERLAP,NGIQ-BR-00000145,0.52715,0.35908808,0.96208544,0.03791456,DOMINANT_CRITERIA_V1,False,False,G4_G3_SCIENTIFIC_POLICY_V1,PENDING_OWNER_REVIEW
NGIQ-BR-00000439,Area hIP6 (IPS) right,right,JULICH_BRAIN_CYTOARCHITECTONIC_ATLAS_V3_1_AREA_HIP6_IPS,APPROVE_DOMINANT_OVERLAP,NGIQ-BR-00000146,0.718459,0.4394089,0.89761823,0.10238177,DOMINANT_CRITERIA_V1,False,False,G4_G3_SCIENTIFIC_POLICY_V1,PENDING_OWNER_REVIEW
NGIQ-BR-00000430,Area hIP7 (IPS) left,left,JULICH_BRAIN_CYTOARCHITECTONIC_ATLAS_V3_1_AREA_HIP7_IPS,APPROVE_DOMINANT_OVERLAP,NGIQ-BR-00000213,0.573723,0.43864375,0.83501679,0.16498321,DOMINANT_CRITERIA_V1,False,False,G4_G3_SCIENTIFIC_POLICY_V1,PENDING_OWNER_REVIEW
NGIQ-BR-00000429,Area hIP7 (IPS) right,right,JULICH_BRAIN_CYTOARCHITECTONIC_ATLAS_V3_1_AREA_HIP7_IPS,APPROVE_DOMINANT_OVERLAP,NGIQ-BR-00000214,0.507261,0.41093952,0.84349409,0.15650591,DOMINANT_CRITERIA_V1,False,False,G4_G3_SCIENTIFIC_POLICY_V1,PENDING_OWNER_REVIEW
NGIQ-BR-00000442,Area hIP8 (IPS) left,left,JULICH_BRAIN_CYTOARCHITECTONIC_ATLAS_V3_1_AREA_HIP8_IPS,PARTIAL_OVERLAP,NGIQ-BR-00000137,0.292888,0.31096139,0.8324544,0.1675456,PARTIAL_CRITERIA_V1,False,False,G4_G3_SCIENTIFIC_POLICY_V1,PENDING_OWNER_REVIEW
NGIQ-BR-00000442,Area hIP8 (IPS) left,left,JULICH_BRAIN_CYTOARCHITECTONIC_ATLAS_V3_1_AREA_HIP8_IPS,PARTIAL_OVERLAP,NGIQ-BR-00000213,0.372912,0.31096139,0.8324544,0.1675456,PARTIAL_CRITERIA_V1,False,False,G4_G3_SCIENTIFIC_POLICY_V1,PENDING_OWNER_REVIEW
NGIQ-BR-00000441,Area hIP8 (IPS) right,right,JULICH_BRAIN_CYTOARCHITECTONIC_ATLAS_V3_1_AREA_HIP8_IPS,APPROVE_DOMINANT_OVERLAP,NGIQ-BR-00000214,0.593477,0.40274007,0.82505282,0.17494718,DOMINANT_CRITERIA_V1,False,False,G4_G3_SCIENTIFIC_POLICY_V1,PENDING_OWNER_REVIEW
NGIQ-BR-00000620,Area hOc3d (Cuneus) left,left,JULICH_BRAIN_CYTOARCHITECTONIC_ATLAS_V3_1_AREA_HOC3D_CUNEUS,PARTIAL_OVERLAP,NGIQ-BR-00000207,0.249134,0.32887095,0.947552,0.052448,PARTIAL_CRITERIA_V1,False,False,G4_G3_SCIENTIFIC_POLICY_V1,PENDING_OWNER_REVIEW
NGIQ-BR-00000620,Area hOc3d (Cuneus) left,left,JULICH_BRAIN_CYTOARCHITECTONIC_ATLAS_V3_1_AREA_HOC3D_CUNEUS,PARTIAL_OVERLAP,NGIQ-BR-00000211,0.370458,0.32887095,0.947552,0.052448,PARTIAL_CRITERIA_V1,False,False,G4_G3_SCIENTIFIC_POLICY_V1,PENDING_OWNER_REVIEW
NGIQ-BR-00000622,Area hOc3v (LingG) left,left,JULICH_BRAIN_CYTOARCHITECTONIC_ATLAS_V3_1_AREA_HOC3V_LINGG,PARTIAL_OVERLAP,NGIQ-BR-00000015,0.266999,0.23878104,0.94067842,0.05932158,PARTIAL_CRITERIA_V1,False,False,G4_G3_SCIENTIFIC_POLICY_V1,PENDING_OWNER_REVIEW
NGIQ-BR-00000622,Area hOc3v (LingG) left,left,JULICH_BRAIN_CYTOARCHITECTONIC_ATLAS_V3_1_AREA_HOC3V_LINGG,PARTIAL_OVERLAP,NGIQ-BR-00000209,0.34341,0.23878104,0.94067842,0.05932158,PARTIAL_CRITERIA_V1,False,False,G4_G3_SCIENTIFIC_POLICY_V1,PENDING_OWNER_REVIEW
NGIQ-BR-00000621,Area hOc3v (LingG) right,right,JULICH_BRAIN_CYTOARCHITECTONIC_ATLAS_V3_1_AREA_HOC3V_LINGG,PARTIAL_OVERLAP,NGIQ-BR-00000200,0.222731,0.35442752,0.96784359,0.03215641,PARTIAL_CRITERIA_V1,False,False,G4_G3_SCIENTIFIC_POLICY_V1,PENDING_OWNER_REVIEW
NGIQ-BR-00000621,Area hOc3v (LingG) right,right,JULICH_BRAIN_CYTOARCHITECTONIC_ATLAS_V3_1_AREA_HOC3V_LINGG,PARTIAL_OVERLAP,NGIQ-BR-00000210,0.454678,0.35442752,0.96784359,0.03215641,PARTIAL_CRITERIA_V1,False,False,G4_G3_SCIENTIFIC_POLICY_V1,PENDING_OWNER_REVIEW
NGIQ-BR-00000618,Area hOc4d (Cuneus) left,left,JULICH_BRAIN_CYTOARCHITECTONIC_ATLAS_V3_1_AREA_HOC4D_CUNEUS,PARTIAL_OVERLAP,NGIQ-BR-00000203,0.252973,0.33522659,0.87801432,0.12198568,PARTIAL_CRITERIA_V1,False,False,G4_G3_SCIENTIFIC_POLICY_V1,PENDING_OWNER_REVIEW
NGIQ-BR-00000618,Area hOc4d (Cuneus) left,left,JULICH_BRAIN_CYTOARCHITECTONIC_ATLAS_V3_1_AREA_HOC4D_CUNEUS,PARTIAL_OVERLAP,NGIQ-BR-00000211,0.376756,0.33522659,0.87801432,0.12198568,PARTIAL_CRITERIA_V1,False,False,G4_G3_SCIENTIFIC_POLICY_V1,PENDING_OWNER_REVIEW
NGIQ-BR-00000617,Area hOc4d (Cuneus) right,right,JULICH_BRAIN_CYTOARCHITECTONIC_ATLAS_V3_1_AREA_HOC4D_CUNEUS,PARTIAL_OVERLAP,NGIQ-BR-00000204,0.219425,0.39626562,0.89843604,0.10156396,PARTIAL_CRITERIA_V1,False,False,G4_G3_SCIENTIFIC_POLICY_V1,PENDING_OWNER_REVIEW
NGIQ-BR-00000617,Area hOc4d (Cuneus) right,right,JULICH_BRAIN_CYTOARCHITECTONIC_ATLAS_V3_1_AREA_HOC4D_CUNEUS,PARTIAL_OVERLAP,NGIQ-BR-00000212,0.482788,0.39626562,0.89843604,0.10156396,PARTIAL_CRITERIA_V1,False,False,G4_G3_SCIENTIFIC_POLICY_V1,PENDING_OWNER_REVIEW
NGIQ-BR-00000630,Area hOc4la (LOC) left,left,JULICH_BRAIN_CYTOARCHITECTONIC_ATLAS_V3_1_AREA_HOC4LA_LOC,PARTIAL_OVERLAP,NGIQ-BR-00000205,0.495527,0.43363757,0.97613928,0.02386072,PARTIAL_CRITERIA_V1,False,False,G4_G3_SCIENTIFIC_POLICY_V1,PENDING_OWNER_REVIEW
NGIQ-BR-00000630,Area hOc4la (LOC) left,left,JULICH_BRAIN_CYTOARCHITECTONIC_ATLAS_V3_1_AREA_HOC4LA_LOC,PARTIAL_OVERLAP,NGIQ-BR-00000209,0.246015,0.43363757,0.97613928,0.02386072,PARTIAL_CRITERIA_V1,False,False,G4_G3_SCIENTIFIC_POLICY_V1,PENDING_OWNER_REVIEW
NGIQ-BR-00000629,Area hOc4la (LOC) right,right,JULICH_BRAIN_CYTOARCHITECTONIC_ATLAS_V3_1_AREA_HOC4LA_LOC,APPROVE_DOMINANT_OVERLAP,NGIQ-BR-00000206,0.613031,0.50452365,0.97975149,0.02024851,DOMINANT_CRITERIA_V1,False,False,G4_G3_SCIENTIFIC_POLICY_V1,PENDING_OWNER_REVIEW
NGIQ-BR-00000626,Area hOc4lp (LOC) left,left,JULICH_BRAIN_CYTOARCHITECTONIC_ATLAS_V3_1_AREA_HOC4LP_LOC,APPROVE_DOMINANT_OVERLAP,NGIQ-BR-00000203,0.547989,0.43664243,0.97149615,0.02850385,DOMINANT_CRITERIA_V1,False,False,G4_G3_SCIENTIFIC_POLICY_V1,PENDING_OWNER_REVIEW
NGIQ-BR-00000625,Area hOc4lp (LOC) right,right,JULICH_BRAIN_CYTOARCHITECTONIC_ATLAS_V3_1_AREA_HOC4LP_LOC,APPROVE_DOMINANT_OVERLAP,NGIQ-BR-00000204,0.651161,0.47645881,0.97225885,0.02774115,DOMINANT_CRITERIA_V1,False,False,G4_G3_SCIENTIFIC_POLICY_V1,PENDING_OWNER_REVIEW
NGIQ-BR-00000623,Area hOc4v (LingG) right,right,JULICH_BRAIN_CYTOARCHITECTONIC_ATLAS_V3_1_AREA_HOC4V_LINGG,PARTIAL_OVERLAP,NGIQ-BR-00000118,0.344352,0.32032217,0.95089099,0.04910901,PARTIAL_CRITERIA_V1,False,False,G4_G3_SCIENTIFIC_POLICY_V1,PENDING_OWNER_REVIEW
NGIQ-BR-00000623,Area hOc4v (LingG) right,right,JULICH_BRAIN_CYTOARCHITECTONIC_ATLAS_V3_1_AREA_HOC4V_LINGG,PARTIAL_OVERLAP,NGIQ-BR-00000210,0.435248,0.32032217,0.95089099,0.04910901,PARTIAL_CRITERIA_V1,False,False,G4_G3_SCIENTIFIC_POLICY_V1,PENDING_OWNER_REVIEW
NGIQ-BR-00000628,Area hOc5 (LOC) left,left,JULICH_BRAIN_CYTOARCHITECTONIC_ATLAS_V3_1_AREA_HOC5_LOC,APPROVE_CONTAINED_IN,NGIQ-BR-00000205,0.873199,0.76791711,0.94938803,0.05061197,CONTAINED_CRITERIA_V1,True,True,G4_G3_SCIENTIFIC_POLICY_V1,PENDING_OWNER_REVIEW
NGIQ-BR-00000627,Area hOc5 (LOC) right,right,JULICH_BRAIN_CYTOARCHITECTONIC_ATLAS_V3_1_AREA_HOC5_LOC,APPROVE_DOMINANT_OVERLAP,NGIQ-BR-00000206,0.703212,0.61074464,0.99956951,0.00043049,DOMINANT_CRITERIA_V1,False,False,G4_G3_SCIENTIFIC_POLICY_V1,PENDING_OWNER_REVIEW
NGIQ-BR-00000616,Area hOc6 (POS) left,left,JULICH_BRAIN_CYTOARCHITECTONIC_ATLAS_V3_1_AREA_HOC6_POS,APPROVE_DOMINANT_OVERLAP,NGIQ-BR-00000201,0.608216,0.51623507,0.7478027,0.2521973,DOMINANT_CRITERIA_V1,False,False,G4_G3_SCIENTIFIC_POLICY_V1,PENDING_OWNER_REVIEW
NGIQ-BR-00000615,Area hOc6 (POS) right,right,JULICH_BRAIN_CYTOARCHITECTONIC_ATLAS_V3_1_AREA_HOC6_POS,APPROVE_DOMINANT_OVERLAP,NGIQ-BR-00000202,0.512972,0.57919333,0.81111846,0.18888154,DOMINANT_CRITERIA_V1,False,False,G4_G3_SCIENTIFIC_POLICY_V1,PENDING_OWNER_REVIEW
NGIQ-BR-00000425,Area hPO1 (POS) right,right,JULICH_BRAIN_CYTOARCHITECTONIC_ATLAS_V3_1_AREA_HPO1_POS,PARTIAL_OVERLAP,NGIQ-BR-00000160,0.18116,0.28364325,0.86806299,0.13193701,PARTIAL_CRITERIA_V1,False,False,G4_G3_SCIENTIFIC_POLICY_V1,PENDING_OWNER_REVIEW
NGIQ-BR-00000425,Area hPO1 (POS) right,right,JULICH_BRAIN_CYTOARCHITECTONIC_ATLAS_V3_1_AREA_HPO1_POS,PARTIAL_OVERLAP,NGIQ-BR-00000212,0.338336,0.28364325,0.86806299,0.13193701,PARTIAL_CRITERIA_V1,False,False,G4_G3_SCIENTIFIC_POLICY_V1,PENDING_OWNER_REVIEW
NGIQ-BR-00000425,Area hPO1 (POS) right,right,JULICH_BRAIN_CYTOARCHITECTONIC_ATLAS_V3_1_AREA_HPO1_POS,PARTIAL_OVERLAP,NGIQ-BR-00000214,0.278543,0.28364325,0.86806299,0.13193701,PARTIAL_CRITERIA_V1,False,False,G4_G3_SCIENTIFIC_POLICY_V1,PENDING_OWNER_REVIEW
NGIQ-BR-00000546,Area Ia1 (Insula) left,left,JULICH_BRAIN_CYTOARCHITECTONIC_ATLAS_V3_1_AREA_IA1_INSULA,APPROVE_DOMINANT_OVERLAP,NGIQ-BR-00000175,0.808749,0.57843701,0.99217171,0.00782829,DOMINANT_CRITERIA_V1,False,False,G4_G3_SCIENTIFIC_POLICY_V1,PENDING_OWNER_REVIEW
NGIQ-BR-00000545,Area Ia1 (Insula) right,right,JULICH_BRAIN_CYTOARCHITECTONIC_ATLAS_V3_1_AREA_IA1_INSULA,APPROVE_DOMINANT_OVERLAP,NGIQ-BR-00000176,0.680774,0.46636646,0.96118858,0.03881142,DOMINANT_CRITERIA_V1,False,False,G4_G3_SCIENTIFIC_POLICY_V1,PENDING_OWNER_REVIEW
NGIQ-BR-00000544,Area Ia2 (Insula) left,left,JULICH_BRAIN_CYTOARCHITECTONIC_ATLAS_V3_1_AREA_IA2_INSULA,APPROVE_DOMINANT_OVERLAP,NGIQ-BR-00000091,0.728542,0.52165556,0.89873411,0.10126589,DOMINANT_CRITERIA_V1,False,False,G4_G3_SCIENTIFIC_POLICY_V1,PENDING_OWNER_REVIEW
NGIQ-BR-00000543,Area Ia2 (Insula) right,right,JULICH_BRAIN_CYTOARCHITECTONIC_ATLAS_V3_1_AREA_IA2_INSULA,APPROVE_DOMINANT_OVERLAP,NGIQ-BR-00000092,0.60037,0.46012192,0.84588486,0.15411514,DOMINANT_CRITERIA_V1,False,False,G4_G3_SCIENTIFIC_POLICY_V1,PENDING_OWNER_REVIEW
NGIQ-BR-00000548,Area Ia3 (Insula) left,left,JULICH_BRAIN_CYTOARCHITECTONIC_ATLAS_V3_1_AREA_IA3_INSULA,APPROVE_CONTAINED_IN,NGIQ-BR-00000175,0.879299,0.68927763,0.97009725,0.02990275,CONTAINED_CRITERIA_V1,True,True,G4_G3_SCIENTIFIC_POLICY_V1,PENDING_OWNER_REVIEW
NGIQ-BR-00000547,Area Ia3 (Insula) right,right,JULICH_BRAIN_CYTOARCHITECTONIC_ATLAS_V3_1_AREA_IA3_INSULA,APPROVE_CONTAINED_IN,NGIQ-BR-00000176,0.898185,0.60432622,0.96539491,0.03460509,CONTAINED_CRITERIA_V1,True,True,G4_G3_SCIENTIFIC_POLICY_V1,PENDING_OWNER_REVIEW
NGIQ-BR-00000564,Area Id10 (Insula) left,left,JULICH_BRAIN_CYTOARCHITECTONIC_ATLAS_V3_1_AREA_ID10_INSULA,PARTIAL_OVERLAP,NGIQ-BR-00000067,0.297339,0.3318765,0.83496381,0.16503619,PARTIAL_CRITERIA_V1,False,False,G4_G3_SCIENTIFIC_POLICY_V1,PENDING_OWNER_REVIEW
NGIQ-BR-00000564,Area Id10 (Insula) left,left,JULICH_BRAIN_CYTOARCHITECTONIC_ATLAS_V3_1_AREA_ID10_INSULA,PARTIAL_OVERLAP,NGIQ-BR-00000171,0.36552,0.3318765,0.83496381,0.16503619,PARTIAL_CRITERIA_V1,False,False,G4_G3_SCIENTIFIC_POLICY_V1,PENDING_OWNER_REVIEW
NGIQ-BR-00000554,Area Id1 (Insula) left,left,JULICH_BRAIN_CYTOARCHITECTONIC_ATLAS_V3_1_AREA_ID1_INSULA,PARTIAL_OVERLAP,NGIQ-BR-00000087,0.259137,0.34688963,0.78080197,0.21919803,PARTIAL_CRITERIA_V1,False,False,G4_G3_SCIENTIFIC_POLICY_V1,PENDING_OWNER_REVIEW
NGIQ-BR-00000554,Area Id1 (Insula) left,left,JULICH_BRAIN_CYTOARCHITECTONIC_ATLAS_V3_1_AREA_ID1_INSULA,PARTIAL_OVERLAP,NGIQ-BR-00000175,0.409331,0.34688963,0.78080197,0.21919803,PARTIAL_CRITERIA_V1,False,False,G4_G3_SCIENTIFIC_POLICY_V1,PENDING_OWNER_REVIEW
NGIQ-BR-00000553,Area Id1 (Insula) right,right,JULICH_BRAIN_CYTOARCHITECTONIC_ATLAS_V3_1_AREA_ID1_INSULA,PARTIAL_OVERLAP,NGIQ-BR-00000088,0.257259,0.33342863,0.86929833,0.13070167,PARTIAL_CRITERIA_V1,False,False,G4_G3_SCIENTIFIC_POLICY_V1,PENDING_OWNER_REVIEW
NGIQ-BR-00000553,Area Id1 (Insula) right,right,JULICH_BRAIN_CYTOARCHITECTONIC_ATLAS_V3_1_AREA_ID1_INSULA,PARTIAL_OVERLAP,NGIQ-BR-00000176,0.42981,0.33342863,0.86929833,0.13070167,PARTIAL_CRITERIA_V1,False,False,G4_G3_SCIENTIFIC_POLICY_V1,PENDING_OWNER_REVIEW
NGIQ-BR-00000550,Area Id2 (Insula) left,left,JULICH_BRAIN_CYTOARCHITECTONIC_ATLAS_V3_1_AREA_ID2_INSULA,PARTIAL_OVERLAP,NGIQ-BR-00000013,0.518002,0.51064569,0.97467191,0.02532809,PARTIAL_CRITERIA_V1,False,False,G4_G3_SCIENTIFIC_POLICY_V1,PENDING_OWNER_REVIEW
NGIQ-BR-00000550,Area Id2 (Insula) left,left,JULICH_BRAIN_CYTOARCHITECTONIC_ATLAS_V3_1_AREA_ID2_INSULA,PARTIAL_OVERLAP,NGIQ-BR-00000177,0.412297,0.51064569,0.97467191,0.02532809,PARTIAL_CRITERIA_V1,False,False,G4_G3_SCIENTIFIC_POLICY_V1,PENDING_OWNER_REVIEW
NGIQ-BR-00000568,Area Id3 (Insula) left,left,JULICH_BRAIN_CYTOARCHITECTONIC_ATLAS_V3_1_AREA_ID3_INSULA,APPROVE_DOMINANT_OVERLAP,NGIQ-BR-00000175,0.569926,0.47092669,0.95844279,0.04155721,DOMINANT_CRITERIA_V1,False,False,G4_G3_SCIENTIFIC_POLICY_V1,PENDING_OWNER_REVIEW
NGIQ-BR-00000567,Area Id3 (Insula) right,right,JULICH_BRAIN_CYTOARCHITECTONIC_ATLAS_V3_1_AREA_ID3_INSULA,APPROVE_DOMINANT_OVERLAP,NGIQ-BR-00000176,0.562922,0.44756052,0.94964704,0.05035296,DOMINANT_CRITERIA_V1,False,False,G4_G3_SCIENTIFIC_POLICY_V1,PENDING_OWNER_REVIEW
NGIQ-BR-00000566,Area Id4 (Insula) left,left,JULICH_BRAIN_CYTOARCHITECTONIC_ATLAS_V3_1_AREA_ID4_INSULA,PARTIAL_OVERLAP,NGIQ-BR-00000177,0.480161,0.47262914,0.93714559,0.06285441,PARTIAL_CRITERIA_V1,False,False,G4_G3_SCIENTIFIC_POLICY_V1,PENDING_OWNER_REVIEW
NGIQ-BR-00000566,Area Id4 (Insula) left,left,JULICH_BRAIN_CYTOARCHITECTONIC_ATLAS_V3_1_AREA_ID4_INSULA,PARTIAL_OVERLAP,NGIQ-BR-00000179,0.319501,0.47262914,0.93714559,0.06285441,PARTIAL_CRITERIA_V1,False,False,G4_G3_SCIENTIFIC_POLICY_V1,PENDING_OWNER_REVIEW
NGIQ-BR-00000560,Area Id5 (Insula) left,left,JULICH_BRAIN_CYTOARCHITECTONIC_ATLAS_V3_1_AREA_ID5_INSULA,APPROVE_DOMINANT_OVERLAP,NGIQ-BR-00000177,0.690898,0.52127896,0.87582314,0.12417686,DOMINANT_CRITERIA_V1,False,False,G4_G3_SCIENTIFIC_POLICY_V1,PENDING_OWNER_REVIEW
NGIQ-BR-00000559,Area Id5 (Insula) right,right,JULICH_BRAIN_CYTOARCHITECTONIC_ATLAS_V3_1_AREA_ID5_INSULA,APPROVE_DOMINANT_OVERLAP,NGIQ-BR-00000178,0.695013,0.49393396,0.89293711,0.10706289,DOMINANT_CRITERIA_V1,False,False,G4_G3_SCIENTIFIC_POLICY_V1,PENDING_OWNER_REVIEW
NGIQ-BR-00000562,Area Id6 (Insula) left,left,JULICH_BRAIN_CYTOARCHITECTONIC_ATLAS_V3_1_AREA_ID6_INSULA,PARTIAL_OVERLAP,NGIQ-BR-00000173,0.278681,0.40422656,0.87891328,0.12108672,PARTIAL_CRITERIA_V1,False,False,G4_G3_SCIENTIFIC_POLICY_V1,PENDING_OWNER_REVIEW
NGIQ-BR-00000562,Area Id6 (Insula) left,left,JULICH_BRAIN_CYTOARCHITECTONIC_ATLAS_V3_1_AREA_ID6_INSULA,PARTIAL_OVERLAP,NGIQ-BR-00000179,0.49276,0.40422656,0.87891328,0.12108672,PARTIAL_CRITERIA_V1,False,False,G4_G3_SCIENTIFIC_POLICY_V1,PENDING_OWNER_REVIEW
NGIQ-BR-00000561,Area Id6 (Insula) right,right,JULICH_BRAIN_CYTOARCHITECTONIC_ATLAS_V3_1_AREA_ID6_INSULA,APPROVE_DOMINANT_OVERLAP,NGIQ-BR-00000180,0.50878,0.43707845,0.88212629,0.11787371,DOMINANT_CRITERIA_V1,False,False,G4_G3_SCIENTIFIC_POLICY_V1,PENDING_OWNER_REVIEW
NGIQ-BR-00000558,Area Id7 (Insula) left,left,JULICH_BRAIN_CYTOARCHITECTONIC_ATLAS_V3_1_AREA_ID7_INSULA,PARTIAL_OVERLAP,NGIQ-BR-00000053,0.220763,0.41437522,0.87337817,0.12662183,PARTIAL_CRITERIA_V1,False,False,G4_G3_SCIENTIFIC_POLICY_V1,PENDING_OWNER_REVIEW
NGIQ-BR-00000558,Area Id7 (Insula) left,left,JULICH_BRAIN_CYTOARCHITECTONIC_ATLAS_V3_1_AREA_ID7_INSULA,PARTIAL_OVERLAP,NGIQ-BR-00000067,0.153673,0.41437522,0.87337817,0.12662183,PARTIAL_CRITERIA_V1,False,False,G4_G3_SCIENTIFIC_POLICY_V1,PENDING_OWNER_REVIEW
NGIQ-BR-00000558,Area Id7 (Insula) left,left,JULICH_BRAIN_CYTOARCHITECTONIC_ATLAS_V3_1_AREA_ID7_INSULA,PARTIAL_OVERLAP,NGIQ-BR-00000173,0.498844,0.41437522,0.87337817,0.12662183,PARTIAL_CRITERIA_V1,False,False,G4_G3_SCIENTIFIC_POLICY_V1,PENDING_OWNER_REVIEW
NGIQ-BR-00000557,Area Id7 (Insula) right,right,JULICH_BRAIN_CYTOARCHITECTONIC_ATLAS_V3_1_AREA_ID7_INSULA,PARTIAL_OVERLAP,NGIQ-BR-00000054,0.396694,0.3893728,0.81300682,0.18699318,PARTIAL_CRITERIA_V1,False,False,G4_G3_SCIENTIFIC_POLICY_V1,PENDING_OWNER_REVIEW
NGIQ-BR-00000557,Area Id7 (Insula) right,right,JULICH_BRAIN_CYTOARCHITECTONIC_ATLAS_V3_1_AREA_ID7_INSULA,PARTIAL_OVERLAP,NGIQ-BR-00000174,0.328436,0.3893728,0.81300682,0.18699318,PARTIAL_CRITERIA_V1,False,False,G4_G3_SCIENTIFIC_POLICY_V1,PENDING_OWNER_REVIEW
NGIQ-BR-00000552,Area Id8 (Insula) left,left,JULICH_BRAIN_CYTOARCHITECTONIC_ATLAS_V3_1_AREA_ID8_INSULA,PARTIAL_OVERLAP,NGIQ-BR-00000067,0.292863,0.32913713,0.92653492,0.07346508,PARTIAL_CRITERIA_V1,False,False,G4_G3_SCIENTIFIC_POLICY_V1,PENDING_OWNER_REVIEW
NGIQ-BR-00000552,Area Id8 (Insula) left,left,JULICH_BRAIN_CYTOARCHITECTONIC_ATLAS_V3_1_AREA_ID8_INSULA,PARTIAL_OVERLAP,NGIQ-BR-00000171,0.194859,0.32913713,0.92653492,0.07346508,PARTIAL_CRITERIA_V1,False,False,G4_G3_SCIENTIFIC_POLICY_V1,PENDING_OWNER_REVIEW
NGIQ-BR-00000552,Area Id8 (Insula) left,left,JULICH_BRAIN_CYTOARCHITECTONIC_ATLAS_V3_1_AREA_ID8_INSULA,PARTIAL_OVERLAP,NGIQ-BR-00000173,0.394354,0.32913713,0.92653492,0.07346508,PARTIAL_CRITERIA_V1,False,False,G4_G3_SCIENTIFIC_POLICY_V1,PENDING_OWNER_REVIEW
NGIQ-BR-00000551,Area Id8 (Insula) right,right,JULICH_BRAIN_CYTOARCHITECTONIC_ATLAS_V3_1_AREA_ID8_INSULA,PARTIAL_OVERLAP,NGIQ-BR-00000068,0.226863,0.34493372,0.91885188,0.08114812,PARTIAL_CRITERIA_V1,False,False,G4_G3_SCIENTIFIC_POLICY_V1,PENDING_OWNER_REVIEW
NGIQ-BR-00000551,Area Id8 (Insula) right,right,JULICH_BRAIN_CYTOARCHITECTONIC_ATLAS_V3_1_AREA_ID8_INSULA,PARTIAL_OVERLAP,NGIQ-BR-00000172,0.174084,0.34493372,0.91885188,0.08114812,PARTIAL_CRITERIA_V1,False,False,G4_G3_SCIENTIFIC_POLICY_V1,PENDING_OWNER_REVIEW
NGIQ-BR-00000551,Area Id8 (Insula) right,right,JULICH_BRAIN_CYTOARCHITECTONIC_ATLAS_V3_1_AREA_ID8_INSULA,PARTIAL_OVERLAP,NGIQ-BR-00000174,0.403163,0.34493372,0.91885188,0.08114812,PARTIAL_CRITERIA_V1,False,False,G4_G3_SCIENTIFIC_POLICY_V1,PENDING_OWNER_REVIEW
NGIQ-BR-00000556,Area Id9 (Insula) left,left,JULICH_BRAIN_CYTOARCHITECTONIC_ATLAS_V3_1_AREA_ID9_INSULA,PARTIAL_OVERLAP,NGIQ-BR-00000175,0.333253,0.30112893,0.96371077,0.03628923,PARTIAL_CRITERIA_V1,False,False,G4_G3_SCIENTIFIC_POLICY_V1,PENDING_OWNER_REVIEW
NGIQ-BR-00000556,Area Id9 (Insula) left,left,JULICH_BRAIN_CYTOARCHITECTONIC_ATLAS_V3_1_AREA_ID9_INSULA,PARTIAL_OVERLAP,NGIQ-BR-00000179,0.412367,0.30112893,0.96371077,0.03628923,PARTIAL_CRITERIA_V1,False,False,G4_G3_SCIENTIFIC_POLICY_V1,PENDING_OWNER_REVIEW
NGIQ-BR-00000496,"Area IFJ1 (IFS, PreCS) left",left,JULICH_BRAIN_CYTOARCHITECTONIC_ATLAS_V3_1_AREA_IFJ1_IFS_PRECS,PARTIAL_OVERLAP,NGIQ-BR-00000035,0.488168,0.38953949,0.81624959,0.18375041,PARTIAL_CRITERIA_V1,False,False,G4_G3_SCIENTIFIC_POLICY_V1,PENDING_OWNER_REVIEW
NGIQ-BR-00000496,"Area IFJ1 (IFS, PreCS) left",left,JULICH_BRAIN_CYTOARCHITECTONIC_ATLAS_V3_1_AREA_IFJ1_IFS_PRECS,PARTIAL_OVERLAP,NGIQ-BR-00000003,0.298166,0.38953949,0.81624959,0.18375041,PARTIAL_CRITERIA_V1,False,False,G4_G3_SCIENTIFIC_POLICY_V1,PENDING_OWNER_REVIEW
NGIQ-BR-00000495,"Area IFJ1 (IFS, PreCS) right",right,JULICH_BRAIN_CYTOARCHITECTONIC_ATLAS_V3_1_AREA_IFJ1_IFS_PRECS,PARTIAL_OVERLAP,NGIQ-BR-00000036,0.291753,0.34757792,0.89089205,0.10910795,PARTIAL_CRITERIA_V1,False,False,G4_G3_SCIENTIFIC_POLICY_V1,PENDING_OWNER_REVIEW
NGIQ-BR-00000495,"Area IFJ1 (IFS, PreCS) right",right,JULICH_BRAIN_CYTOARCHITECTONIC_ATLAS_V3_1_AREA_IFJ1_IFS_PRECS,PARTIAL_OVERLAP,NGIQ-BR-00000004,0.482874,0.34757792,0.89089205,0.10910795,PARTIAL_CRITERIA_V1,False,False,G4_G3_SCIENTIFIC_POLICY_V1,PENDING_OWNER_REVIEW
NGIQ-BR-00000492,"Area IFJ2 (IFS, PreCS) left",left,JULICH_BRAIN_CYTOARCHITECTONIC_ATLAS_V3_1_AREA_IFJ2_IFS_PRECS,PARTIAL_OVERLAP,NGIQ-BR-00000035,0.369213,0.37821976,0.92722332,0.07277668,PARTIAL_CRITERIA_V1,False,False,G4_G3_SCIENTIFIC_POLICY_V1,PENDING_OWNER_REVIEW
NGIQ-BR-00000492,"Area IFJ2 (IFS, PreCS) left",left,JULICH_BRAIN_CYTOARCHITECTONIC_ATLAS_V3_1_AREA_IFJ2_IFS_PRECS,PARTIAL_OVERLAP,NGIQ-BR-00000003,0.245738,0.37821976,0.92722332,0.07277668,PARTIAL_CRITERIA_V1,False,False,G4_G3_SCIENTIFIC_POLICY_V1,PENDING_OWNER_REVIEW
NGIQ-BR-00000492,"Area IFJ2 (IFS, PreCS) left",left,JULICH_BRAIN_CYTOARCHITECTONIC_ATLAS_V3_1_AREA_IFJ2_IFS_PRECS,PARTIAL_OVERLAP,NGIQ-BR-00000079,0.312111,0.37821976,0.92722332,0.07277668,PARTIAL_CRITERIA_V1,False,False,G4_G3_SCIENTIFIC_POLICY_V1,PENDING_OWNER_REVIEW
NGIQ-BR-00000491,"Area IFJ2 (IFS, PreCS) right",right,JULICH_BRAIN_CYTOARCHITECTONIC_ATLAS_V3_1_AREA_IFJ2_IFS_PRECS,APPROVE_DOMINANT_OVERLAP,NGIQ-BR-00000004,0.717301,0.69577176,0.92803504,0.07196496,DOMINANT_CRITERIA_V1,False,False,G4_G3_SCIENTIFIC_POLICY_V1,PENDING_OWNER_REVIEW
NGIQ-BR-00000490,Area IFS1 (IFS) left,left,JULICH_BRAIN_CYTOARCHITECTONIC_ATLAS_V3_1_AREA_IFS1_IFS,PARTIAL_OVERLAP,NGIQ-BR-00000035,0.205173,0.34717108,0.92414187,0.07585813,PARTIAL_CRITERIA_V1,False,False,G4_G3_SCIENTIFIC_POLICY_V1,PENDING_OWNER_REVIEW
NGIQ-BR-00000490,Area IFS1 (IFS) left,left,JULICH_BRAIN_CYTOARCHITECTONIC_ATLAS_V3_1_AREA_IFS1_IFS,PARTIAL_OVERLAP,NGIQ-BR-00000039,0.416396,0.34717108,0.92414187,0.07585813,PARTIAL_CRITERIA_V1,False,False,G4_G3_SCIENTIFIC_POLICY_V1,PENDING_OWNER_REVIEW
NGIQ-BR-00000490,Area IFS1 (IFS) left,left,JULICH_BRAIN_CYTOARCHITECTONIC_ATLAS_V3_1_AREA_IFS1_IFS,PARTIAL_OVERLAP,NGIQ-BR-00000047,0.300111,0.34717108,0.92414187,0.07585813,PARTIAL_CRITERIA_V1,False,False,G4_G3_SCIENTIFIC_POLICY_V1,PENDING_OWNER_REVIEW
NGIQ-BR-00000494,Area IFS3 (IFS) left,left,JULICH_BRAIN_CYTOARCHITECTONIC_ATLAS_V3_1_AREA_IFS3_IFS,APPROVE_CONTAINED_IN,NGIQ-BR-00000035,0.900963,0.54207351,0.96205714,0.03794286,CONTAINED_CRITERIA_V1,True,True,G4_G3_SCIENTIFIC_POLICY_V1,PENDING_OWNER_REVIEW
NGIQ-BR-00000486,Area IFS4 (IFS) left,left,JULICH_BRAIN_CYTOARCHITECTONIC_ATLAS_V3_1_AREA_IFS4_IFS,PARTIAL_OVERLAP,NGIQ-BR-00000035,0.335558,0.30309131,0.91847229,0.08152771,PARTIAL_CRITERIA_V1,False,False,G4_G3_SCIENTIFIC_POLICY_V1,PENDING_OWNER_REVIEW
NGIQ-BR-00000486,Area IFS4 (IFS) left,left,JULICH_BRAIN_CYTOARCHITECTONIC_ATLAS_V3_1_AREA_IFS4_IFS,PARTIAL_OVERLAP,NGIQ-BR-00000003,0.374682,0.30309131,0.91847229,0.08152771,PARTIAL_CRITERIA_V1,False,False,G4_G3_SCIENTIFIC_POLICY_V1,PENDING_OWNER_REVIEW
NGIQ-BR-00000486,Area IFS4 (IFS) left,left,JULICH_BRAIN_CYTOARCHITECTONIC_ATLAS_V3_1_AREA_IFS4_IFS,PARTIAL_OVERLAP,NGIQ-BR-00000047,0.189419,0.30309131,0.91847229,0.08152771,PARTIAL_CRITERIA_V1,False,False,G4_G3_SCIENTIFIC_POLICY_V1,PENDING_OWNER_REVIEW
NGIQ-BR-00000540,Area Ig1 (Insula) left,left,JULICH_BRAIN_CYTOARCHITECTONIC_ATLAS_V3_1_AREA_IG1_INSULA,APPROVE_DOMINANT_OVERLAP,NGIQ-BR-00000013,0.743071,0.64395968,0.81481171,0.18518829,DOMINANT_CRITERIA_V1,False,False,G4_G3_SCIENTIFIC_POLICY_V1,PENDING_OWNER_REVIEW
NGIQ-BR-00000539,Area Ig1 (Insula) right,right,JULICH_BRAIN_CYTOARCHITECTONIC_ATLAS_V3_1_AREA_IG1_INSULA,APPROVE_DOMINANT_OVERLAP,NGIQ-BR-00000014,0.693754,0.55344219,0.84259756,0.15740244,DOMINANT_CRITERIA_V1,False,False,G4_G3_SCIENTIFIC_POLICY_V1,PENDING_OWNER_REVIEW
NGIQ-BR-00000542,Area Ig2 (Insula) left,left,JULICH_BRAIN_CYTOARCHITECTONIC_ATLAS_V3_1_AREA_IG2_INSULA,APPROVE_DOMINANT_OVERLAP,NGIQ-BR-00000013,0.790602,0.66276025,0.92704461,0.07295539,DOMINANT_CRITERIA_V1,False,False,G4_G3_SCIENTIFIC_POLICY_V1,PENDING_OWNER_REVIEW
NGIQ-BR-00000541,Area Ig2 (Insula) right,right,JULICH_BRAIN_CYTOARCHITECTONIC_ATLAS_V3_1_AREA_IG2_INSULA,APPROVE_DOMINANT_OVERLAP,NGIQ-BR-00000014,0.728074,0.58206791,0.91822126,0.08177874,DOMINANT_CRITERIA_V1,False,False,G4_G3_SCIENTIFIC_POLICY_V1,PENDING_OWNER_REVIEW
NGIQ-BR-00000538,Area Ig3 (Insula) left,left,JULICH_BRAIN_CYTOARCHITECTONIC_ATLAS_V3_1_AREA_IG3_INSULA,APPROVE_DOMINANT_OVERLAP,NGIQ-BR-00000177,0.660575,0.59588346,0.96885098,0.03114902,DOMINANT_CRITERIA_V1,False,False,G4_G3_SCIENTIFIC_POLICY_V1,PENDING_OWNER_REVIEW
NGIQ-BR-00000537,Area Ig3 (Insula) right,right,JULICH_BRAIN_CYTOARCHITECTONIC_ATLAS_V3_1_AREA_IG3_INSULA,APPROVE_DOMINANT_OVERLAP,NGIQ-BR-00000178,0.620508,0.54069532,0.90055049,0.09944951,DOMINANT_CRITERIA_V1,False,False,G4_G3_SCIENTIFIC_POLICY_V1,PENDING_OWNER_REVIEW
NGIQ-BR-00000510,Area MFG1 (MFG) left,left,JULICH_BRAIN_CYTOARCHITECTONIC_ATLAS_V3_1_AREA_MFG1_MFG,PARTIAL_OVERLAP,NGIQ-BR-00000033,0.324117,0.33281448,0.9741021,0.0258979,PARTIAL_CRITERIA_V1,False,False,G4_G3_SCIENTIFIC_POLICY_V1,PENDING_OWNER_REVIEW
NGIQ-BR-00000510,Area MFG1 (MFG) left,left,JULICH_BRAIN_CYTOARCHITECTONIC_ATLAS_V3_1_AREA_MFG1_MFG,PARTIAL_OVERLAP,NGIQ-BR-00000037,0.33956,0.33281448,0.9741021,0.0258979,PARTIAL_CRITERIA_V1,False,False,G4_G3_SCIENTIFIC_POLICY_V1,PENDING_OWNER_REVIEW
NGIQ-BR-00000510,Area MFG1 (MFG) left,left,JULICH_BRAIN_CYTOARCHITECTONIC_ATLAS_V3_1_AREA_MFG1_MFG,PARTIAL_OVERLAP,NGIQ-BR-00000039,0.310394,0.33281448,0.9741021,0.0258979,PARTIAL_CRITERIA_V1,False,False,G4_G3_SCIENTIFIC_POLICY_V1,PENDING_OWNER_REVIEW
NGIQ-BR-00000498,Area MFG2 (MFG) left,left,JULICH_BRAIN_CYTOARCHITECTONIC_ATLAS_V3_1_AREA_MFG2_MFG,APPROVE_DOMINANT_OVERLAP,NGIQ-BR-00000037,0.781251,0.47703977,0.9391738,0.0608262,DOMINANT_CRITERIA_V1,False,False,G4_G3_SCIENTIFIC_POLICY_V1,PENDING_OWNER_REVIEW
NGIQ-BR-00000497,Area MFG2 (MFG) right,right,JULICH_BRAIN_CYTOARCHITECTONIC_ATLAS_V3_1_AREA_MFG2_MFG,APPROVE_DOMINANT_OVERLAP,NGIQ-BR-00000038,0.710516,0.5988839,0.9596442,0.0403558,DOMINANT_CRITERIA_V1,False,False,G4_G3_SCIENTIFIC_POLICY_V1,PENDING_OWNER_REVIEW
NGIQ-BR-00000508,Area MFG4 (MFG) left,left,JULICH_BRAIN_CYTOARCHITECTONIC_ATLAS_V3_1_AREA_MFG4_MFG,PARTIAL_OVERLAP,NGIQ-BR-00000033,0.450787,0.36778929,0.93801036,0.06198964,PARTIAL_CRITERIA_V1,False,False,G4_G3_SCIENTIFIC_POLICY_V1,PENDING_OWNER_REVIEW
NGIQ-BR-00000508,Area MFG4 (MFG) left,left,JULICH_BRAIN_CYTOARCHITECTONIC_ATLAS_V3_1_AREA_MFG4_MFG,PARTIAL_OVERLAP,NGIQ-BR-00000039,0.367338,0.36778929,0.93801036,0.06198964,PARTIAL_CRITERIA_V1,False,False,G4_G3_SCIENTIFIC_POLICY_V1,PENDING_OWNER_REVIEW
NGIQ-BR-00000507,Area MFG4 (MFG) right,right,JULICH_BRAIN_CYTOARCHITECTONIC_ATLAS_V3_1_AREA_MFG4_MFG,APPROVE_DOMINANT_OVERLAP,NGIQ-BR-00000034,0.559643,0.43615427,0.94320992,0.05679008,DOMINANT_CRITERIA_V1,False,False,G4_G3_SCIENTIFIC_POLICY_V1,PENDING_OWNER_REVIEW
NGIQ-BR-00000520,"Area MFG5 (MFG, IFG) left",left,JULICH_BRAIN_CYTOARCHITECTONIC_ATLAS_V3_1_AREA_MFG5_MFG_IFG,APPROVE_CONTAINED_IN,NGIQ-BR-00000039,0.90548,0.68579409,0.97474126,0.02525874,CONTAINED_CRITERIA_V1,True,True,G4_G3_SCIENTIFIC_POLICY_V1,PENDING_OWNER_REVIEW
NGIQ-BR-00000404,Area Op1 (POperc) left,left,JULICH_BRAIN_CYTOARCHITECTONIC_ATLAS_V3_1_AREA_OP1_POPERC,APPROVE_DOMINANT_OVERLAP,NGIQ-BR-00000153,0.579329,0.62002704,0.96715896,0.03284104,DOMINANT_CRITERIA_V1,False,False,G4_G3_SCIENTIFIC_POLICY_V1,PENDING_OWNER_REVIEW
NGIQ-BR-00000403,Area Op1 (POperc) right,right,JULICH_BRAIN_CYTOARCHITECTONIC_ATLAS_V3_1_AREA_OP1_POPERC,PARTIAL_OVERLAP,NGIQ-BR-00000154,0.541446,0.55412121,0.934467,0.065533,PARTIAL_CRITERIA_V1,False,False,G4_G3_SCIENTIFIC_POLICY_V1,PENDING_OWNER_REVIEW
NGIQ-BR-00000403,Area Op1 (POperc) right,right,JULICH_BRAIN_CYTOARCHITECTONIC_ATLAS_V3_1_AREA_OP1_POPERC,PARTIAL_OVERLAP,NGIQ-BR-00000166,0.374339,0.55412121,0.934467,0.065533,PARTIAL_CRITERIA_V1,False,False,G4_G3_SCIENTIFIC_POLICY_V1,PENDING_OWNER_REVIEW
NGIQ-BR-00000406,Area Op2 (POperc) left,left,JULICH_BRAIN_CYTOARCHITECTONIC_ATLAS_V3_1_AREA_OP2_POPERC,APPROVE_DOMINANT_OVERLAP,NGIQ-BR-00000013,0.533763,0.43756537,0.79396754,0.20603246,DOMINANT_CRITERIA_V1,False,False,G4_G3_SCIENTIFIC_POLICY_V1,PENDING_OWNER_REVIEW
NGIQ-BR-00000405,Area Op2 (POperc) right,right,JULICH_BRAIN_CYTOARCHITECTONIC_ATLAS_V3_1_AREA_OP2_POPERC,PARTIAL_OVERLAP,NGIQ-BR-00000154,0.272526,0.35960124,0.8157319,0.1842681,PARTIAL_CRITERIA_V1,False,False,G4_G3_SCIENTIFIC_POLICY_V1,PENDING_OWNER_REVIEW
NGIQ-BR-00000405,Area Op2 (POperc) right,right,JULICH_BRAIN_CYTOARCHITECTONIC_ATLAS_V3_1_AREA_OP2_POPERC,PARTIAL_OVERLAP,NGIQ-BR-00000014,0.460407,0.35960124,0.8157319,0.1842681,PARTIAL_CRITERIA_V1,False,False,G4_G3_SCIENTIFIC_POLICY_V1,PENDING_OWNER_REVIEW
NGIQ-BR-00000408,Area Op3 (POperc) left,left,JULICH_BRAIN_CYTOARCHITECTONIC_ATLAS_V3_1_AREA_OP3_POPERC,PARTIAL_OVERLAP,NGIQ-BR-00000165,0.435534,0.42504323,0.84911142,0.15088858,PARTIAL_CRITERIA_V1,False,False,G4_G3_SCIENTIFIC_POLICY_V1,PENDING_OWNER_REVIEW
NGIQ-BR-00000408,Area Op3 (POperc) left,left,JULICH_BRAIN_CYTOARCHITECTONIC_ATLAS_V3_1_AREA_OP3_POPERC,PARTIAL_OVERLAP,NGIQ-BR-00000177,0.372509,0.42504323,0.84911142,0.15088858,PARTIAL_CRITERIA_V1,False,False,G4_G3_SCIENTIFIC_POLICY_V1,PENDING_OWNER_REVIEW
NGIQ-BR-00000407,Area Op3 (POperc) right,right,JULICH_BRAIN_CYTOARCHITECTONIC_ATLAS_V3_1_AREA_OP3_POPERC,PARTIAL_OVERLAP,NGIQ-BR-00000166,0.499415,0.54618549,0.78758141,0.21241859,PARTIAL_CRITERIA_V1,False,False,G4_G3_SCIENTIFIC_POLICY_V1,PENDING_OWNER_REVIEW
NGIQ-BR-00000407,Area Op3 (POperc) right,right,JULICH_BRAIN_CYTOARCHITECTONIC_ATLAS_V3_1_AREA_OP3_POPERC,PARTIAL_OVERLAP,NGIQ-BR-00000178,0.237184,0.54618549,0.78758141,0.21241859,PARTIAL_CRITERIA_V1,False,False,G4_G3_SCIENTIFIC_POLICY_V1,PENDING_OWNER_REVIEW
NGIQ-BR-00000410,Area Op4 (POperc) left,left,JULICH_BRAIN_CYTOARCHITECTONIC_ATLAS_V3_1_AREA_OP4_POPERC,APPROVE_DOMINANT_OVERLAP,NGIQ-BR-00000165,0.732482,0.67357837,0.89957777,0.10042223,DOMINANT_CRITERIA_V1,False,False,G4_G3_SCIENTIFIC_POLICY_V1,PENDING_OWNER_REVIEW
NGIQ-BR-00000409,Area Op4 (POperc) right,right,JULICH_BRAIN_CYTOARCHITECTONIC_ATLAS_V3_1_AREA_OP4_POPERC,APPROVE_DOMINANT_OVERLAP,NGIQ-BR-00000166,0.542029,0.46216805,0.95224786,0.04775214,DOMINANT_CRITERIA_V1,False,False,G4_G3_SCIENTIFIC_POLICY_V1,PENDING_OWNER_REVIEW
NGIQ-BR-00000478,Area Op5 (Frontal Operculum) left,left,JULICH_BRAIN_CYTOARCHITECTONIC_ATLAS_V3_1_AREA_OP5_FRONTAL_OPERCULUM,PARTIAL_OVERLAP,NGIQ-BR-00000077,0.493571,0.54327216,0.79624768,0.20375232,PARTIAL_CRITERIA_V1,False,False,G4_G3_SCIENTIFIC_POLICY_V1,PENDING_OWNER_REVIEW
NGIQ-BR-00000478,Area Op5 (Frontal Operculum) left,left,JULICH_BRAIN_CYTOARCHITECTONIC_ATLAS_V3_1_AREA_OP5_FRONTAL_OPERCULUM,PARTIAL_OVERLAP,NGIQ-BR-00000165,0.163715,0.54327216,0.79624768,0.20375232,PARTIAL_CRITERIA_V1,False,False,G4_G3_SCIENTIFIC_POLICY_V1,PENDING_OWNER_REVIEW
NGIQ-BR-00000477,Area Op5 (Frontal Operculum) right,right,JULICH_BRAIN_CYTOARCHITECTONIC_ATLAS_V3_1_AREA_OP5_FRONTAL_OPERCULUM,PARTIAL_OVERLAP,NGIQ-BR-00000078,0.478827,0.55596755,0.88254828,0.11745172,PARTIAL_CRITERIA_V1,False,False,G4_G3_SCIENTIFIC_POLICY_V1,PENDING_OWNER_REVIEW
NGIQ-BR-00000477,Area Op5 (Frontal Operculum) right,right,JULICH_BRAIN_CYTOARCHITECTONIC_ATLAS_V3_1_AREA_OP5_FRONTAL_OPERCULUM,PARTIAL_OVERLAP,NGIQ-BR-00000166,0.254236,0.55596755,0.88254828,0.11745172,PARTIAL_CRITERIA_V1,False,False,G4_G3_SCIENTIFIC_POLICY_V1,PENDING_OWNER_REVIEW
NGIQ-BR-00000476,Area Op6 (Frontal Operculum) left,left,JULICH_BRAIN_CYTOARCHITECTONIC_ATLAS_V3_1_AREA_OP6_FRONTAL_OPERCULUM,PARTIAL_OVERLAP,NGIQ-BR-00000055,0.182006,0.43523444,0.88494274,0.11505726,PARTIAL_CRITERIA_V1,False,False,G4_G3_SCIENTIFIC_POLICY_V1,PENDING_OWNER_REVIEW
NGIQ-BR-00000476,Area Op6 (Frontal Operculum) left,left,JULICH_BRAIN_CYTOARCHITECTONIC_ATLAS_V3_1_AREA_OP6_FRONTAL_OPERCULUM,PARTIAL_OVERLAP,NGIQ-BR-00000077,0.427405,0.43523444,0.88494274,0.11505726,PARTIAL_CRITERIA_V1,False,False,G4_G3_SCIENTIFIC_POLICY_V1,PENDING_OWNER_REVIEW
NGIQ-BR-00000475,Area Op6 (Frontal Operculum) right,right,JULICH_BRAIN_CYTOARCHITECTONIC_ATLAS_V3_1_AREA_OP6_FRONTAL_OPERCULUM,APPROVE_DOMINANT_OVERLAP,NGIQ-BR-00000078,0.528666,0.55147837,0.94954483,0.05045517,DOMINANT_CRITERIA_V1,False,False,G4_G3_SCIENTIFIC_POLICY_V1,PENDING_OWNER_REVIEW
NGIQ-BR-00000479,Area Op7 (Frontal Operculum) right,right,JULICH_BRAIN_CYTOARCHITECTONIC_ATLAS_V3_1_AREA_OP7_FRONTAL_OPERCULUM,APPROVE_DOMINANT_OVERLAP,NGIQ-BR-00000054,0.584581,0.64235579,0.8719277,0.1280723,DOMINANT_CRITERIA_V1,False,False,G4_G3_SCIENTIFIC_POLICY_V1,PENDING_OWNER_REVIEW
NGIQ-BR-00000484,Area Op8 (Frontal Operculum) left,left,JULICH_BRAIN_CYTOARCHITECTONIC_ATLAS_V3_1_AREA_OP8_FRONTAL_OPERCULUM,APPROVE_DOMINANT_OVERLAP,NGIQ-BR-00000053,0.727313,0.60158398,0.88569155,0.11430845,DOMINANT_CRITERIA_V1,False,False,G4_G3_SCIENTIFIC_POLICY_V1,PENDING_OWNER_REVIEW
NGIQ-BR-00000483,Area Op8 (Frontal Operculum) right,right,JULICH_BRAIN_CYTOARCHITECTONIC_ATLAS_V3_1_AREA_OP8_FRONTAL_OPERCULUM,APPROVE_DOMINANT_OVERLAP,NGIQ-BR-00000054,0.780794,0.71187894,0.93754144,0.06245856,DOMINANT_CRITERIA_V1,False,False,G4_G3_SCIENTIFIC_POLICY_V1,PENDING_OWNER_REVIEW
NGIQ-BR-00000481,Area Op9 (Frontal Operculum) right,right,JULICH_BRAIN_CYTOARCHITECTONIC_ATLAS_V3_1_AREA_OP9_FRONTAL_OPERCULUM,APPROVE_DOMINANT_OVERLAP,NGIQ-BR-00000054,0.590677,0.50372459,0.90169149,0.09830851,DOMINANT_CRITERIA_V1,False,False,G4_G3_SCIENTIFIC_POLICY_V1,PENDING_OWNER_REVIEW
NGIQ-BR-00000650,Area p32 (pACC) left,left,JULICH_BRAIN_CYTOARCHITECTONIC_ATLAS_V3_1_AREA_P32_PACC,APPROVE_DOMINANT_OVERLAP,NGIQ-BR-00000031,0.51366,0.45679932,0.91064422,0.08935578,DOMINANT_CRITERIA_V1,False,False,G4_G3_SCIENTIFIC_POLICY_V1,PENDING_OWNER_REVIEW
NGIQ-BR-00000649,Area p32 (pACC) right,right,JULICH_BRAIN_CYTOARCHITECTONIC_ATLAS_V3_1_AREA_P32_PACC,PARTIAL_OVERLAP,NGIQ-BR-00000030,0.155149,0.37272752,0.89157262,0.10842738,PARTIAL_CRITERIA_V1,False,False,G4_G3_SCIENTIFIC_POLICY_V1,PENDING_OWNER_REVIEW
NGIQ-BR-00000649,Area p32 (pACC) right,right,JULICH_BRAIN_CYTOARCHITECTONIC_ATLAS_V3_1_AREA_P32_PACC,PARTIAL_OVERLAP,NGIQ-BR-00000032,0.406256,0.37272752,0.89157262,0.10842738,PARTIAL_CRITERIA_V1,False,False,G4_G3_SCIENTIFIC_POLICY_V1,PENDING_OWNER_REVIEW
NGIQ-BR-00000649,Area p32 (pACC) right,right,JULICH_BRAIN_CYTOARCHITECTONIC_ATLAS_V3_1_AREA_P32_PACC,PARTIAL_OVERLAP,NGIQ-BR-00000058,0.290187,0.37272752,0.89157262,0.10842738,PARTIAL_CRITERIA_V1,False,False,G4_G3_SCIENTIFIC_POLICY_V1,PENDING_OWNER_REVIEW
NGIQ-BR-00000414,Area PFcm (IPL) left,left,JULICH_BRAIN_CYTOARCHITECTONIC_ATLAS_V3_1_AREA_PFCM_IPL,APPROVE_DOMINANT_OVERLAP,NGIQ-BR-00000153,0.610556,0.5223056,0.91862196,0.08137804,DOMINANT_CRITERIA_V1,False,False,G4_G3_SCIENTIFIC_POLICY_V1,PENDING_OWNER_REVIEW
NGIQ-BR-00000413,Area PFcm (IPL) right,right,JULICH_BRAIN_CYTOARCHITECTONIC_ATLAS_V3_1_AREA_PFCM_IPL,APPROVE_CONTAINED_IN,NGIQ-BR-00000154,0.890025,0.81092418,0.95410276,0.04589724,CONTAINED_CRITERIA_V1,True,True,G4_G3_SCIENTIFIC_POLICY_V1,PENDING_OWNER_REVIEW
NGIQ-BR-00000420,Area PFm (IPL) left,left,JULICH_BRAIN_CYTOARCHITECTONIC_ATLAS_V3_1_AREA_PFM_IPL,APPROVE_DOMINANT_OVERLAP,NGIQ-BR-00000149,0.678152,0.50765545,0.96677919,0.03322081,DOMINANT_CRITERIA_V1,False,False,G4_G3_SCIENTIFIC_POLICY_V1,PENDING_OWNER_REVIEW
NGIQ-BR-00000419,Area PFm (IPL) right,right,JULICH_BRAIN_CYTOARCHITECTONIC_ATLAS_V3_1_AREA_PFM_IPL,APPROVE_DOMINANT_OVERLAP,NGIQ-BR-00000150,0.74558,0.49779462,0.96105772,0.03894228,DOMINANT_CRITERIA_V1,False,False,G4_G3_SCIENTIFIC_POLICY_V1,PENDING_OWNER_REVIEW
NGIQ-BR-00000424,Area PFop (IPL) left,left,JULICH_BRAIN_CYTOARCHITECTONIC_ATLAS_V3_1_AREA_PFOP_IPL,APPROVE_DOMINANT_OVERLAP,NGIQ-BR-00000153,0.521684,0.45957342,0.91581491,0.08418509,DOMINANT_CRITERIA_V1,False,False,G4_G3_SCIENTIFIC_POLICY_V1,PENDING_OWNER_REVIEW
NGIQ-BR-00000418,Area PFt (IPL) left,left,JULICH_BRAIN_CYTOARCHITECTONIC_ATLAS_V3_1_AREA_PFT_IPL,APPROVE_DOMINANT_OVERLAP,NGIQ-BR-00000147,0.562207,0.49932633,0.91424799,0.08575201,DOMINANT_CRITERIA_V1,False,False,G4_G3_SCIENTIFIC_POLICY_V1,PENDING_OWNER_REVIEW
NGIQ-BR-00000417,Area PFt (IPL) right,right,JULICH_BRAIN_CYTOARCHITECTONIC_ATLAS_V3_1_AREA_PFT_IPL,PARTIAL_OVERLAP,NGIQ-BR-00000148,0.433055,0.44284775,0.92387108,0.07612892,PARTIAL_CRITERIA_V1,False,False,G4_G3_SCIENTIFIC_POLICY_V1,PENDING_OWNER_REVIEW
NGIQ-BR-00000417,Area PFt (IPL) right,right,JULICH_BRAIN_CYTOARCHITECTONIC_ATLAS_V3_1_AREA_PFT_IPL,PARTIAL_OVERLAP,NGIQ-BR-00000168,0.326063,0.44284775,0.92387108,0.07612892,PARTIAL_CRITERIA_V1,False,False,G4_G3_SCIENTIFIC_POLICY_V1,PENDING_OWNER_REVIEW
NGIQ-BR-00000412,Area PF (IPL) left,left,JULICH_BRAIN_CYTOARCHITECTONIC_ATLAS_V3_1_AREA_PF_IPL,PARTIAL_OVERLAP,NGIQ-BR-00000147,0.241379,0.34859559,0.97574757,0.02425243,PARTIAL_CRITERIA_V1,False,False,G4_G3_SCIENTIFIC_POLICY_V1,PENDING_OWNER_REVIEW
NGIQ-BR-00000412,Area PF (IPL) left,left,JULICH_BRAIN_CYTOARCHITECTONIC_ATLAS_V3_1_AREA_PF_IPL,PARTIAL_OVERLAP,NGIQ-BR-00000149,0.408242,0.34859559,0.97574757,0.02425243,PARTIAL_CRITERIA_V1,False,False,G4_G3_SCIENTIFIC_POLICY_V1,PENDING_OWNER_REVIEW
NGIQ-BR-00000412,Area PF (IPL) left,left,JULICH_BRAIN_CYTOARCHITECTONIC_ATLAS_V3_1_AREA_PF_IPL,PARTIAL_OVERLAP,NGIQ-BR-00000153,0.262139,0.34859559,0.97574757,0.02425243,PARTIAL_CRITERIA_V1,False,False,G4_G3_SCIENTIFIC_POLICY_V1,PENDING_OWNER_REVIEW
NGIQ-BR-00000411,Area PF (IPL) right,right,JULICH_BRAIN_CYTOARCHITECTONIC_ATLAS_V3_1_AREA_PF_IPL,APPROVE_DOMINANT_OVERLAP,NGIQ-BR-00000154,0.516137,0.41943296,0.9847056,0.0152944,DOMINANT_CRITERIA_V1,False,False,G4_G3_SCIENTIFIC_POLICY_V1,PENDING_OWNER_REVIEW
NGIQ-BR-00000416,Area PGa (IPL) left,left,JULICH_BRAIN_CYTOARCHITECTONIC_ATLAS_V3_1_AREA_PGA_IPL,PARTIAL_OVERLAP,NGIQ-BR-00000145,0.227568,0.36940559,0.9673355,0.0326645,PARTIAL_CRITERIA_V1,False,False,G4_G3_SCIENTIFIC_POLICY_V1,PENDING_OWNER_REVIEW
NGIQ-BR-00000416,Area PGa (IPL) left,left,JULICH_BRAIN_CYTOARCHITECTONIC_ATLAS_V3_1_AREA_PGA_IPL,PARTIAL_OVERLAP,NGIQ-BR-00000149,0.366401,0.36940559,0.9673355,0.0326645,PARTIAL_CRITERIA_V1,False,False,G4_G3_SCIENTIFIC_POLICY_V1,PENDING_OWNER_REVIEW
NGIQ-BR-00000416,Area PGa (IPL) left,left,JULICH_BRAIN_CYTOARCHITECTONIC_ATLAS_V3_1_AREA_PGA_IPL,PARTIAL_OVERLAP,NGIQ-BR-00000151,0.322453,0.36940559,0.9673355,0.0326645,PARTIAL_CRITERIA_V1,False,False,G4_G3_SCIENTIFIC_POLICY_V1,PENDING_OWNER_REVIEW
NGIQ-BR-00000415,Area PGa (IPL) right,right,JULICH_BRAIN_CYTOARCHITECTONIC_ATLAS_V3_1_AREA_PGA_IPL,APPROVE_DOMINANT_OVERLAP,NGIQ-BR-00000152,0.544787,0.41171985,0.9648764,0.0351236,DOMINANT_CRITERIA_V1,False,False,G4_G3_SCIENTIFIC_POLICY_V1,PENDING_OWNER_REVIEW
NGIQ-BR-00000422,Area PGp (IPL) left,left,JULICH_BRAIN_CYTOARCHITECTONIC_ATLAS_V3_1_AREA_PGP_IPL,APPROVE_DOMINANT_OVERLAP,NGIQ-BR-00000151,0.650514,0.46890775,0.97175796,0.02824204,DOMINANT_CRITERIA_V1,False,False,G4_G3_SCIENTIFIC_POLICY_V1,PENDING_OWNER_REVIEW
NGIQ-BR-00000421,Area PGp (IPL) right,right,JULICH_BRAIN_CYTOARCHITECTONIC_ATLAS_V3_1_AREA_PGP_IPL,PARTIAL_OVERLAP,NGIQ-BR-00000012,0.315796,0.32351679,0.98524799,0.01475201,PARTIAL_CRITERIA_V1,False,False,G4_G3_SCIENTIFIC_POLICY_V1,PENDING_OWNER_REVIEW
NGIQ-BR-00000421,Area PGp (IPL) right,right,JULICH_BRAIN_CYTOARCHITECTONIC_ATLAS_V3_1_AREA_PGP_IPL,PARTIAL_OVERLAP,NGIQ-BR-00000146,0.243417,0.32351679,0.98524799,0.01475201,PARTIAL_CRITERIA_V1,False,False,G4_G3_SCIENTIFIC_POLICY_V1,PENDING_OWNER_REVIEW
NGIQ-BR-00000421,Area PGp (IPL) right,right,JULICH_BRAIN_CYTOARCHITECTONIC_ATLAS_V3_1_AREA_PGP_IPL,PARTIAL_OVERLAP,NGIQ-BR-00000152,0.405399,0.32351679,0.98524799,0.01475201,PARTIAL_CRITERIA_V1,False,False,G4_G3_SCIENTIFIC_POLICY_V1,PENDING_OWNER_REVIEW
NGIQ-BR-00000588,Area Ph1 (PhG) left,left,JULICH_BRAIN_CYTOARCHITECTONIC_ATLAS_V3_1_AREA_PH1_PHG,APPROVE_DOMINANT_OVERLAP,NGIQ-BR-00000199,0.65942,0.51152576,0.86322797,0.13677203,DOMINANT_CRITERIA_V1,False,False,G4_G3_SCIENTIFIC_POLICY_V1,PENDING_OWNER_REVIEW
NGIQ-BR-00000587,Area Ph1 (PhG) right,right,JULICH_BRAIN_CYTOARCHITECTONIC_ATLAS_V3_1_AREA_PH1_PHG,PARTIAL_OVERLAP,NGIQ-BR-00000118,0.438215,0.42701511,0.96724554,0.03275446,PARTIAL_CRITERIA_V1,False,False,G4_G3_SCIENTIFIC_POLICY_V1,PENDING_OWNER_REVIEW
NGIQ-BR-00000587,Area Ph1 (PhG) right,right,JULICH_BRAIN_CYTOARCHITECTONIC_ATLAS_V3_1_AREA_PH1_PHG,PARTIAL_OVERLAP,NGIQ-BR-00000200,0.501913,0.42701511,0.96724554,0.03275446,PARTIAL_CRITERIA_V1,False,False,G4_G3_SCIENTIFIC_POLICY_V1,PENDING_OWNER_REVIEW
NGIQ-BR-00000592,Area Ph3 (PhG) left,left,JULICH_BRAIN_CYTOARCHITECTONIC_ATLAS_V3_1_AREA_PH3_PHG,APPROVE_DOMINANT_OVERLAP,NGIQ-BR-00000199,0.760571,0.59060666,0.96620213,0.03379787,DOMINANT_CRITERIA_V1,False,False,G4_G3_SCIENTIFIC_POLICY_V1,PENDING_OWNER_REVIEW
NGIQ-BR-00000591,Area Ph3 (PhG) right,right,JULICH_BRAIN_CYTOARCHITECTONIC_ATLAS_V3_1_AREA_PH3_PHG,APPROVE_CONTAINED_IN,NGIQ-BR-00000200,0.880439,0.76899014,0.98326256,0.01673744,CONTAINED_CRITERIA_V1,True,True,G4_G3_SCIENTIFIC_POLICY_V1,PENDING_OWNER_REVIEW
NGIQ-BR-00000646,Area s32 (sACC) left,left,JULICH_BRAIN_CYTOARCHITECTONIC_ATLAS_V3_1_AREA_S32_SACC,PARTIAL_OVERLAP,NGIQ-BR-00000057,0.192939,0.32242273,0.91223162,0.08776838,PARTIAL_CRITERIA_V1,False,False,G4_G3_SCIENTIFIC_POLICY_V1,PENDING_OWNER_REVIEW
NGIQ-BR-00000646,Area s32 (sACC) left,left,JULICH_BRAIN_CYTOARCHITECTONIC_ATLAS_V3_1_AREA_S32_SACC,PARTIAL_OVERLAP,NGIQ-BR-00000065,0.384745,0.32242273,0.91223162,0.08776838,PARTIAL_CRITERIA_V1,False,False,G4_G3_SCIENTIFIC_POLICY_V1,PENDING_OWNER_REVIEW
NGIQ-BR-00000646,Area s32 (sACC) left,left,JULICH_BRAIN_CYTOARCHITECTONIC_ATLAS_V3_1_AREA_S32_SACC,PARTIAL_OVERLAP,NGIQ-BR-00000193,0.332813,0.32242273,0.91223162,0.08776838,PARTIAL_CRITERIA_V1,False,False,G4_G3_SCIENTIFIC_POLICY_V1,PENDING_OWNER_REVIEW
NGIQ-BR-00000645,Area s32 (sACC) right,right,JULICH_BRAIN_CYTOARCHITECTONIC_ATLAS_V3_1_AREA_S32_SACC,APPROVE_DOMINANT_OVERLAP,NGIQ-BR-00000058,0.713236,0.58362909,0.96517187,0.03482813,DOMINANT_CRITERIA_V1,False,False,G4_G3_SCIENTIFIC_POLICY_V1,PENDING_OWNER_REVIEW
NGIQ-BR-00000522,Area SFG2 (SFG) left,left,JULICH_BRAIN_CYTOARCHITECTONIC_ATLAS_V3_1_AREA_SFG2_SFG,APPROVE_CONTAINED_IN,NGIQ-BR-00000023,0.880761,0.63533025,0.96315452,0.03684548,CONTAINED_CRITERIA_V1,True,True,G4_G3_SCIENTIFIC_POLICY_V1,PENDING_OWNER_REVIEW
NGIQ-BR-00000521,Area SFG2 (SFG) right,right,JULICH_BRAIN_CYTOARCHITECTONIC_ATLAS_V3_1_AREA_SFG2_SFG,APPROVE_CONTAINED_IN,NGIQ-BR-00000024,0.872605,0.65890706,0.97189367,0.02810633,CONTAINED_CRITERIA_V1,True,True,G4_G3_SCIENTIFIC_POLICY_V1,PENDING_OWNER_REVIEW
NGIQ-BR-00000517,Area SFG3 (SFG) right,right,JULICH_BRAIN_CYTOARCHITECTONIC_ATLAS_V3_1_AREA_SFG3_SFG,PARTIAL_OVERLAP,NGIQ-BR-00000024,0.249763,0.35519896,0.87938195,0.12061805,PARTIAL_CRITERIA_V1,False,False,G4_G3_SCIENTIFIC_POLICY_V1,PENDING_OWNER_REVIEW
NGIQ-BR-00000517,Area SFG3 (SFG) right,right,JULICH_BRAIN_CYTOARCHITECTONIC_ATLAS_V3_1_AREA_SFG3_SFG,PARTIAL_OVERLAP,NGIQ-BR-00000038,0.496884,0.35519896,0.87938195,0.12061805,PARTIAL_CRITERIA_V1,False,False,G4_G3_SCIENTIFIC_POLICY_V1,PENDING_OWNER_REVIEW
NGIQ-BR-00000528,Area SFG4 (SFG) left,left,JULICH_BRAIN_CYTOARCHITECTONIC_ATLAS_V3_1_AREA_SFG4_SFG,APPROVE_DOMINANT_OVERLAP,NGIQ-BR-00000033,0.619468,0.40054323,0.90698713,0.09301287,DOMINANT_CRITERIA_V1,False,False,G4_G3_SCIENTIFIC_POLICY_V1,PENDING_OWNER_REVIEW
NGIQ-BR-00000527,Area SFG4 (SFG) right,right,JULICH_BRAIN_CYTOARCHITECTONIC_ATLAS_V3_1_AREA_SFG4_SFG,APPROVE_DOMINANT_OVERLAP,NGIQ-BR-00000034,0.767526,0.52676343,0.96255577,0.03744423,DOMINANT_CRITERIA_V1,False,False,G4_G3_SCIENTIFIC_POLICY_V1,PENDING_OWNER_REVIEW
NGIQ-BR-00000516,Area SFS1 (SFS) left,left,JULICH_BRAIN_CYTOARCHITECTONIC_ATLAS_V3_1_AREA_SFS1_SFS,PARTIAL_OVERLAP,NGIQ-BR-00000033,0.639058,0.46444792,0.96290977,0.03709023,PARTIAL_CRITERIA_V1,False,False,G4_G3_SCIENTIFIC_POLICY_V1,PENDING_OWNER_REVIEW
NGIQ-BR-00000516,Area SFS1 (SFS) left,left,JULICH_BRAIN_CYTOARCHITECTONIC_ATLAS_V3_1_AREA_SFS1_SFS,PARTIAL_OVERLAP,NGIQ-BR-00000037,0.322842,0.46444792,0.96290977,0.03709023,PARTIAL_CRITERIA_V1,False,False,G4_G3_SCIENTIFIC_POLICY_V1,PENDING_OWNER_REVIEW
NGIQ-BR-00000515,Area SFS1 (SFS) right,right,JULICH_BRAIN_CYTOARCHITECTONIC_ATLAS_V3_1_AREA_SFS1_SFS,APPROVE_CONTAINED_IN,NGIQ-BR-00000038,0.822184,0.57165917,0.8783776,0.1216224,CONTAINED_CRITERIA_V1,True,True,G4_G3_SCIENTIFIC_POLICY_V1,PENDING_OWNER_REVIEW
NGIQ-BR-00000512,Area SFS2 (SFS) left,left,JULICH_BRAIN_CYTOARCHITECTONIC_ATLAS_V3_1_AREA_SFS2_SFS,APPROVE_CONTAINED_IN,NGIQ-BR-00000033,0.909205,0.61372461,0.98547208,0.01452792,CONTAINED_CRITERIA_V1,True,True,G4_G3_SCIENTIFIC_POLICY_V1,PENDING_OWNER_REVIEW
NGIQ-BR-00000511,Area SFS2 (SFS) right,right,JULICH_BRAIN_CYTOARCHITECTONIC_ATLAS_V3_1_AREA_SFS2_SFS,APPROVE_DOMINANT_OVERLAP,NGIQ-BR-00000038,0.796986,0.54498015,0.9667993,0.0332007,DOMINANT_CRITERIA_V1,False,False,G4_G3_SCIENTIFIC_POLICY_V1,PENDING_OWNER_REVIEW
NGIQ-BR-00000572,Area STS1 (STS) left,left,JULICH_BRAIN_CYTOARCHITECTONIC_ATLAS_V3_1_AREA_STS1_STS,PARTIAL_OVERLAP,NGIQ-BR-00000089,0.165536,0.30956004,0.93054725,0.06945275,PARTIAL_CRITERIA_V1,False,False,G4_G3_SCIENTIFIC_POLICY_V1,PENDING_OWNER_REVIEW
NGIQ-BR-00000572,Area STS1 (STS) left,left,JULICH_BRAIN_CYTOARCHITECTONIC_ATLAS_V3_1_AREA_STS1_STS,PARTIAL_OVERLAP,NGIQ-BR-00000093,0.359088,0.30956004,0.93054725,0.06945275,PARTIAL_CRITERIA_V1,False,False,G4_G3_SCIENTIFIC_POLICY_V1,PENDING_OWNER_REVIEW
NGIQ-BR-00000572,Area STS1 (STS) left,left,JULICH_BRAIN_CYTOARCHITECTONIC_ATLAS_V3_1_AREA_STS1_STS,PARTIAL_OVERLAP,NGIQ-BR-00000099,0.326546,0.30956004,0.93054725,0.06945275,PARTIAL_CRITERIA_V1,False,False,G4_G3_SCIENTIFIC_POLICY_V1,PENDING_OWNER_REVIEW
NGIQ-BR-00000570,Area STS2 (STS) left,left,JULICH_BRAIN_CYTOARCHITECTONIC_ATLAS_V3_1_AREA_STS2_STS,PARTIAL_OVERLAP,NGIQ-BR-00000093,0.263831,0.37048601,0.95229931,0.04770069,PARTIAL_CRITERIA_V1,False,False,G4_G3_SCIENTIFIC_POLICY_V1,PENDING_OWNER_REVIEW
NGIQ-BR-00000570,Area STS2 (STS) left,left,JULICH_BRAIN_CYTOARCHITECTONIC_ATLAS_V3_1_AREA_STS2_STS,PARTIAL_OVERLAP,NGIQ-BR-00000099,0.476634,0.37048601,0.95229931,0.04770069,PARTIAL_CRITERIA_V1,False,False,G4_G3_SCIENTIFIC_POLICY_V1,PENDING_OWNER_REVIEW
NGIQ-BR-00000569,Area STS2 (STS) right,right,JULICH_BRAIN_CYTOARCHITECTONIC_ATLAS_V3_1_AREA_STS2_STS,APPROVE_DOMINANT_OVERLAP,NGIQ-BR-00000100,0.680595,0.45862073,0.9570138,0.0429862,DOMINANT_CRITERIA_V1,False,False,G4_G3_SCIENTIFIC_POLICY_V1,PENDING_OWNER_REVIEW
NGIQ-BR-00000598,Area TeI (STG) left,left,JULICH_BRAIN_CYTOARCHITECTONIC_ATLAS_V3_1_AREA_TEI_STG,APPROVE_DOMINANT_OVERLAP,NGIQ-BR-00000087,0.707724,0.57972713,0.84520209,0.15479791,DOMINANT_CRITERIA_V1,False,False,G4_G3_SCIENTIFIC_POLICY_V1,PENDING_OWNER_REVIEW
NGIQ-BR-00000597,Area TeI (STG) right,right,JULICH_BRAIN_CYTOARCHITECTONIC_ATLAS_V3_1_AREA_TEI_STG,APPROVE_CONTAINED_IN,NGIQ-BR-00000088,0.814329,0.67939814,0.91538569,0.08461431,CONTAINED_CRITERIA_V1,True,True,G4_G3_SCIENTIFIC_POLICY_V1,PENDING_OWNER_REVIEW
NGIQ-BR-00000586,Area Te 1.0 (HESCHL) left,left,JULICH_BRAIN_CYTOARCHITECTONIC_ATLAS_V3_1_AREA_TE_1_0_HESCHL,APPROVE_DOMINANT_OVERLAP,NGIQ-BR-00000087,0.63025,0.57331396,0.96261627,0.03738373,DOMINANT_CRITERIA_V1,False,False,G4_G3_SCIENTIFIC_POLICY_V1,PENDING_OWNER_REVIEW
NGIQ-BR-00000585,Area Te 1.0 (HESCHL) right,right,JULICH_BRAIN_CYTOARCHITECTONIC_ATLAS_V3_1_AREA_TE_1_0_HESCHL,APPROVE_DOMINANT_OVERLAP,NGIQ-BR-00000088,0.666216,0.55053885,0.97218078,0.02781922,DOMINANT_CRITERIA_V1,False,False,G4_G3_SCIENTIFIC_POLICY_V1,PENDING_OWNER_REVIEW
NGIQ-BR-00000582,Area Te 1.1 (HESCHL) left,left,JULICH_BRAIN_CYTOARCHITECTONIC_ATLAS_V3_1_AREA_TE_1_1_HESCHL,PARTIAL_OVERLAP,NGIQ-BR-00000087,0.474369,0.5045582,0.84748017,0.15251983,PARTIAL_CRITERIA_V1,False,False,G4_G3_SCIENTIFIC_POLICY_V1,PENDING_OWNER_REVIEW
NGIQ-BR-00000582,Area Te 1.1 (HESCHL) left,left,JULICH_BRAIN_CYTOARCHITECTONIC_ATLAS_V3_1_AREA_TE_1_1_HESCHL,PARTIAL_OVERLAP,NGIQ-BR-00000153,0.199568,0.5045582,0.84748017,0.15251983,PARTIAL_CRITERIA_V1,False,False,G4_G3_SCIENTIFIC_POLICY_V1,PENDING_OWNER_REVIEW
NGIQ-BR-00000584,Area Te 1.2 (HESCHL) left,left,JULICH_BRAIN_CYTOARCHITECTONIC_ATLAS_V3_1_AREA_TE_1_2_HESCHL,PARTIAL_OVERLAP,NGIQ-BR-00000077,0.388758,0.50220765,0.99426381,0.00573619,PARTIAL_CRITERIA_V1,False,False,G4_G3_SCIENTIFIC_POLICY_V1,PENDING_OWNER_REVIEW
NGIQ-BR-00000584,Area Te 1.2 (HESCHL) left,left,JULICH_BRAIN_CYTOARCHITECTONIC_ATLAS_V3_1_AREA_TE_1_2_HESCHL,PARTIAL_OVERLAP,NGIQ-BR-00000087,0.532696,0.50220765,0.99426381,0.00573619,PARTIAL_CRITERIA_V1,False,False,G4_G3_SCIENTIFIC_POLICY_V1,PENDING_OWNER_REVIEW
NGIQ-BR-00000583,Area Te 1.2 (HESCHL) right,right,JULICH_BRAIN_CYTOARCHITECTONIC_ATLAS_V3_1_AREA_TE_1_2_HESCHL,APPROVE_CONTAINED_IN,NGIQ-BR-00000088,0.94973,0.75180027,0.98855984,0.01144016,CONTAINED_CRITERIA_V1,True,True,G4_G3_SCIENTIFIC_POLICY_V1,PENDING_OWNER_REVIEW
NGIQ-BR-00000580,Area Te 2.1 (STG) left,left,JULICH_BRAIN_CYTOARCHITECTONIC_ATLAS_V3_1_AREA_TE_2_1_STG,APPROVE_DOMINANT_OVERLAP,NGIQ-BR-00000087,0.507403,0.43580331,0.89798795,0.10201205,DOMINANT_CRITERIA_V1,False,False,G4_G3_SCIENTIFIC_POLICY_V1,PENDING_OWNER_REVIEW
NGIQ-BR-00000579,Area Te 2.1 (STG) right,right,JULICH_BRAIN_CYTOARCHITECTONIC_ATLAS_V3_1_AREA_TE_2_1_STG,PARTIAL_OVERLAP,NGIQ-BR-00000086,0.304013,0.3537679,0.8797884,0.1202116,PARTIAL_CRITERIA_V1,False,False,G4_G3_SCIENTIFIC_POLICY_V1,PENDING_OWNER_REVIEW
NGIQ-BR-00000579,Area Te 2.1 (STG) right,right,JULICH_BRAIN_CYTOARCHITECTONIC_ATLAS_V3_1_AREA_TE_2_1_STG,PARTIAL_OVERLAP,NGIQ-BR-00000088,0.402343,0.3537679,0.8797884,0.1202116,PARTIAL_CRITERIA_V1,False,False,G4_G3_SCIENTIFIC_POLICY_V1,PENDING_OWNER_REVIEW
NGIQ-BR-00000577,Area Te 2.2 (STG) right,right,JULICH_BRAIN_CYTOARCHITECTONIC_ATLAS_V3_1_AREA_TE_2_2_STG,APPROVE_DOMINANT_OVERLAP,NGIQ-BR-00000086,0.546254,0.51953524,0.90534717,0.09465283,DOMINANT_CRITERIA_V1,False,False,G4_G3_SCIENTIFIC_POLICY_V1,PENDING_OWNER_REVIEW
NGIQ-BR-00000575,Area Te 3 (STG) right,right,JULICH_BRAIN_CYTOARCHITECTONIC_ATLAS_V3_1_AREA_TE_3_STG,PARTIAL_OVERLAP,NGIQ-BR-00000088,0.181733,0.33790958,0.98543573,0.01456427,PARTIAL_CRITERIA_V1,False,False,G4_G3_SCIENTIFIC_POLICY_V1,PENDING_OWNER_REVIEW
NGIQ-BR-00000575,Area Te 3 (STG) right,right,JULICH_BRAIN_CYTOARCHITECTONIC_ATLAS_V3_1_AREA_TE_3_STG,PARTIAL_OVERLAP,NGIQ-BR-00000090,0.466021,0.33790958,0.98543573,0.01456427,PARTIAL_CRITERIA_V1,False,False,G4_G3_SCIENTIFIC_POLICY_V1,PENDING_OWNER_REVIEW
NGIQ-BR-00000575,Area Te 3 (STG) right,right,JULICH_BRAIN_CYTOARCHITECTONIC_ATLAS_V3_1_AREA_TE_3_STG,PARTIAL_OVERLAP,NGIQ-BR-00000094,0.158458,0.33790958,0.98543573,0.01456427,PARTIAL_CRITERIA_V1,False,False,G4_G3_SCIENTIFIC_POLICY_V1,PENDING_OWNER_REVIEW
NGIQ-BR-00000596,Area TI (STG) left,left,JULICH_BRAIN_CYTOARCHITECTONIC_ATLAS_V3_1_AREA_TI_STG,PARTIAL_OVERLAP,NGIQ-BR-00000087,0.450051,0.42097789,0.92393727,0.07606273,PARTIAL_CRITERIA_V1,False,False,G4_G3_SCIENTIFIC_POLICY_V1,PENDING_OWNER_REVIEW
NGIQ-BR-00000596,Area TI (STG) left,left,JULICH_BRAIN_CYTOARCHITECTONIC_ATLAS_V3_1_AREA_TI_STG,PARTIAL_OVERLAP,NGIQ-BR-00000091,0.387583,0.42097789,0.92393727,0.07606273,PARTIAL_CRITERIA_V1,False,False,G4_G3_SCIENTIFIC_POLICY_V1,PENDING_OWNER_REVIEW
NGIQ-BR-00000595,Area TI (STG) right,right,JULICH_BRAIN_CYTOARCHITECTONIC_ATLAS_V3_1_AREA_TI_STG,PARTIAL_OVERLAP,NGIQ-BR-00000088,0.451173,0.47053238,0.92770134,0.07229866,PARTIAL_CRITERIA_V1,False,False,G4_G3_SCIENTIFIC_POLICY_V1,PENDING_OWNER_REVIEW
NGIQ-BR-00000595,Area TI (STG) right,right,JULICH_BRAIN_CYTOARCHITECTONIC_ATLAS_V3_1_AREA_TI_STG,PARTIAL_OVERLAP,NGIQ-BR-00000092,0.394764,0.47053238,0.92770134,0.07229866,PARTIAL_CRITERIA_V1,False,False,G4_G3_SCIENTIFIC_POLICY_V1,PENDING_OWNER_REVIEW
NGIQ-BR-00000740,"AV (Thalamus, anteroventral Nucleus) left",left,JULICH_BRAIN_CYTOARCHITECTONIC_ATLAS_V3_1_AV_THALAMUS_ANTEROVENTRAL_NUCLEUS,PARTIAL_OVERLAP,NGIQ-BR-00000237,0.465327,0.42949469,0.82683884,0.17316116,PARTIAL_CRITERIA_V1,False,False,G4_G3_SCIENTIFIC_POLICY_V1,PENDING_OWNER_REVIEW
NGIQ-BR-00000740,"AV (Thalamus, anteroventral Nucleus) left",left,JULICH_BRAIN_CYTOARCHITECTONIC_ATLAS_V3_1_AV_THALAMUS_ANTEROVENTRAL_NUCLEUS,PARTIAL_OVERLAP,NGIQ-BR-00000243,0.289348,0.42949469,0.82683884,0.17316116,PARTIAL_CRITERIA_V1,False,False,G4_G3_SCIENTIFIC_POLICY_V1,PENDING_OWNER_REVIEW
NGIQ-BR-00000739,"AV (Thalamus, anteroventral Nucleus) right",right,JULICH_BRAIN_CYTOARCHITECTONIC_ATLAS_V3_1_AV_THALAMUS_ANTEROVENTRAL_NUCLEUS,PARTIAL_OVERLAP,NGIQ-BR-00000238,0.238574,0.36574147,0.88438024,0.11561976,PARTIAL_CRITERIA_V1,False,False,G4_G3_SCIENTIFIC_POLICY_V1,PENDING_OWNER_REVIEW
NGIQ-BR-00000739,"AV (Thalamus, anteroventral Nucleus) right",right,JULICH_BRAIN_CYTOARCHITECTONIC_ATLAS_V3_1_AV_THALAMUS_ANTEROVENTRAL_NUCLEUS,PARTIAL_OVERLAP,NGIQ-BR-00000244,0.479264,0.36574147,0.88438024,0.11561976,PARTIAL_CRITERIA_V1,False,False,G4_G3_SCIENTIFIC_POLICY_V1,PENDING_OWNER_REVIEW
NGIQ-BR-00000684,CA1 (Hippocampus) left,left,JULICH_BRAIN_CYTOARCHITECTONIC_ATLAS_V3_1_CA1_HIPPOCAMPUS,APPROVE_DOMINANT_OVERLAP,NGIQ-BR-00000219,0.50109,0.43272592,0.88680224,0.11319776,DOMINANT_CRITERIA_V1,False,False,G4_G3_SCIENTIFIC_POLICY_V1,PENDING_OWNER_REVIEW
NGIQ-BR-00000683,CA1 (Hippocampus) right,right,JULICH_BRAIN_CYTOARCHITECTONIC_ATLAS_V3_1_CA1_HIPPOCAMPUS,APPROVE_DOMINANT_OVERLAP,NGIQ-BR-00000220,0.541004,0.39916268,0.86436431,0.13563569,DOMINANT_CRITERIA_V1,False,False,G4_G3_SCIENTIFIC_POLICY_V1,PENDING_OWNER_REVIEW
NGIQ-BR-00000680,CA2 (Hippocampus) left,left,JULICH_BRAIN_CYTOARCHITECTONIC_ATLAS_V3_1_CA2_HIPPOCAMPUS,PARTIAL_OVERLAP,NGIQ-BR-00000017,0.498043,0.52460036,0.90067756,0.09932244,PARTIAL_CRITERIA_V1,False,False,G4_G3_SCIENTIFIC_POLICY_V1,PENDING_OWNER_REVIEW
NGIQ-BR-00000680,CA2 (Hippocampus) left,left,JULICH_BRAIN_CYTOARCHITECTONIC_ATLAS_V3_1_CA2_HIPPOCAMPUS,PARTIAL_OVERLAP,NGIQ-BR-00000219,0.35412,0.52460036,0.90067756,0.09932244,PARTIAL_CRITERIA_V1,False,False,G4_G3_SCIENTIFIC_POLICY_V1,PENDING_OWNER_REVIEW
NGIQ-BR-00000768,"CM (Thalamus, centromedian Nucleus) left",left,JULICH_BRAIN_CYTOARCHITECTONIC_ATLAS_V3_1_CM_THALAMUS_CENTROMEDIAN_NUCLEUS,APPROVE_DOMINANT_OVERLAP,NGIQ-BR-00000245,0.546841,0.37274841,0.90905023,0.09094977,DOMINANT_CRITERIA_V1,False,False,G4_G3_SCIENTIFIC_POLICY_V1,PENDING_OWNER_REVIEW
NGIQ-BR-00000767,"CM (Thalamus, centromedian Nucleus) right",right,JULICH_BRAIN_CYTOARCHITECTONIC_ATLAS_V3_1_CM_THALAMUS_CENTROMEDIAN_NUCLEUS,PARTIAL_OVERLAP,NGIQ-BR-00000234,0.375913,0.36845857,0.91228247,0.08771753,PARTIAL_CRITERIA_V1,False,False,G4_G3_SCIENTIFIC_POLICY_V1,PENDING_OWNER_REVIEW
NGIQ-BR-00000767,"CM (Thalamus, centromedian Nucleus) right",right,JULICH_BRAIN_CYTOARCHITECTONIC_ATLAS_V3_1_CM_THALAMUS_CENTROMEDIAN_NUCLEUS,PARTIAL_OVERLAP,NGIQ-BR-00000236,0.219066,0.36845857,0.91228247,0.08771753,PARTIAL_CRITERIA_V1,False,False,G4_G3_SCIENTIFIC_POLICY_V1,PENDING_OWNER_REVIEW
NGIQ-BR-00000767,"CM (Thalamus, centromedian Nucleus) right",right,JULICH_BRAIN_CYTOARCHITECTONIC_ATLAS_V3_1_CM_THALAMUS_CENTROMEDIAN_NUCLEUS,PARTIAL_OVERLAP,NGIQ-BR-00000246,0.253294,0.36845857,0.91228247,0.08771753,PARTIAL_CRITERIA_V1,False,False,G4_G3_SCIENTIFIC_POLICY_V1,PENDING_OWNER_REVIEW
NGIQ-BR-00000678,DG (Hippocampus) left,left,JULICH_BRAIN_CYTOARCHITECTONIC_ATLAS_V3_1_DG_HIPPOCAMPUS,APPROVE_DOMINANT_OVERLAP,NGIQ-BR-00000219,0.668969,0.56315811,0.96645798,0.03354202,DOMINANT_CRITERIA_V1,False,False,G4_G3_SCIENTIFIC_POLICY_V1,PENDING_OWNER_REVIEW
NGIQ-BR-00000677,DG (Hippocampus) right,right,JULICH_BRAIN_CYTOARCHITECTONIC_ATLAS_V3_1_DG_HIPPOCAMPUS,APPROVE_DOMINANT_OVERLAP,NGIQ-BR-00000220,0.691802,0.49366731,0.93273957,0.06726043,DOMINANT_CRITERIA_V1,False,False,G4_G3_SCIENTIFIC_POLICY_V1,PENDING_OWNER_REVIEW
NGIQ-BR-00000334,"FuCd (Ventral Striatum, Fundus of Caudate Nucleus) left",left,JULICH_BRAIN_CYTOARCHITECTONIC_ATLAS_V3_1_FUCD_VENTRAL_STRIATUM_FUNDUS_OF_CAUDATE_NUCLEUS,APPROVE_DOMINANT_OVERLAP,NGIQ-BR-00000019,0.674717,0.62843575,0.9398762,0.0601238,DOMINANT_CRITERIA_V1,False,False,G4_G3_SCIENTIFIC_POLICY_V1,PENDING_OWNER_REVIEW
NGIQ-BR-00000333,"FuCd (Ventral Striatum, Fundus of Caudate Nucleus) right",right,JULICH_BRAIN_CYTOARCHITECTONIC_ATLAS_V3_1_FUCD_VENTRAL_STRIATUM_FUNDUS_OF_CAUDATE_NUCLEUS,PARTIAL_OVERLAP,NGIQ-BR-00000221,0.557869,0.42315088,0.93852666,0.06147334,PARTIAL_CRITERIA_V1,False,False,G4_G3_SCIENTIFIC_POLICY_V1,PENDING_OWNER_REVIEW
NGIQ-BR-00000333,"FuCd (Ventral Striatum, Fundus of Caudate Nucleus) right",right,JULICH_BRAIN_CYTOARCHITECTONIC_ATLAS_V3_1_FUCD_VENTRAL_STRIATUM_FUNDUS_OF_CAUDATE_NUCLEUS,PARTIAL_OVERLAP,NGIQ-BR-00000225,0.379508,0.42315088,0.93852666,0.06147334,PARTIAL_CRITERIA_V1,False,False,G4_G3_SCIENTIFIC_POLICY_V1,PENDING_OWNER_REVIEW
NGIQ-BR-00000664,HATA (Hippocampus) left,left,JULICH_BRAIN_CYTOARCHITECTONIC_ATLAS_V3_1_HATA_HIPPOCAMPUS,APPROVE_CONTAINED_IN,NGIQ-BR-00000017,0.874253,0.84393187,0.89103279,0.10896721,CONTAINED_CRITERIA_V1,True,True,G4_G3_SCIENTIFIC_POLICY_V1,PENDING_OWNER_REVIEW
NGIQ-BR-00000663,HATA (Hippocampus) right,right,JULICH_BRAIN_CYTOARCHITECTONIC_ATLAS_V3_1_HATA_HIPPOCAMPUS,APPROVE_DOMINANT_OVERLAP,NGIQ-BR-00000018,0.805938,0.83427827,0.97479936,0.02520064,DOMINANT_CRITERIA_V1,False,False,G4_G3_SCIENTIFIC_POLICY_V1,PENDING_OWNER_REVIEW
NGIQ-BR-00000738,"LD (Thalamus, lateral dorsal Nucleus) left",left,JULICH_BRAIN_CYTOARCHITECTONIC_ATLAS_V3_1_LD_THALAMUS_LATERAL_DORSAL_NUCLEUS,APPROVE_DOMINANT_OVERLAP,NGIQ-BR-00000243,0.54059,0.30760412,0.74407427,0.25592573,DOMINANT_CRITERIA_V1,False,False,G4_G3_SCIENTIFIC_POLICY_V1,PENDING_OWNER_REVIEW
NGIQ-BR-00000737,"LD (Thalamus, lateral dorsal Nucleus) right",right,JULICH_BRAIN_CYTOARCHITECTONIC_ATLAS_V3_1_LD_THALAMUS_LATERAL_DORSAL_NUCLEUS,APPROVE_DOMINANT_OVERLAP,NGIQ-BR-00000244,0.527801,0.34242607,0.8605001,0.1394999,DOMINANT_CRITERIA_V1,False,False,G4_G3_SCIENTIFIC_POLICY_V1,PENDING_OWNER_REVIEW
NGIQ-BR-00000718,"MD (Thalamus, mediodorsal Nucleus) left",left,JULICH_BRAIN_CYTOARCHITECTONIC_ATLAS_V3_1_MD_THALAMUS_MEDIODORSAL_NUCLEUS,APPROVE_DOMINANT_OVERLAP,NGIQ-BR-00000020,0.506958,0.38109298,0.99943974,0.00056026,DOMINANT_CRITERIA_V1,False,False,G4_G3_SCIENTIFIC_POLICY_V1,PENDING_OWNER_REVIEW
NGIQ-BR-00000717,"MD (Thalamus, mediodorsal Nucleus) right",right,JULICH_BRAIN_CYTOARCHITECTONIC_ATLAS_V3_1_MD_THALAMUS_MEDIODORSAL_NUCLEUS,APPROVE_DOMINANT_OVERLAP,NGIQ-BR-00000232,0.512562,0.4518166,0.99665386,0.00334614,DOMINANT_CRITERIA_V1,False,False,G4_G3_SCIENTIFIC_POLICY_V1,PENDING_OWNER_REVIEW
NGIQ-BR-00000716,"MV (Thalamus, medioventral Nucleus) left",left,JULICH_BRAIN_CYTOARCHITECTONIC_ATLAS_V3_1_MV_THALAMUS_MEDIOVENTRAL_NUCLEUS,PARTIAL_OVERLAP,NGIQ-BR-00000020,0.198092,0.37185821,0.97513196,0.02486804,PARTIAL_CRITERIA_V1,False,False,G4_G3_SCIENTIFIC_POLICY_V1,PENDING_OWNER_REVIEW
NGIQ-BR-00000716,"MV (Thalamus, medioventral Nucleus) left",left,JULICH_BRAIN_CYTOARCHITECTONIC_ATLAS_V3_1_MV_THALAMUS_MEDIOVENTRAL_NUCLEUS,PARTIAL_OVERLAP,NGIQ-BR-00000237,0.417452,0.37185821,0.97513196,0.02486804,PARTIAL_CRITERIA_V1,False,False,G4_G3_SCIENTIFIC_POLICY_V1,PENDING_OWNER_REVIEW
NGIQ-BR-00000716,"MV (Thalamus, medioventral Nucleus) left",left,JULICH_BRAIN_CYTOARCHITECTONIC_ATLAS_V3_1_MV_THALAMUS_MEDIOVENTRAL_NUCLEUS,PARTIAL_OVERLAP,NGIQ-BR-00000245,0.252515,0.37185821,0.97513196,0.02486804,PARTIAL_CRITERIA_V1,False,False,G4_G3_SCIENTIFIC_POLICY_V1,PENDING_OWNER_REVIEW
NGIQ-BR-00000766,"Pf (Thalamus, parafascicular Nucleus) left",left,JULICH_BRAIN_CYTOARCHITECTONIC_ATLAS_V3_1_PF_THALAMUS_PARAFASCICULAR_NUCLEUS,APPROVE_DOMINANT_OVERLAP,NGIQ-BR-00000245,0.563384,0.35931401,0.71448991,0.28551009,DOMINANT_CRITERIA_V1,False,False,G4_G3_SCIENTIFIC_POLICY_V1,PENDING_OWNER_REVIEW
NGIQ-BR-00000736,"PUa (Thalamus, anterior pulvinar) left",left,JULICH_BRAIN_CYTOARCHITECTONIC_ATLAS_V3_1_PUA_THALAMUS_ANTERIOR_PULVINAR,PARTIAL_OVERLAP,NGIQ-BR-00000235,0.267454,0.3636192,0.9938211,0.0061789,PARTIAL_CRITERIA_V1,False,False,G4_G3_SCIENTIFIC_POLICY_V1,PENDING_OWNER_REVIEW
NGIQ-BR-00000736,"PUa (Thalamus, anterior pulvinar) left",left,JULICH_BRAIN_CYTOARCHITECTONIC_ATLAS_V3_1_PUA_THALAMUS_ANTERIOR_PULVINAR,PARTIAL_OVERLAP,NGIQ-BR-00000239,0.46064,0.3636192,0.9938211,0.0061789,PARTIAL_CRITERIA_V1,False,False,G4_G3_SCIENTIFIC_POLICY_V1,PENDING_OWNER_REVIEW
NGIQ-BR-00000736,"PUa (Thalamus, anterior pulvinar) left",left,JULICH_BRAIN_CYTOARCHITECTONIC_ATLAS_V3_1_PUA_THALAMUS_ANTERIOR_PULVINAR,PARTIAL_OVERLAP,NGIQ-BR-00000241,0.178972,0.3636192,0.9938211,0.0061789,PARTIAL_CRITERIA_V1,False,False,G4_G3_SCIENTIFIC_POLICY_V1,PENDING_OWNER_REVIEW
NGIQ-BR-00000735,"PUa (Thalamus, anterior pulvinar) right",right,JULICH_BRAIN_CYTOARCHITECTONIC_ATLAS_V3_1_PUA_THALAMUS_ANTERIOR_PULVINAR,PARTIAL_OVERLAP,NGIQ-BR-00000236,0.304593,0.30171447,0.99049455,0.00950545,PARTIAL_CRITERIA_V1,False,False,G4_G3_SCIENTIFIC_POLICY_V1,PENDING_OWNER_REVIEW
NGIQ-BR-00000735,"PUa (Thalamus, anterior pulvinar) right",right,JULICH_BRAIN_CYTOARCHITECTONIC_ATLAS_V3_1_PUA_THALAMUS_ANTERIOR_PULVINAR,PARTIAL_OVERLAP,NGIQ-BR-00000240,0.327914,0.30171447,0.99049455,0.00950545,PARTIAL_CRITERIA_V1,False,False,G4_G3_SCIENTIFIC_POLICY_V1,PENDING_OWNER_REVIEW
NGIQ-BR-00000735,"PUa (Thalamus, anterior pulvinar) right",right,JULICH_BRAIN_CYTOARCHITECTONIC_ATLAS_V3_1_PUA_THALAMUS_ANTERIOR_PULVINAR,PARTIAL_OVERLAP,NGIQ-BR-00000246,0.237098,0.30171447,0.99049455,0.00950545,PARTIAL_CRITERIA_V1,False,False,G4_G3_SCIENTIFIC_POLICY_V1,PENDING_OWNER_REVIEW
NGIQ-BR-00000726,"PUl (Thalamus, lateral pulvinar) left",left,JULICH_BRAIN_CYTOARCHITECTONIC_ATLAS_V3_1_PUL_THALAMUS_LATERAL_PULVINAR,APPROVE_DOMINANT_OVERLAP,NGIQ-BR-00000241,0.612999,0.40293805,0.97917394,0.02082606,DOMINANT_CRITERIA_V1,False,False,G4_G3_SCIENTIFIC_POLICY_V1,PENDING_OWNER_REVIEW
NGIQ-BR-00000725,"PUl (Thalamus, lateral pulvinar) right",right,JULICH_BRAIN_CYTOARCHITECTONIC_ATLAS_V3_1_PUL_THALAMUS_LATERAL_PULVINAR,PARTIAL_OVERLAP,NGIQ-BR-00000240,0.454301,0.33588415,0.9366879,0.0633121,PARTIAL_CRITERIA_V1,False,False,G4_G3_SCIENTIFIC_POLICY_V1,PENDING_OWNER_REVIEW
NGIQ-BR-00000725,"PUl (Thalamus, lateral pulvinar) right",right,JULICH_BRAIN_CYTOARCHITECTONIC_ATLAS_V3_1_PUL_THALAMUS_LATERAL_PULVINAR,PARTIAL_OVERLAP,NGIQ-BR-00000242,0.360858,0.33588415,0.9366879,0.0633121,PARTIAL_CRITERIA_V1,False,False,G4_G3_SCIENTIFIC_POLICY_V1,PENDING_OWNER_REVIEW
NGIQ-BR-00000724,"PUm (Thalamus, medial pulvinar) left",left,JULICH_BRAIN_CYTOARCHITECTONIC_ATLAS_V3_1_PUM_THALAMUS_MEDIAL_PULVINAR,PARTIAL_OVERLAP,NGIQ-BR-00000241,0.424238,0.33154629,0.89577266,0.10422734,PARTIAL_CRITERIA_V1,False,False,G4_G3_SCIENTIFIC_POLICY_V1,PENDING_OWNER_REVIEW
NGIQ-BR-00000724,"PUm (Thalamus, medial pulvinar) left",left,JULICH_BRAIN_CYTOARCHITECTONIC_ATLAS_V3_1_PUM_THALAMUS_MEDIAL_PULVINAR,PARTIAL_OVERLAP,NGIQ-BR-00000243,0.182745,0.33154629,0.89577266,0.10422734,PARTIAL_CRITERIA_V1,False,False,G4_G3_SCIENTIFIC_POLICY_V1,PENDING_OWNER_REVIEW
NGIQ-BR-00000720,"Pv (Thalamus, paraventricular Nucleus) left",left,JULICH_BRAIN_CYTOARCHITECTONIC_ATLAS_V3_1_PV_THALAMUS_PARAVENTRICULAR_NUCLEUS,PARTIAL_OVERLAP,NGIQ-BR-00000020,0.174662,0.45957168,0.94786442,0.05213558,PARTIAL_CRITERIA_V1,False,False,G4_G3_SCIENTIFIC_POLICY_V1,PENDING_OWNER_REVIEW
NGIQ-BR-00000720,"Pv (Thalamus, paraventricular Nucleus) left",left,JULICH_BRAIN_CYTOARCHITECTONIC_ATLAS_V3_1_PV_THALAMUS_PARAVENTRICULAR_NUCLEUS,PARTIAL_OVERLAP,NGIQ-BR-00000237,0.471225,0.45957168,0.94786442,0.05213558,PARTIAL_CRITERIA_V1,False,False,G4_G3_SCIENTIFIC_POLICY_V1,PENDING_OWNER_REVIEW
NGIQ-BR-00000720,"Pv (Thalamus, paraventricular Nucleus) left",left,JULICH_BRAIN_CYTOARCHITECTONIC_ATLAS_V3_1_PV_THALAMUS_PARAVENTRICULAR_NUCLEUS,PARTIAL_OVERLAP,NGIQ-BR-00000238,0.296075,0.45957168,0.94786442,0.05213558,PARTIAL_CRITERIA_V1,False,False,G4_G3_SCIENTIFIC_POLICY_V1,PENDING_OWNER_REVIEW
NGIQ-BR-00000719,"Pv (Thalamus, paraventricular Nucleus) right",right,JULICH_BRAIN_CYTOARCHITECTONIC_ATLAS_V3_1_PV_THALAMUS_PARAVENTRICULAR_NUCLEUS,APPROVE_DOMINANT_OVERLAP,NGIQ-BR-00000238,0.660096,0.42436007,0.93006857,0.06993143,DOMINANT_CRITERIA_V1,False,False,G4_G3_SCIENTIFIC_POLICY_V1,PENDING_OWNER_REVIEW
NGIQ-BR-00000685,"TuTi (Basal Forebrain, Terminal islands) right",right,JULICH_BRAIN_CYTOARCHITECTONIC_ATLAS_V3_1_TUTI_BASAL_FOREBRAIN_TERMINAL_ISLANDS,APPROVE_DOMINANT_OVERLAP,NGIQ-BR-00000225,0.74948,0.59157795,0.87442014,0.12557986,DOMINANT_CRITERIA_V1,False,False,G4_G3_SCIENTIFIC_POLICY_V1,PENDING_OWNER_REVIEW
NGIQ-BR-00000688,"Tu (Basal Forebrain, Tuberculum) left",left,JULICH_BRAIN_CYTOARCHITECTONIC_ATLAS_V3_1_TU_BASAL_FOREBRAIN_TUBERCULUM,PARTIAL_OVERLAP,NGIQ-BR-00000065,0.590755,0.61608239,0.99476768,0.00523232,PARTIAL_CRITERIA_V1,False,False,G4_G3_SCIENTIFIC_POLICY_V1,PENDING_OWNER_REVIEW
NGIQ-BR-00000688,"Tu (Basal Forebrain, Tuberculum) left",left,JULICH_BRAIN_CYTOARCHITECTONIC_ATLAS_V3_1_TU_BASAL_FOREBRAIN_TUBERCULUM,PARTIAL_OVERLAP,NGIQ-BR-00000224,0.403638,0.61608239,0.99476768,0.00523232,PARTIAL_CRITERIA_V1,False,False,G4_G3_SCIENTIFIC_POLICY_V1,PENDING_OWNER_REVIEW
NGIQ-BR-00000687,"Tu (Basal Forebrain, Tuberculum) right",right,JULICH_BRAIN_CYTOARCHITECTONIC_ATLAS_V3_1_TU_BASAL_FOREBRAIN_TUBERCULUM,APPROVE_DOMINANT_OVERLAP,NGIQ-BR-00000225,0.570682,0.41101339,0.75216543,0.24783457,DOMINANT_CRITERIA_V1,False,False,G4_G3_SCIENTIFIC_POLICY_V1,PENDING_OWNER_REVIEW
NGIQ-BR-00000759,"VAmc (Thalamus, ventral anterior Nucleus, magnocellular part) right",right,JULICH_BRAIN_CYTOARCHITECTONIC_ATLAS_V3_1_VAMC_THALAMUS_VENTRAL_ANTERIOR_NUCLEUS_MAGNOCELLULAR_PART,PARTIAL_OVERLAP,NGIQ-BR-00000232,0.329929,0.3392424,0.98035908,0.01964092,PARTIAL_CRITERIA_V1,False,False,G4_G3_SCIENTIFIC_POLICY_V1,PENDING_OWNER_REVIEW
NGIQ-BR-00000759,"VAmc (Thalamus, ventral anterior Nucleus, magnocellular part) right",right,JULICH_BRAIN_CYTOARCHITECTONIC_ATLAS_V3_1_VAMC_THALAMUS_VENTRAL_ANTERIOR_NUCLEUS_MAGNOCELLULAR_PART,PARTIAL_OVERLAP,NGIQ-BR-00000246,0.311188,0.3392424,0.98035908,0.01964092,PARTIAL_CRITERIA_V1,False,False,G4_G3_SCIENTIFIC_POLICY_V1,PENDING_OWNER_REVIEW
NGIQ-BR-00000752,"VIM (Thalamus, ventral intermediate Nucleus) left",left,JULICH_BRAIN_CYTOARCHITECTONIC_ATLAS_V3_1_VIM_THALAMUS_VENTRAL_INTERMEDIATE_NUCLEUS,APPROVE_DOMINANT_OVERLAP,NGIQ-BR-00000245,0.591865,0.39248232,0.96211611,0.03788389,DOMINANT_CRITERIA_V1,False,False,G4_G3_SCIENTIFIC_POLICY_V1,PENDING_OWNER_REVIEW
NGIQ-BR-00000751,"VIM (Thalamus, ventral intermediate Nucleus) right",right,JULICH_BRAIN_CYTOARCHITECTONIC_ATLAS_V3_1_VIM_THALAMUS_VENTRAL_INTERMEDIATE_NUCLEUS,PARTIAL_OVERLAP,NGIQ-BR-00000234,0.447843,0.47244269,0.88862628,0.11137372,PARTIAL_CRITERIA_V1,False,False,G4_G3_SCIENTIFIC_POLICY_V1,PENDING_OWNER_REVIEW
NGIQ-BR-00000751,"VIM (Thalamus, ventral intermediate Nucleus) right",right,JULICH_BRAIN_CYTOARCHITECTONIC_ATLAS_V3_1_VIM_THALAMUS_VENTRAL_INTERMEDIATE_NUCLEUS,PARTIAL_OVERLAP,NGIQ-BR-00000236,0.246295,0.47244269,0.88862628,0.11137372,PARTIAL_CRITERIA_V1,False,False,G4_G3_SCIENTIFIC_POLICY_V1,PENDING_OWNER_REVIEW
NGIQ-BR-00000751,"VIM (Thalamus, ventral intermediate Nucleus) right",right,JULICH_BRAIN_CYTOARCHITECTONIC_ATLAS_V3_1_VIM_THALAMUS_VENTRAL_INTERMEDIATE_NUCLEUS,PARTIAL_OVERLAP,NGIQ-BR-00000246,0.188246,0.47244269,0.88862628,0.11137372,PARTIAL_CRITERIA_V1,False,False,G4_G3_SCIENTIFIC_POLICY_V1,PENDING_OWNER_REVIEW
NGIQ-BR-00000758,"VLA (Thalamus, ventral lateral anterior Nucleus) left",left,JULICH_BRAIN_CYTOARCHITECTONIC_ATLAS_V3_1_VLA_THALAMUS_VENTRAL_LATERAL_ANTERIOR_NUCLEUS,APPROVE_DOMINANT_OVERLAP,NGIQ-BR-00000245,0.649931,0.41972329,0.96870503,0.03129497,DOMINANT_CRITERIA_V1,False,False,G4_G3_SCIENTIFIC_POLICY_V1,PENDING_OWNER_REVIEW
NGIQ-BR-00000757,"VLA (Thalamus, ventral lateral anterior Nucleus) right",right,JULICH_BRAIN_CYTOARCHITECTONIC_ATLAS_V3_1_VLA_THALAMUS_VENTRAL_LATERAL_ANTERIOR_NUCLEUS,APPROVE_DOMINANT_OVERLAP,NGIQ-BR-00000234,0.564268,0.49461883,0.79452464,0.20547536,DOMINANT_CRITERIA_V1,False,False,G4_G3_SCIENTIFIC_POLICY_V1,PENDING_OWNER_REVIEW
NGIQ-BR-00000754,"VM (Thalamus, ventral medial Nucleus) left",left,JULICH_BRAIN_CYTOARCHITECTONIC_ATLAS_V3_1_VM_THALAMUS_VENTRAL_MEDIAL_NUCLEUS,APPROVE_DOMINANT_OVERLAP,NGIQ-BR-00000245,0.598152,0.38190964,0.74701855,0.25298145,DOMINANT_CRITERIA_V1,False,False,G4_G3_SCIENTIFIC_POLICY_V1,PENDING_OWNER_REVIEW
NGIQ-BR-00000748,"VPL (Thalamus, ventral posterior lateral Nucleus) left",left,JULICH_BRAIN_CYTOARCHITECTONIC_ATLAS_V3_1_VPL_THALAMUS_VENTRAL_POSTERIOR_LATERAL_NUCLEUS,PARTIAL_OVERLAP,NGIQ-BR-00000235,0.326384,0.32551444,0.96519629,0.03480371,PARTIAL_CRITERIA_V1,False,False,G4_G3_SCIENTIFIC_POLICY_V1,PENDING_OWNER_REVIEW
NGIQ-BR-00000748,"VPL (Thalamus, ventral posterior lateral Nucleus) left",left,JULICH_BRAIN_CYTOARCHITECTONIC_ATLAS_V3_1_VPL_THALAMUS_VENTRAL_POSTERIOR_LATERAL_NUCLEUS,PARTIAL_OVERLAP,NGIQ-BR-00000239,0.458541,0.32551444,0.96519629,0.03480371,PARTIAL_CRITERIA_V1,False,False,G4_G3_SCIENTIFIC_POLICY_V1,PENDING_OWNER_REVIEW
NGIQ-BR-00000747,"VPL (Thalamus, ventral posterior lateral Nucleus) right",right,JULICH_BRAIN_CYTOARCHITECTONIC_ATLAS_V3_1_VPL_THALAMUS_VENTRAL_POSTERIOR_LATERAL_NUCLEUS,PARTIAL_OVERLAP,NGIQ-BR-00000236,0.39078,0.30070537,0.92863214,0.07136786,PARTIAL_CRITERIA_V1,False,False,G4_G3_SCIENTIFIC_POLICY_V1,PENDING_OWNER_REVIEW
NGIQ-BR-00000747,"VPL (Thalamus, ventral posterior lateral Nucleus) right",right,JULICH_BRAIN_CYTOARCHITECTONIC_ATLAS_V3_1_VPL_THALAMUS_VENTRAL_POSTERIOR_LATERAL_NUCLEUS,PARTIAL_OVERLAP,NGIQ-BR-00000240,0.225517,0.30070537,0.92863214,0.07136786,PARTIAL_CRITERIA_V1,False,False,G4_G3_SCIENTIFIC_POLICY_V1,PENDING_OWNER_REVIEW
NGIQ-BR-00000747,"VPL (Thalamus, ventral posterior lateral Nucleus) right",right,JULICH_BRAIN_CYTOARCHITECTONIC_ATLAS_V3_1_VPL_THALAMUS_VENTRAL_POSTERIOR_LATERAL_NUCLEUS,PARTIAL_OVERLAP,NGIQ-BR-00000246,0.220724,0.30070537,0.92863214,0.07136786,PARTIAL_CRITERIA_V1,False,False,G4_G3_SCIENTIFIC_POLICY_V1,PENDING_OWNER_REVIEW
NGIQ-BR-00000761,"VPM (Thalamus, ventral posterior medial Nucleus) right",right,JULICH_BRAIN_CYTOARCHITECTONIC_ATLAS_V3_1_VPM_THALAMUS_VENTRAL_POSTERIOR_MEDIAL_NUCLEUS,PARTIAL_OVERLAP,NGIQ-BR-00000234,0.461261,0.40921275,0.80642054,0.19357946,PARTIAL_CRITERIA_V1,False,False,G4_G3_SCIENTIFIC_POLICY_V1,PENDING_OWNER_REVIEW
NGIQ-BR-00000761,"VPM (Thalamus, ventral posterior medial Nucleus) right",right,JULICH_BRAIN_CYTOARCHITECTONIC_ATLAS_V3_1_VPM_THALAMUS_VENTRAL_POSTERIOR_MEDIAL_NUCLEUS,PARTIAL_OVERLAP,NGIQ-BR-00000236,0.301057,0.40921275,0.80642054,0.19357946,PARTIAL_CRITERIA_V1,False,False,G4_G3_SCIENTIFIC_POLICY_V1,PENDING_OWNER_REVIEW
NGIQ-BR-00000370,VTM (Amygdala) left,left,JULICH_BRAIN_CYTOARCHITECTONIC_ATLAS_V3_1_VTM_AMYGDALA,APPROVE_CONTAINED_IN,NGIQ-BR-00000017,0.827706,0.47957675,0.95014071,0.04985929,CONTAINED_CRITERIA_V1,True,True,G4_G3_SCIENTIFIC_POLICY_V1,PENDING_OWNER_REVIEW
NGIQ-BR-00000369,VTM (Amygdala) right,right,JULICH_BRAIN_CYTOARCHITECTONIC_ATLAS_V3_1_VTM_AMYGDALA,APPROVE_DOMINANT_OVERLAP,NGIQ-BR-00000018,0.646528,0.61868056,0.98744702,0.01255298,DOMINANT_CRITERIA_V1,False,False,G4_G3_SCIENTIFIC_POLICY_V1,PENDING_OWNER_REVIEW
