canonical_g4_id,canonical_g4_name,hemisphere,spatial_component_id,spatial_asset_file,spatial_evidence_status,pp_top1_g3,pp_top1_name,pp_top1_g4_weighted,pp_top1_joint_mass,hard_top1_g3,hard_top1_coverage,hard_top2_coverage,hard_top1_top2_margin,hard_total_bna_coverage,bna_uncovered_fraction,effective_target_count,top1_agreement,scientific_decision,decision_reason_code,future_rollup_eligible,future_primary_rollup,decision_policy_version,review_status,mapping_candidate_allowed
NGIQ-BR-00000347,CM.AAA (Amygdala) right,right,JULICH_BRAIN_CYTOARCHITECTONIC_ATLAS_V3_1_CM_AMYGDALA,CM_AMYGDALA_RIGHT.nii.gz,SHARED_SPATIAL_EVIDENCE,NGIQ-BR-00000216,Amyg_R_2_1,0.34809454,228.16939164,NGIQ-BR-00000216,0.29214318,0.17898563,0.11315756,0.62431317,0.37568683,3.8436,TRUE,SHARED_SPATIAL_EVIDENCE_ONLY,NO_INDEPENDENT_LEAF_SPATIAL_EVIDENCE,False,False,G4_G3_SCIENTIFIC_POLICY_V1,PENDING_OWNER_REVIEW,FALSE
NGIQ-BR-00000348,CM.Ce (Amygdala) right,right,JULICH_BRAIN_CYTOARCHITECTONIC_ATLAS_V3_1_CM_AMYGDALA,CM_AMYGDALA_RIGHT.nii.gz,SHARED_SPATIAL_EVIDENCE,NGIQ-BR-00000216,Amyg_R_2_1,0.34809454,228.16939164,NGIQ-BR-00000216,0.29214318,0.17898563,0.11315756,0.62431317,0.37568683,3.8436,TRUE,SHARED_SPATIAL_EVIDENCE_ONLY,NO_INDEPENDENT_LEAF_SPATIAL_EVIDENCE,False,False,G4_G3_SCIENTIFIC_POLICY_V1,PENDING_OWNER_REVIEW,FALSE
NGIQ-BR-00000349,CM.Me (Amygdala) right,right,JULICH_BRAIN_CYTOARCHITECTONIC_ATLAS_V3_1_CM_AMYGDALA,CM_AMYGDALA_RIGHT.nii.gz,SHARED_SPATIAL_EVIDENCE,NGIQ-BR-00000216,Amyg_R_2_1,0.34809454,228.16939164,NGIQ-BR-00000216,0.29214318,0.17898563,0.11315756,0.62431317,0.37568683,3.8436,TRUE,SHARED_SPATIAL_EVIDENCE_ONLY,NO_INDEPENDENT_LEAF_SPATIAL_EVIDENCE,False,False,G4_G3_SCIENTIFIC_POLICY_V1,PENDING_OWNER_REVIEW,FALSE
NGIQ-BR-00000350,CM.AAA (Amygdala) left,left,JULICH_BRAIN_CYTOARCHITECTONIC_ATLAS_V3_1_CM_AMYGDALA,CM_AMYGDALA_LEFT.nii.gz,SHARED_SPATIAL_EVIDENCE,NGIQ-BR-00000215,Amyg_L_2_1,0.31456286,172.82613108,NGIQ-BR-00000215,0.22233381,0.17669132,0.04564249,0.76570915,0.23429085,5.4924,TRUE,SHARED_SPATIAL_EVIDENCE_ONLY,NO_INDEPENDENT_LEAF_SPATIAL_EVIDENCE,False,False,G4_G3_SCIENTIFIC_POLICY_V1,PENDING_OWNER_REVIEW,FALSE
NGIQ-BR-00000351,CM.Ce (Amygdala) left,left,JULICH_BRAIN_CYTOARCHITECTONIC_ATLAS_V3_1_CM_AMYGDALA,CM_AMYGDALA_LEFT.nii.gz,SHARED_SPATIAL_EVIDENCE,NGIQ-BR-00000215,Amyg_L_2_1,0.31456286,172.82613108,NGIQ-BR-00000215,0.22233381,0.17669132,0.04564249,0.76570915,0.23429085,5.4924,TRUE,SHARED_SPATIAL_EVIDENCE_ONLY,NO_INDEPENDENT_LEAF_SPATIAL_EVIDENCE,False,False,G4_G3_SCIENTIFIC_POLICY_V1,PENDING_OWNER_REVIEW,FALSE
NGIQ-BR-00000352,CM.Me (Amygdala) left,left,JULICH_BRAIN_CYTOARCHITECTONIC_ATLAS_V3_1_CM_AMYGDALA,CM_AMYGDALA_LEFT.nii.gz,SHARED_SPATIAL_EVIDENCE,NGIQ-BR-00000215,Amyg_L_2_1,0.31456286,172.82613108,NGIQ-BR-00000215,0.22233381,0.17669132,0.04564249,0.76570915,0.23429085,5.4924,TRUE,SHARED_SPATIAL_EVIDENCE_ONLY,NO_INDEPENDENT_LEAF_SPATIAL_EVIDENCE,False,False,G4_G3_SCIENTIFIC_POLICY_V1,PENDING_OWNER_REVIEW,FALSE
NGIQ-BR-00000353,LB.Bl (Amygdala) right,right,JULICH_BRAIN_CYTOARCHITECTONIC_ATLAS_V3_1_LB_AMYGDALA,LB_AMYGDALA_RIGHT.nii.gz,SHARED_SPATIAL_EVIDENCE,NGIQ-BR-00000216,Amyg_R_2_1,0.419448,309.58819561,NGIQ-BR-00000218,0.40810337,0.32291789,0.08518548,0.8813188,0.1186812,3.0523,FALSE,SHARED_SPATIAL_EVIDENCE_ONLY,NO_INDEPENDENT_LEAF_SPATIAL_EVIDENCE,False,False,G4_G3_SCIENTIFIC_POLICY_V1,PENDING_OWNER_REVIEW,FALSE
NGIQ-BR-00000354,LB.Bm (Amygdala) right,right,JULICH_BRAIN_CYTOARCHITECTONIC_ATLAS_V3_1_LB_AMYGDALA,LB_AMYGDALA_RIGHT.nii.gz,SHARED_SPATIAL_EVIDENCE,NGIQ-BR-00000216,Amyg_R_2_1,0.419448,309.58819561,NGIQ-BR-00000218,0.40810337,0.32291789,0.08518548,0.8813188,0.1186812,3.0523,FALSE,SHARED_SPATIAL_EVIDENCE_ONLY,NO_INDEPENDENT_LEAF_SPATIAL_EVIDENCE,False,False,G4_G3_SCIENTIFIC_POLICY_V1,PENDING_OWNER_REVIEW,FALSE
NGIQ-BR-00000355,LB.Pl (Amygdala) right,right,JULICH_BRAIN_CYTOARCHITECTONIC_ATLAS_V3_1_LB_AMYGDALA,LB_AMYGDALA_RIGHT.nii.gz,SHARED_SPATIAL_EVIDENCE,NGIQ-BR-00000216,Amyg_R_2_1,0.419448,309.58819561,NGIQ-BR-00000218,0.40810337,0.32291789,0.08518548,0.8813188,0.1186812,3.0523,FALSE,SHARED_SPATIAL_EVIDENCE_ONLY,NO_INDEPENDENT_LEAF_SPATIAL_EVIDENCE,False,False,G4_G3_SCIENTIFIC_POLICY_V1,PENDING_OWNER_REVIEW,FALSE
NGIQ-BR-00000356,LB.La (Amygdala) right,right,JULICH_BRAIN_CYTOARCHITECTONIC_ATLAS_V3_1_LB_AMYGDALA,LB_AMYGDALA_RIGHT.nii.gz,SHARED_SPATIAL_EVIDENCE,NGIQ-BR-00000216,Amyg_R_2_1,0.419448,309.58819561,NGIQ-BR-00000218,0.40810337,0.32291789,0.08518548,0.8813188,0.1186812,3.0523,FALSE,SHARED_SPATIAL_EVIDENCE_ONLY,NO_INDEPENDENT_LEAF_SPATIAL_EVIDENCE,False,False,G4_G3_SCIENTIFIC_POLICY_V1,PENDING_OWNER_REVIEW,FALSE
NGIQ-BR-00000357,LB.Bl (Amygdala) left,left,JULICH_BRAIN_CYTOARCHITECTONIC_ATLAS_V3_1_LB_AMYGDALA,LB_AMYGDALA_LEFT.nii.gz,SHARED_SPATIAL_EVIDENCE,NGIQ-BR-00000215,Amyg_L_2_1,0.47080758,340.58621151,NGIQ-BR-00000017,0.32168084,0.30202864,0.0196522,0.92483303,0.07516697,3.4628,FALSE,SHARED_SPATIAL_EVIDENCE_ONLY,NO_INDEPENDENT_LEAF_SPATIAL_EVIDENCE,False,False,G4_G3_SCIENTIFIC_POLICY_V1,PENDING_OWNER_REVIEW,FALSE
NGIQ-BR-00000358,LB.Bm (Amygdala) left,left,JULICH_BRAIN_CYTOARCHITECTONIC_ATLAS_V3_1_LB_AMYGDALA,LB_AMYGDALA_LEFT.nii.gz,SHARED_SPATIAL_EVIDENCE,NGIQ-BR-00000215,Amyg_L_2_1,0.47080758,340.58621151,NGIQ-BR-00000017,0.32168084,0.30202864,0.0196522,0.92483303,0.07516697,3.4628,FALSE,SHARED_SPATIAL_EVIDENCE_ONLY,NO_INDEPENDENT_LEAF_SPATIAL_EVIDENCE,False,False,G4_G3_SCIENTIFIC_POLICY_V1,PENDING_OWNER_REVIEW,FALSE
NGIQ-BR-00000359,LB.Pl (Amygdala) left,left,JULICH_BRAIN_CYTOARCHITECTONIC_ATLAS_V3_1_LB_AMYGDALA,LB_AMYGDALA_LEFT.nii.gz,SHARED_SPATIAL_EVIDENCE,NGIQ-BR-00000215,Amyg_L_2_1,0.47080758,340.58621151,NGIQ-BR-00000017,0.32168084,0.30202864,0.0196522,0.92483303,0.07516697,3.4628,FALSE,SHARED_SPATIAL_EVIDENCE_ONLY,NO_INDEPENDENT_LEAF_SPATIAL_EVIDENCE,False,False,G4_G3_SCIENTIFIC_POLICY_V1,PENDING_OWNER_REVIEW,FALSE
NGIQ-BR-00000360,LB.La (Amygdala) left,left,JULICH_BRAIN_CYTOARCHITECTONIC_ATLAS_V3_1_LB_AMYGDALA,LB_AMYGDALA_LEFT.nii.gz,SHARED_SPATIAL_EVIDENCE,NGIQ-BR-00000215,Amyg_L_2_1,0.47080758,340.58621151,NGIQ-BR-00000017,0.32168084,0.30202864,0.0196522,0.92483303,0.07516697,3.4628,FALSE,SHARED_SPATIAL_EVIDENCE_ONLY,NO_INDEPENDENT_LEAF_SPATIAL_EVIDENCE,False,False,G4_G3_SCIENTIFIC_POLICY_V1,PENDING_OWNER_REVIEW,FALSE
NGIQ-BR-00000361,SF.AHi (Amygdala) right,right,JULICH_BRAIN_CYTOARCHITECTONIC_ATLAS_V3_1_SF_AMYGDALA,SF_AMYGDALA_RIGHT.nii.gz,SHARED_SPATIAL_EVIDENCE,NGIQ-BR-00000216,Amyg_R_2_1,0.58703699,497.81077275,NGIQ-BR-00000216,0.60122441,0.16810792,0.43311649,0.85152456,0.14847544,2.5227,TRUE,SHARED_SPATIAL_EVIDENCE_ONLY,NO_INDEPENDENT_LEAF_SPATIAL_EVIDENCE,False,False,G4_G3_SCIENTIFIC_POLICY_V1,PENDING_OWNER_REVIEW,FALSE
NGIQ-BR-00000362,SF.APir (Amygdala) right,right,JULICH_BRAIN_CYTOARCHITECTONIC_ATLAS_V3_1_SF_AMYGDALA,SF_AMYGDALA_RIGHT.nii.gz,SHARED_SPATIAL_EVIDENCE,NGIQ-BR-00000216,Amyg_R_2_1,0.58703699,497.81077275,NGIQ-BR-00000216,0.60122441,0.16810792,0.43311649,0.85152456,0.14847544,2.5227,TRUE,SHARED_SPATIAL_EVIDENCE_ONLY,NO_INDEPENDENT_LEAF_SPATIAL_EVIDENCE,False,False,G4_G3_SCIENTIFIC_POLICY_V1,PENDING_OWNER_REVIEW,FALSE
NGIQ-BR-00000363,SF.VCo (Amygdala) right,right,JULICH_BRAIN_CYTOARCHITECTONIC_ATLAS_V3_1_SF_AMYGDALA,SF_AMYGDALA_RIGHT.nii.gz,SHARED_SPATIAL_EVIDENCE,NGIQ-BR-00000216,Amyg_R_2_1,0.58703699,497.81077275,NGIQ-BR-00000216,0.60122441,0.16810792,0.43311649,0.85152456,0.14847544,2.5227,TRUE,SHARED_SPATIAL_EVIDENCE_ONLY,NO_INDEPENDENT_LEAF_SPATIAL_EVIDENCE,False,False,G4_G3_SCIENTIFIC_POLICY_V1,PENDING_OWNER_REVIEW,FALSE
NGIQ-BR-00000364,SF.AHi (Amygdala) left,left,JULICH_BRAIN_CYTOARCHITECTONIC_ATLAS_V3_1_SF_AMYGDALA,SF_AMYGDALA_LEFT.nii.gz,SHARED_SPATIAL_EVIDENCE,NGIQ-BR-00000215,Amyg_L_2_1,0.54228576,304.26643731,NGIQ-BR-00000215,0.47511073,0.3385727,0.13653802,0.89587853,0.10412147,2.8226,TRUE,SHARED_SPATIAL_EVIDENCE_ONLY,NO_INDEPENDENT_LEAF_SPATIAL_EVIDENCE,False,False,G4_G3_SCIENTIFIC_POLICY_V1,PENDING_OWNER_REVIEW,FALSE
NGIQ-BR-00000365,SF.APir (Amygdala) left,left,JULICH_BRAIN_CYTOARCHITECTONIC_ATLAS_V3_1_SF_AMYGDALA,SF_AMYGDALA_LEFT.nii.gz,SHARED_SPATIAL_EVIDENCE,NGIQ-BR-00000215,Amyg_L_2_1,0.54228576,304.26643731,NGIQ-BR-00000215,0.47511073,0.3385727,0.13653802,0.89587853,0.10412147,2.8226,TRUE,SHARED_SPATIAL_EVIDENCE_ONLY,NO_INDEPENDENT_LEAF_SPATIAL_EVIDENCE,False,False,G4_G3_SCIENTIFIC_POLICY_V1,PENDING_OWNER_REVIEW,FALSE
NGIQ-BR-00000366,SF.VCo (Amygdala) left,left,JULICH_BRAIN_CYTOARCHITECTONIC_ATLAS_V3_1_SF_AMYGDALA,SF_AMYGDALA_LEFT.nii.gz,SHARED_SPATIAL_EVIDENCE,NGIQ-BR-00000215,Amyg_L_2_1,0.54228576,304.26643731,NGIQ-BR-00000215,0.47511073,0.3385727,0.13653802,0.89587853,0.10412147,2.8226,TRUE,SHARED_SPATIAL_EVIDENCE_ONLY,NO_INDEPENDENT_LEAF_SPATIAL_EVIDENCE,False,False,G4_G3_SCIENTIFIC_POLICY_V1,PENDING_OWNER_REVIEW,FALSE
NGIQ-BR-00000371,IF.ice (Amygdala) right,right,JULICH_BRAIN_CYTOARCHITECTONIC_ATLAS_V3_1_IF_AMYGDALA,IF_AMYGDALA_RIGHT.nii.gz,SHARED_SPATIAL_EVIDENCE,NGIQ-BR-00000218,Amyg_R_2_2,0.38997458,146.92445028,NGIQ-BR-00000218,0.41601485,0.16663146,0.24938339,0.61049106,0.38950894,2.2528,TRUE,SHARED_SPATIAL_EVIDENCE_ONLY,NO_INDEPENDENT_LEAF_SPATIAL_EVIDENCE,False,False,G4_G3_SCIENTIFIC_POLICY_V1,PENDING_OWNER_REVIEW,FALSE
NGIQ-BR-00000372,IF.iol (Amygdala) right,right,JULICH_BRAIN_CYTOARCHITECTONIC_ATLAS_V3_1_IF_AMYGDALA,IF_AMYGDALA_RIGHT.nii.gz,SHARED_SPATIAL_EVIDENCE,NGIQ-BR-00000218,Amyg_R_2_2,0.38997458,146.92445028,NGIQ-BR-00000218,0.41601485,0.16663146,0.24938339,0.61049106,0.38950894,2.2528,TRUE,SHARED_SPATIAL_EVIDENCE_ONLY,NO_INDEPENDENT_LEAF_SPATIAL_EVIDENCE,False,False,G4_G3_SCIENTIFIC_POLICY_V1,PENDING_OWNER_REVIEW,FALSE
NGIQ-BR-00000373,IF.ld (Amygdala) right,right,JULICH_BRAIN_CYTOARCHITECTONIC_ATLAS_V3_1_IF_AMYGDALA,IF_AMYGDALA_RIGHT.nii.gz,SHARED_SPATIAL_EVIDENCE,NGIQ-BR-00000218,Amyg_R_2_2,0.38997458,146.92445028,NGIQ-BR-00000218,0.41601485,0.16663146,0.24938339,0.61049106,0.38950894,2.2528,TRUE,SHARED_SPATIAL_EVIDENCE_ONLY,NO_INDEPENDENT_LEAF_SPATIAL_EVIDENCE,False,False,G4_G3_SCIENTIFIC_POLICY_V1,PENDING_OWNER_REVIEW,FALSE
NGIQ-BR-00000374,IF.ice (Amygdala) left,left,JULICH_BRAIN_CYTOARCHITECTONIC_ATLAS_V3_1_IF_AMYGDALA,IF_AMYGDALA_LEFT.nii.gz,SHARED_SPATIAL_EVIDENCE,NGIQ-BR-00000217,Amyg_L_2_2,0.36142419,156.68161085,NGIQ-BR-00000217,0.33916912,0.2033711,0.13579802,0.68280195,0.31719805,3.4664,TRUE,SHARED_SPATIAL_EVIDENCE_ONLY,NO_INDEPENDENT_LEAF_SPATIAL_EVIDENCE,False,False,G4_G3_SCIENTIFIC_POLICY_V1,PENDING_OWNER_REVIEW,FALSE
NGIQ-BR-00000375,IF.iol (Amygdala) left,left,JULICH_BRAIN_CYTOARCHITECTONIC_ATLAS_V3_1_IF_AMYGDALA,IF_AMYGDALA_LEFT.nii.gz,SHARED_SPATIAL_EVIDENCE,NGIQ-BR-00000217,Amyg_L_2_2,0.36142419,156.68161085,NGIQ-BR-00000217,0.33916912,0.2033711,0.13579802,0.68280195,0.31719805,3.4664,TRUE,SHARED_SPATIAL_EVIDENCE_ONLY,NO_INDEPENDENT_LEAF_SPATIAL_EVIDENCE,False,False,G4_G3_SCIENTIFIC_POLICY_V1,PENDING_OWNER_REVIEW,FALSE
NGIQ-BR-00000376,IF.ld (Amygdala) left,left,JULICH_BRAIN_CYTOARCHITECTONIC_ATLAS_V3_1_IF_AMYGDALA,IF_AMYGDALA_LEFT.nii.gz,SHARED_SPATIAL_EVIDENCE,NGIQ-BR-00000217,Amyg_L_2_2,0.36142419,156.68161085,NGIQ-BR-00000217,0.33916912,0.2033711,0.13579802,0.68280195,0.31719805,3.4664,TRUE,SHARED_SPATIAL_EVIDENCE_ONLY,NO_INDEPENDENT_LEAF_SPATIAL_EVIDENCE,False,False,G4_G3_SCIENTIFIC_POLICY_V1,PENDING_OWNER_REVIEW,FALSE
NGIQ-BR-00000377,MF.icm (Amygdala) right,right,JULICH_BRAIN_CYTOARCHITECTONIC_ATLAS_V3_1_MF_AMYGDALA,MF_AMYGDALA_RIGHT.nii.gz,SHARED_SPATIAL_EVIDENCE,NGIQ-BR-00000216,Amyg_R_2_1,0.62319,125.0128394,NGIQ-BR-00000216,0.58120762,0.25804908,0.32315854,0.93507781,0.06492219,2.5152,TRUE,SHARED_SPATIAL_EVIDENCE_ONLY,NO_INDEPENDENT_LEAF_SPATIAL_EVIDENCE,False,False,G4_G3_SCIENTIFIC_POLICY_V1,PENDING_OWNER_REVIEW,FALSE
NGIQ-BR-00000378,MF.lm (Amygdala) right,right,JULICH_BRAIN_CYTOARCHITECTONIC_ATLAS_V3_1_MF_AMYGDALA,MF_AMYGDALA_RIGHT.nii.gz,SHARED_SPATIAL_EVIDENCE,NGIQ-BR-00000216,Amyg_R_2_1,0.62319,125.0128394,NGIQ-BR-00000216,0.58120762,0.25804908,0.32315854,0.93507781,0.06492219,2.5152,TRUE,SHARED_SPATIAL_EVIDENCE_ONLY,NO_INDEPENDENT_LEAF_SPATIAL_EVIDENCE,False,False,G4_G3_SCIENTIFIC_POLICY_V1,PENDING_OWNER_REVIEW,FALSE
NGIQ-BR-00000379,MF.icm (Amygdala) left,left,JULICH_BRAIN_CYTOARCHITECTONIC_ATLAS_V3_1_MF_AMYGDALA,MF_AMYGDALA_LEFT.nii.gz,SHARED_SPATIAL_EVIDENCE,NGIQ-BR-00000215,Amyg_L_2_1,0.56265883,108.94473727,NGIQ-BR-00000017,0.49931826,0.33748225,0.161836,0.92473714,0.07526286,2.7357,FALSE,SHARED_SPATIAL_EVIDENCE_ONLY,NO_INDEPENDENT_LEAF_SPATIAL_EVIDENCE,False,False,G4_G3_SCIENTIFIC_POLICY_V1,PENDING_OWNER_REVIEW,FALSE
NGIQ-BR-00000380,MF.lm (Amygdala) left,left,JULICH_BRAIN_CYTOARCHITECTONIC_ATLAS_V3_1_MF_AMYGDALA,MF_AMYGDALA_LEFT.nii.gz,SHARED_SPATIAL_EVIDENCE,NGIQ-BR-00000215,Amyg_L_2_1,0.56265883,108.94473727,NGIQ-BR-00000017,0.49931826,0.33748225,0.161836,0.92473714,0.07526286,2.7357,FALSE,SHARED_SPATIAL_EVIDENCE_ONLY,NO_INDEPENDENT_LEAF_SPATIAL_EVIDENCE,False,False,G4_G3_SCIENTIFIC_POLICY_V1,PENDING_OWNER_REVIEW,FALSE
NGIQ-BR-00000631,Area p24c.pd24cd (pACC) right,right,JULICH_BRAIN_CYTOARCHITECTONIC_ATLAS_V3_1_AREA_P24C_PACC,AREA_P24C_PACC_RIGHT.nii.gz,SHARED_SPATIAL_EVIDENCE,NGIQ-BR-00000032,SFG_R_7_7,0.30823077,509.88819043,NGIQ-BR-00000194,0.33898049,0.30637543,0.03260505,0.959134,0.040866,4.133,FALSE,SHARED_SPATIAL_EVIDENCE_ONLY,NO_INDEPENDENT_LEAF_SPATIAL_EVIDENCE,False,False,G4_G3_SCIENTIFIC_POLICY_V1,PENDING_OWNER_REVIEW,FALSE
NGIQ-BR-00000632,Area p24c.pd24cv (pACC) right,right,JULICH_BRAIN_CYTOARCHITECTONIC_ATLAS_V3_1_AREA_P24C_PACC,AREA_P24C_PACC_RIGHT.nii.gz,SHARED_SPATIAL_EVIDENCE,NGIQ-BR-00000032,SFG_R_7_7,0.30823077,509.88819043,NGIQ-BR-00000194,0.33898049,0.30637543,0.03260505,0.959134,0.040866,4.133,FALSE,SHARED_SPATIAL_EVIDENCE_ONLY,NO_INDEPENDENT_LEAF_SPATIAL_EVIDENCE,False,False,G4_G3_SCIENTIFIC_POLICY_V1,PENDING_OWNER_REVIEW,FALSE
NGIQ-BR-00000633,Area p24c.pv24c (pACC) right,right,JULICH_BRAIN_CYTOARCHITECTONIC_ATLAS_V3_1_AREA_P24C_PACC,AREA_P24C_PACC_RIGHT.nii.gz,SHARED_SPATIAL_EVIDENCE,NGIQ-BR-00000032,SFG_R_7_7,0.30823077,509.88819043,NGIQ-BR-00000194,0.33898049,0.30637543,0.03260505,0.959134,0.040866,4.133,FALSE,SHARED_SPATIAL_EVIDENCE_ONLY,NO_INDEPENDENT_LEAF_SPATIAL_EVIDENCE,False,False,G4_G3_SCIENTIFIC_POLICY_V1,PENDING_OWNER_REVIEW,FALSE
NGIQ-BR-00000634,Area p24c.pd24cd (pACC) left,left,JULICH_BRAIN_CYTOARCHITECTONIC_ATLAS_V3_1_AREA_P24C_PACC,AREA_P24C_PACC_LEFT.nii.gz,SHARED_SPATIAL_EVIDENCE,NGIQ-BR-00000193,CG_L_7_7,0.32204003,417.4004616,NGIQ-BR-00000185,0.43082422,0.38455378,0.04627044,0.96455395,0.03544605,2.919,FALSE,SHARED_SPATIAL_EVIDENCE_ONLY,NO_INDEPENDENT_LEAF_SPATIAL_EVIDENCE,False,False,G4_G3_SCIENTIFIC_POLICY_V1,PENDING_OWNER_REVIEW,FALSE
NGIQ-BR-00000635,Area p24c.pd24cv (pACC) left,left,JULICH_BRAIN_CYTOARCHITECTONIC_ATLAS_V3_1_AREA_P24C_PACC,AREA_P24C_PACC_LEFT.nii.gz,SHARED_SPATIAL_EVIDENCE,NGIQ-BR-00000193,CG_L_7_7,0.32204003,417.4004616,NGIQ-BR-00000185,0.43082422,0.38455378,0.04627044,0.96455395,0.03544605,2.919,FALSE,SHARED_SPATIAL_EVIDENCE_ONLY,NO_INDEPENDENT_LEAF_SPATIAL_EVIDENCE,False,False,G4_G3_SCIENTIFIC_POLICY_V1,PENDING_OWNER_REVIEW,FALSE
NGIQ-BR-00000636,Area p24c.pv24c (pACC) left,left,JULICH_BRAIN_CYTOARCHITECTONIC_ATLAS_V3_1_AREA_P24C_PACC,AREA_P24C_PACC_LEFT.nii.gz,SHARED_SPATIAL_EVIDENCE,NGIQ-BR-00000193,CG_L_7_7,0.32204003,417.4004616,NGIQ-BR-00000185,0.43082422,0.38455378,0.04627044,0.96455395,0.03544605,2.919,FALSE,SHARED_SPATIAL_EVIDENCE_ONLY,NO_INDEPENDENT_LEAF_SPATIAL_EVIDENCE,False,False,G4_G3_SCIENTIFIC_POLICY_V1,PENDING_OWNER_REVIEW,FALSE
NGIQ-BR-00000637,Area 25.25a (sACC) right,right,JULICH_BRAIN_CYTOARCHITECTONIC_ATLAS_V3_1_AREA_25_SACC,AREA_25_SACC_RIGHT.nii.gz,SHARED_SPATIAL_EVIDENCE,NGIQ-BR-00000066,OrG_R_6_5,0.4148283,138.27659278,NGIQ-BR-00000066,0.44490675,0.38640591,0.05850084,0.93526545,0.06473455,2.6244,TRUE,SHARED_SPATIAL_EVIDENCE_ONLY,NO_INDEPENDENT_LEAF_SPATIAL_EVIDENCE,False,False,G4_G3_SCIENTIFIC_POLICY_V1,PENDING_OWNER_REVIEW,FALSE
NGIQ-BR-00000638,Area 25.25p (sACC) right,right,JULICH_BRAIN_CYTOARCHITECTONIC_ATLAS_V3_1_AREA_25_SACC,AREA_25_SACC_RIGHT.nii.gz,SHARED_SPATIAL_EVIDENCE,NGIQ-BR-00000066,OrG_R_6_5,0.4148283,138.27659278,NGIQ-BR-00000066,0.44490675,0.38640591,0.05850084,0.93526545,0.06473455,2.6244,TRUE,SHARED_SPATIAL_EVIDENCE_ONLY,NO_INDEPENDENT_LEAF_SPATIAL_EVIDENCE,False,False,G4_G3_SCIENTIFIC_POLICY_V1,PENDING_OWNER_REVIEW,FALSE
NGIQ-BR-00000639,Area 25.25a (sACC) left,left,JULICH_BRAIN_CYTOARCHITECTONIC_ATLAS_V3_1_AREA_25_SACC,AREA_25_SACC_LEFT.nii.gz,SHARED_SPATIAL_EVIDENCE,NGIQ-BR-00000065,OrG_L_6_5,0.67576347,200.83920005,NGIQ-BR-00000065,0.7365528,0.13487667,0.60167613,0.92108755,0.07891245,1.9028,TRUE,SHARED_SPATIAL_EVIDENCE_ONLY,NO_INDEPENDENT_LEAF_SPATIAL_EVIDENCE,False,False,G4_G3_SCIENTIFIC_POLICY_V1,PENDING_OWNER_REVIEW,FALSE
NGIQ-BR-00000640,Area 25.25p (sACC) left,left,JULICH_BRAIN_CYTOARCHITECTONIC_ATLAS_V3_1_AREA_25_SACC,AREA_25_SACC_LEFT.nii.gz,SHARED_SPATIAL_EVIDENCE,NGIQ-BR-00000065,OrG_L_6_5,0.67576347,200.83920005,NGIQ-BR-00000065,0.7365528,0.13487667,0.60167613,0.92108755,0.07891245,1.9028,TRUE,SHARED_SPATIAL_EVIDENCE_ONLY,NO_INDEPENDENT_LEAF_SPATIAL_EVIDENCE,False,False,G4_G3_SCIENTIFIC_POLICY_V1,PENDING_OWNER_REVIEW,FALSE
NGIQ-BR-00000641,Area p24ab.p24a (pACC) right,right,JULICH_BRAIN_CYTOARCHITECTONIC_ATLAS_V3_1_AREA_P24AB_PACC,AREA_P24AB_PACC_RIGHT.nii.gz,SHARED_SPATIAL_EVIDENCE,NGIQ-BR-00000194,CG_R_7_7,0.44262864,399.42159962,NGIQ-BR-00000194,0.57189325,0.16322673,0.40866653,0.93017204,0.06982796,3.3443,TRUE,SHARED_SPATIAL_EVIDENCE_ONLY,NO_INDEPENDENT_LEAF_SPATIAL_EVIDENCE,False,False,G4_G3_SCIENTIFIC_POLICY_V1,PENDING_OWNER_REVIEW,FALSE
NGIQ-BR-00000642,Area p24ab.p24b (pACC) right,right,JULICH_BRAIN_CYTOARCHITECTONIC_ATLAS_V3_1_AREA_P24AB_PACC,AREA_P24AB_PACC_RIGHT.nii.gz,SHARED_SPATIAL_EVIDENCE,NGIQ-BR-00000194,CG_R_7_7,0.44262864,399.42159962,NGIQ-BR-00000194,0.57189325,0.16322673,0.40866653,0.93017204,0.06982796,3.3443,TRUE,SHARED_SPATIAL_EVIDENCE_ONLY,NO_INDEPENDENT_LEAF_SPATIAL_EVIDENCE,False,False,G4_G3_SCIENTIFIC_POLICY_V1,PENDING_OWNER_REVIEW,FALSE
NGIQ-BR-00000643,Area p24ab.p24a (pACC) left,left,JULICH_BRAIN_CYTOARCHITECTONIC_ATLAS_V3_1_AREA_P24AB_PACC,AREA_P24AB_PACC_LEFT.nii.gz,SHARED_SPATIAL_EVIDENCE,NGIQ-BR-00000193,CG_L_7_7,0.49586214,467.81688062,NGIQ-BR-00000193,0.65891131,0.22938902,0.42952229,0.95663341,0.04336659,2.3645,TRUE,SHARED_SPATIAL_EVIDENCE_ONLY,NO_INDEPENDENT_LEAF_SPATIAL_EVIDENCE,False,False,G4_G3_SCIENTIFIC_POLICY_V1,PENDING_OWNER_REVIEW,FALSE
NGIQ-BR-00000644,Area p24ab.p24b (pACC) left,left,JULICH_BRAIN_CYTOARCHITECTONIC_ATLAS_V3_1_AREA_P24AB_PACC,AREA_P24AB_PACC_LEFT.nii.gz,SHARED_SPATIAL_EVIDENCE,NGIQ-BR-00000193,CG_L_7_7,0.49586214,467.81688062,NGIQ-BR-00000193,0.65891131,0.22938902,0.42952229,0.95663341,0.04336659,2.3645,TRUE,SHARED_SPATIAL_EVIDENCE_ONLY,NO_INDEPENDENT_LEAF_SPATIAL_EVIDENCE,False,False,G4_G3_SCIENTIFIC_POLICY_V1,PENDING_OWNER_REVIEW,FALSE
NGIQ-BR-00000651,Area s24.s24a (sACC) right,right,JULICH_BRAIN_CYTOARCHITECTONIC_ATLAS_V3_1_AREA_S24_SACC,AREA_S24_SACC_RIGHT.nii.gz,SHARED_SPATIAL_EVIDENCE,NGIQ-BR-00000066,OrG_R_6_5,0.29827792,231.96963019,NGIQ-BR-00000066,0.35477236,0.20645357,0.14831878,0.85943714,0.14056286,4.2103,TRUE,SHARED_SPATIAL_EVIDENCE_ONLY,NO_INDEPENDENT_LEAF_SPATIAL_EVIDENCE,False,False,G4_G3_SCIENTIFIC_POLICY_V1,PENDING_OWNER_REVIEW,FALSE
NGIQ-BR-00000652,Area s24.s24b (sACC) right,right,JULICH_BRAIN_CYTOARCHITECTONIC_ATLAS_V3_1_AREA_S24_SACC,AREA_S24_SACC_RIGHT.nii.gz,SHARED_SPATIAL_EVIDENCE,NGIQ-BR-00000066,OrG_R_6_5,0.29827792,231.96963019,NGIQ-BR-00000066,0.35477236,0.20645357,0.14831878,0.85943714,0.14056286,4.2103,TRUE,SHARED_SPATIAL_EVIDENCE_ONLY,NO_INDEPENDENT_LEAF_SPATIAL_EVIDENCE,False,False,G4_G3_SCIENTIFIC_POLICY_V1,PENDING_OWNER_REVIEW,FALSE
NGIQ-BR-00000653,Area s24.s24a (sACC) left,left,JULICH_BRAIN_CYTOARCHITECTONIC_ATLAS_V3_1_AREA_S24_SACC,AREA_S24_SACC_LEFT.nii.gz,SHARED_SPATIAL_EVIDENCE,NGIQ-BR-00000193,CG_L_7_7,0.37822036,245.97755483,NGIQ-BR-00000193,0.52711863,0.36678111,0.16033751,0.91612144,0.08387856,2.2271,TRUE,SHARED_SPATIAL_EVIDENCE_ONLY,NO_INDEPENDENT_LEAF_SPATIAL_EVIDENCE,False,False,G4_G3_SCIENTIFIC_POLICY_V1,PENDING_OWNER_REVIEW,FALSE
NGIQ-BR-00000654,Area s24.s24b (sACC) left,left,JULICH_BRAIN_CYTOARCHITECTONIC_ATLAS_V3_1_AREA_S24_SACC,AREA_S24_SACC_LEFT.nii.gz,SHARED_SPATIAL_EVIDENCE,NGIQ-BR-00000193,CG_L_7_7,0.37822036,245.97755483,NGIQ-BR-00000193,0.52711863,0.36678111,0.16033751,0.91612144,0.08387856,2.2271,TRUE,SHARED_SPATIAL_EVIDENCE_ONLY,NO_INDEPENDENT_LEAF_SPATIAL_EVIDENCE,False,False,G4_G3_SCIENTIFIC_POLICY_V1,PENDING_OWNER_REVIEW,FALSE
NGIQ-BR-00000655,"Area PirT.Tit (PiriformCortexMesial, Piriform temporal Area, Incisura temporalis) right",right,JULICH_BRAIN_CYTOARCHITECTONIC_ATLAS_V3_1_AREA_PIRT_PIRIFORMCORTEXMESIAL_TEMPORAL,AREA_PIRT_PIRIFORMCORTEXMESIAL_TEMPORAL_RIGHT.nii.gz,SHARED_SPATIAL_EVIDENCE,NGIQ-BR-00000006,STG_R_6_1,0.6699076,321.69119363,NGIQ-BR-00000006,0.77193122,0.01922434,0.75270689,0.79897363,0.20102637,1.2039,TRUE,SHARED_SPATIAL_EVIDENCE_ONLY,NO_INDEPENDENT_LEAF_SPATIAL_EVIDENCE,False,False,G4_G3_SCIENTIFIC_POLICY_V1,PENDING_OWNER_REVIEW,FALSE
NGIQ-BR-00000656,"Area PirT.Tu (PiriformCortexMesial, Piriform temporal Area, Uncus) right",right,JULICH_BRAIN_CYTOARCHITECTONIC_ATLAS_V3_1_AREA_PIRT_PIRIFORMCORTEXMESIAL_TEMPORAL,AREA_PIRT_PIRIFORMCORTEXMESIAL_TEMPORAL_RIGHT.nii.gz,SHARED_SPATIAL_EVIDENCE,NGIQ-BR-00000006,STG_R_6_1,0.6699076,321.69119363,NGIQ-BR-00000006,0.77193122,0.01922434,0.75270689,0.79897363,0.20102637,1.2039,TRUE,SHARED_SPATIAL_EVIDENCE_ONLY,NO_INDEPENDENT_LEAF_SPATIAL_EVIDENCE,False,False,G4_G3_SCIENTIFIC_POLICY_V1,PENDING_OWNER_REVIEW,FALSE
NGIQ-BR-00000657,"Area PirT.Tit (PiriformCortexMesial, Piriform temporal Area, Incisura temporalis) left",left,JULICH_BRAIN_CYTOARCHITECTONIC_ATLAS_V3_1_AREA_PIRT_PIRIFORMCORTEXMESIAL_TEMPORAL,AREA_PIRT_PIRIFORMCORTEXMESIAL_TEMPORAL_LEFT.nii.gz,SHARED_SPATIAL_EVIDENCE,NGIQ-BR-00000005,STG_L_6_1,0.36536999,341.19471344,NGIQ-BR-00000005,0.5148509,0.16276774,0.35208317,0.76259743,0.23740257,2.8433,TRUE,SHARED_SPATIAL_EVIDENCE_ONLY,NO_INDEPENDENT_LEAF_SPATIAL_EVIDENCE,False,False,G4_G3_SCIENTIFIC_POLICY_V1,PENDING_OWNER_REVIEW,FALSE
NGIQ-BR-00000658,"Area PirT.Tu (PiriformCortexMesial, Piriform temporal Area, Uncus) left",left,JULICH_BRAIN_CYTOARCHITECTONIC_ATLAS_V3_1_AREA_PIRT_PIRIFORMCORTEXMESIAL_TEMPORAL,AREA_PIRT_PIRIFORMCORTEXMESIAL_TEMPORAL_LEFT.nii.gz,SHARED_SPATIAL_EVIDENCE,NGIQ-BR-00000005,STG_L_6_1,0.36536999,341.19471344,NGIQ-BR-00000005,0.5148509,0.16276774,0.35208317,0.76259743,0.23740257,2.8433,TRUE,SHARED_SPATIAL_EVIDENCE_ONLY,NO_INDEPENDENT_LEAF_SPATIAL_EVIDENCE,False,False,G4_G3_SCIENTIFIC_POLICY_V1,PENDING_OWNER_REVIEW,FALSE
NGIQ-BR-00000659,"Area PirTB.TBd (PiriformCortexMesial, Piriform temporobasal Area, dorsal part) right",right,JULICH_BRAIN_CYTOARCHITECTONIC_ATLAS_V3_1_AREA_PIRTB_PIRIFORMCORTEXMESIAL_TEMPOROBASAL,AREA_PIRTB_PIRIFORMCORTEXMESIAL_TEMPOROBASAL_RIGHT.nii.gz,SHARED_SPATIAL_EVIDENCE,NGIQ-BR-00000172,INS_R_6_2,0.08588584,16.23197833,NGIQ-BR-00000172,0.12101112,0.01416285,0.10684826,0.14540823,0.85459177,1.8874,TRUE,SHARED_SPATIAL_EVIDENCE_ONLY,NO_INDEPENDENT_LEAF_SPATIAL_EVIDENCE,False,False,G4_G3_SCIENTIFIC_POLICY_V1,PENDING_OWNER_REVIEW,FALSE
NGIQ-BR-00000660,"Area PirTB.TBv (PiriformCortexMesial, Piriform temporobasal Area, ventral part) right",right,JULICH_BRAIN_CYTOARCHITECTONIC_ATLAS_V3_1_AREA_PIRTB_PIRIFORMCORTEXMESIAL_TEMPOROBASAL,AREA_PIRTB_PIRIFORMCORTEXMESIAL_TEMPOROBASAL_RIGHT.nii.gz,SHARED_SPATIAL_EVIDENCE,NGIQ-BR-00000172,INS_R_6_2,0.08588584,16.23197833,NGIQ-BR-00000172,0.12101112,0.01416285,0.10684826,0.14540823,0.85459177,1.8874,TRUE,SHARED_SPATIAL_EVIDENCE_ONLY,NO_INDEPENDENT_LEAF_SPATIAL_EVIDENCE,False,False,G4_G3_SCIENTIFIC_POLICY_V1,PENDING_OWNER_REVIEW,FALSE
NGIQ-BR-00000661,"Area PirTB.TBd (PiriformCortexMesial, Piriform temporobasal Area, dorsal part) left",left,JULICH_BRAIN_CYTOARCHITECTONIC_ATLAS_V3_1_AREA_PIRTB_PIRIFORMCORTEXMESIAL_TEMPOROBASAL,AREA_PIRTB_PIRIFORMCORTEXMESIAL_TEMPOROBASAL_LEFT.nii.gz,SHARED_SPATIAL_EVIDENCE,NGIQ-BR-00000065,OrG_L_6_5,0.15491425,17.61590503,NGIQ-BR-00000065,0.15591584,0.03697144,0.1189444,0.20597459,0.79402541,2.1193,TRUE,SHARED_SPATIAL_EVIDENCE_ONLY,NO_INDEPENDENT_LEAF_SPATIAL_EVIDENCE,False,False,G4_G3_SCIENTIFIC_POLICY_V1,PENDING_OWNER_REVIEW,FALSE
NGIQ-BR-00000662,"Area PirTB.TBv (PiriformCortexMesial, Piriform temporobasal Area, ventral part) left",left,JULICH_BRAIN_CYTOARCHITECTONIC_ATLAS_V3_1_AREA_PIRTB_PIRIFORMCORTEXMESIAL_TEMPOROBASAL,AREA_PIRTB_PIRIFORMCORTEXMESIAL_TEMPOROBASAL_LEFT.nii.gz,SHARED_SPATIAL_EVIDENCE,NGIQ-BR-00000065,OrG_L_6_5,0.15491425,17.61590503,NGIQ-BR-00000065,0.15591584,0.03697144,0.1189444,0.20597459,0.79402541,2.1193,TRUE,SHARED_SPATIAL_EVIDENCE_ONLY,NO_INDEPENDENT_LEAF_SPATIAL_EVIDENCE,False,False,G4_G3_SCIENTIFIC_POLICY_V1,PENDING_OWNER_REVIEW,FALSE
NGIQ-BR-00000669,"Subc.PaS (Hippocampus, Parasubiculum) right",right,JULICH_BRAIN_CYTOARCHITECTONIC_ATLAS_V3_1_SUBC_HIPPOCAMPUS_SUBICULAR_COMPLEX,SUBC_HIPPOCAMPUS_SUBICULAR_COMPLEX_RIGHT.nii.gz,SHARED_SPATIAL_EVIDENCE,NGIQ-BR-00000018,Hipp_R_2_1,0.27907228,720.89567526,NGIQ-BR-00000018,0.25389957,0.23845531,0.01544426,0.7886398,0.2113602,6.6599,TRUE,SHARED_SPATIAL_EVIDENCE_ONLY,NO_INDEPENDENT_LEAF_SPATIAL_EVIDENCE,False,False,G4_G3_SCIENTIFIC_POLICY_V1,PENDING_OWNER_REVIEW,FALSE
NGIQ-BR-00000670,"Subc.PreS (Hippocampus, Presubiculum) right",right,JULICH_BRAIN_CYTOARCHITECTONIC_ATLAS_V3_1_SUBC_HIPPOCAMPUS_SUBICULAR_COMPLEX,SUBC_HIPPOCAMPUS_SUBICULAR_COMPLEX_RIGHT.nii.gz,SHARED_SPATIAL_EVIDENCE,NGIQ-BR-00000018,Hipp_R_2_1,0.27907228,720.89567526,NGIQ-BR-00000018,0.25389957,0.23845531,0.01544426,0.7886398,0.2113602,6.6599,TRUE,SHARED_SPATIAL_EVIDENCE_ONLY,NO_INDEPENDENT_LEAF_SPATIAL_EVIDENCE,False,False,G4_G3_SCIENTIFIC_POLICY_V1,PENDING_OWNER_REVIEW,FALSE
NGIQ-BR-00000671,"Subc.ProS (Hippocampus, Prosubiculum) right",right,JULICH_BRAIN_CYTOARCHITECTONIC_ATLAS_V3_1_SUBC_HIPPOCAMPUS_SUBICULAR_COMPLEX,SUBC_HIPPOCAMPUS_SUBICULAR_COMPLEX_RIGHT.nii.gz,SHARED_SPATIAL_EVIDENCE,NGIQ-BR-00000018,Hipp_R_2_1,0.27907228,720.89567526,NGIQ-BR-00000018,0.25389957,0.23845531,0.01544426,0.7886398,0.2113602,6.6599,TRUE,SHARED_SPATIAL_EVIDENCE_ONLY,NO_INDEPENDENT_LEAF_SPATIAL_EVIDENCE,False,False,G4_G3_SCIENTIFIC_POLICY_V1,PENDING_OWNER_REVIEW,FALSE
NGIQ-BR-00000672,"Subc.Sub (Hippocampus, Subiculum) right",right,JULICH_BRAIN_CYTOARCHITECTONIC_ATLAS_V3_1_SUBC_HIPPOCAMPUS_SUBICULAR_COMPLEX,SUBC_HIPPOCAMPUS_SUBICULAR_COMPLEX_RIGHT.nii.gz,SHARED_SPATIAL_EVIDENCE,NGIQ-BR-00000018,Hipp_R_2_1,0.27907228,720.89567526,NGIQ-BR-00000018,0.25389957,0.23845531,0.01544426,0.7886398,0.2113602,6.6599,TRUE,SHARED_SPATIAL_EVIDENCE_ONLY,NO_INDEPENDENT_LEAF_SPATIAL_EVIDENCE,False,False,G4_G3_SCIENTIFIC_POLICY_V1,PENDING_OWNER_REVIEW,FALSE
NGIQ-BR-00000673,"Subc.PaS (Hippocampus, Parasubiculum) left",left,JULICH_BRAIN_CYTOARCHITECTONIC_ATLAS_V3_1_SUBC_HIPPOCAMPUS_SUBICULAR_COMPLEX,SUBC_HIPPOCAMPUS_SUBICULAR_COMPLEX_LEFT.nii.gz,SHARED_SPATIAL_EVIDENCE,NGIQ-BR-00000017,Hipp_L_2_1,0.22605679,609.56275692,NGIQ-BR-00000017,0.22747006,0.20841966,0.0190504,0.79195563,0.20804437,6.6654,TRUE,SHARED_SPATIAL_EVIDENCE_ONLY,NO_INDEPENDENT_LEAF_SPATIAL_EVIDENCE,False,False,G4_G3_SCIENTIFIC_POLICY_V1,PENDING_OWNER_REVIEW,FALSE
NGIQ-BR-00000674,"Subc.PreS (Hippocampus, Presubiculum) left",left,JULICH_BRAIN_CYTOARCHITECTONIC_ATLAS_V3_1_SUBC_HIPPOCAMPUS_SUBICULAR_COMPLEX,SUBC_HIPPOCAMPUS_SUBICULAR_COMPLEX_LEFT.nii.gz,SHARED_SPATIAL_EVIDENCE,NGIQ-BR-00000017,Hipp_L_2_1,0.22605679,609.56275692,NGIQ-BR-00000017,0.22747006,0.20841966,0.0190504,0.79195563,0.20804437,6.6654,TRUE,SHARED_SPATIAL_EVIDENCE_ONLY,NO_INDEPENDENT_LEAF_SPATIAL_EVIDENCE,False,False,G4_G3_SCIENTIFIC_POLICY_V1,PENDING_OWNER_REVIEW,FALSE
NGIQ-BR-00000675,"Subc.ProS (Hippocampus, Prosubiculum) left",left,JULICH_BRAIN_CYTOARCHITECTONIC_ATLAS_V3_1_SUBC_HIPPOCAMPUS_SUBICULAR_COMPLEX,SUBC_HIPPOCAMPUS_SUBICULAR_COMPLEX_LEFT.nii.gz,SHARED_SPATIAL_EVIDENCE,NGIQ-BR-00000017,Hipp_L_2_1,0.22605679,609.56275692,NGIQ-BR-00000017,0.22747006,0.20841966,0.0190504,0.79195563,0.20804437,6.6654,TRUE,SHARED_SPATIAL_EVIDENCE_ONLY,NO_INDEPENDENT_LEAF_SPATIAL_EVIDENCE,False,False,G4_G3_SCIENTIFIC_POLICY_V1,PENDING_OWNER_REVIEW,FALSE
NGIQ-BR-00000676,"Subc.Sub (Hippocampus, Subiculum) left",left,JULICH_BRAIN_CYTOARCHITECTONIC_ATLAS_V3_1_SUBC_HIPPOCAMPUS_SUBICULAR_COMPLEX,SUBC_HIPPOCAMPUS_SUBICULAR_COMPLEX_LEFT.nii.gz,SHARED_SPATIAL_EVIDENCE,NGIQ-BR-00000017,Hipp_L_2_1,0.22605679,609.56275692,NGIQ-BR-00000017,0.22747006,0.20841966,0.0190504,0.79195563,0.20804437,6.6654,TRUE,SHARED_SPATIAL_EVIDENCE_ONLY,NO_INDEPENDENT_LEAF_SPATIAL_EVIDENCE,False,False,G4_G3_SCIENTIFIC_POLICY_V1,PENDING_OWNER_REVIEW,FALSE
