staging_candidate_id,source_g4,source_region_pk,target_g3,target_region_pk,relation,final_decision_match,source_identity_match,target_identity_match,granularity_match,hemisphere_match,coverage_match,target_coverage_semantics_status,mapping_method_valid,lifecycle_valid,rollup_semantics_valid,provenance_complete,candidate_id_valid,review_result,review_reason
G4G3-STAGE-3B60DE3CDF4E388940FB,NGIQ-BR-00000333,832,NGIQ-BR-00000221,663,partial_overlap,True,True,True,True,True,True,TARGET_COVERAGE_SEMANTICS_VALID,True,True,True,True,True,PASS,
G4G3-STAGE-AA5EDCC035B492AA8FF5,NGIQ-BR-00000333,832,NGIQ-BR-00000225,675,partial_overlap,True,True,True,True,True,True,TARGET_COVERAGE_SEMANTICS_VALID,True,True,True,True,True,PASS,
G4G3-STAGE-E5263288201F5E932561,NGIQ-BR-00000334,835,NGIQ-BR-00000019,57,dominant_overlap,True,True,True,True,True,True,TARGET_COVERAGE_SEMANTICS_VALID,True,True,True,True,True,PASS,
G4G3-STAGE-47322A15B728C94278A0,NGIQ-BR-00000335,838,NGIQ-BR-00000225,675,contained_in,True,True,True,True,True,True,TARGET_COVERAGE_SEMANTICS_VALID,True,True,True,True,True,PASS,
G4G3-STAGE-229EA5E843C23715B81B,NGIQ-BR-00000336,841,NGIQ-BR-00000224,672,dominant_overlap,True,True,True,True,True,True,TARGET_COVERAGE_SEMANTICS_VALID,True,True,True,True,True,PASS,
G4G3-STAGE-650EA18819557E5FFE2C,NGIQ-BR-00000337,844,NGIQ-BR-00000225,675,contained_in,True,True,True,True,True,True,TARGET_COVERAGE_SEMANTICS_VALID,True,True,True,True,True,PASS,
G4G3-STAGE-994FFF5417BB39DDE017,NGIQ-BR-00000338,847,NGIQ-BR-00000224,672,contained_in,True,True,True,True,True,True,TARGET_COVERAGE_SEMANTICS_VALID,True,True,True,True,True,PASS,
G4G3-STAGE-B56833436A65CE8D993C,NGIQ-BR-00000369,940,NGIQ-BR-00000018,54,dominant_overlap,True,True,True,True,True,True,TARGET_COVERAGE_SEMANTICS_VALID,True,True,True,True,True,PASS,
G4G3-STAGE-94BB7CE318469373F6BA,NGIQ-BR-00000381,976,NGIQ-BR-00000142,426,partial_overlap,True,True,True,True,True,True,TARGET_COVERAGE_SEMANTICS_VALID,True,True,True,True,True,PASS,
G4G3-STAGE-1303D057B5B77822C383,NGIQ-BR-00000381,976,NGIQ-BR-00000158,474,partial_overlap,True,True,True,True,True,True,TARGET_COVERAGE_SEMANTICS_VALID,True,True,True,True,True,PASS,
G4G3-STAGE-04F6AB2196FEFBE063AF,NGIQ-BR-00000384,985,NGIQ-BR-00000159,477,partial_overlap,True,True,True,True,True,True,TARGET_COVERAGE_SEMANTICS_VALID,True,True,True,True,True,PASS,
G4G3-STAGE-8E904FA27605D9F14B3A,NGIQ-BR-00000384,985,NGIQ-BR-00000201,603,partial_overlap,True,True,True,True,True,True,TARGET_COVERAGE_SEMANTICS_VALID,True,True,True,True,True,PASS,
G4G3-STAGE-51D6AF70D7E08BDD8A65,NGIQ-BR-00000384,985,NGIQ-BR-00000155,465,partial_overlap,True,True,True,True,True,True,TARGET_COVERAGE_SEMANTICS_VALID,True,True,True,True,True,PASS,
G4G3-STAGE-917E6222842B29939E20,NGIQ-BR-00000385,988,NGIQ-BR-00000142,426,partial_overlap,True,True,True,True,True,True,TARGET_COVERAGE_SEMANTICS_VALID,True,True,True,True,True,PASS,
G4G3-STAGE-740AE4604F61C27757F6,NGIQ-BR-00000385,988,NGIQ-BR-00000140,420,partial_overlap,True,True,True,True,True,True,TARGET_COVERAGE_SEMANTICS_VALID,True,True,True,True,True,PASS,
G4G3-STAGE-A9DF8C6AE3A18F254FB9,NGIQ-BR-00000386,991,NGIQ-BR-00000139,417,partial_overlap,True,True,True,True,True,True,TARGET_COVERAGE_SEMANTICS_VALID,True,True,True,True,True,PASS,
G4G3-STAGE-C78151F98391C8F373A4,NGIQ-BR-00000386,991,NGIQ-BR-00000141,423,partial_overlap,True,True,True,True,True,True,TARGET_COVERAGE_SEMANTICS_VALID,True,True,True,True,True,PASS,
G4G3-STAGE-DA17562E88060C90F327,NGIQ-BR-00000387,994,NGIQ-BR-00000158,474,partial_overlap,True,True,True,True,True,True,TARGET_COVERAGE_SEMANTICS_VALID,True,True,True,True,True,PASS,
G4G3-STAGE-82306D44758C2CB8C0B9,NGIQ-BR-00000387,994,NGIQ-BR-00000082,246,partial_overlap,True,True,True,True,True,True,TARGET_COVERAGE_SEMANTICS_VALID,True,True,True,True,True,PASS,
G4G3-STAGE-D63CC10E59F3DA3F95B0,NGIQ-BR-00000388,997,NGIQ-BR-00000081,243,partial_overlap,True,True,True,True,True,True,TARGET_COVERAGE_SEMANTICS_VALID,True,True,True,True,True,PASS,
G4G3-STAGE-55D3450B3D78AA3AC982,NGIQ-BR-00000388,997,NGIQ-BR-00000157,471,partial_overlap,True,True,True,True,True,True,TARGET_COVERAGE_SEMANTICS_VALID,True,True,True,True,True,PASS,
G4G3-STAGE-570DFE76A57144170433,NGIQ-BR-00000389,1000,NGIQ-BR-00000138,414,dominant_overlap,True,True,True,True,True,True,TARGET_COVERAGE_SEMANTICS_VALID,True,True,True,True,True,PASS,
G4G3-STAGE-9A3EF196B05D19E99ECE,NGIQ-BR-00000390,1003,NGIQ-BR-00000137,411,partial_overlap,True,True,True,True,True,True,TARGET_COVERAGE_SEMANTICS_VALID,True,True,True,True,True,PASS,
G4G3-STAGE-AB97F360C22DF344B53C,NGIQ-BR-00000390,1003,NGIQ-BR-00000155,465,partial_overlap,True,True,True,True,True,True,TARGET_COVERAGE_SEMANTICS_VALID,True,True,True,True,True,PASS,
G4G3-STAGE-2AB9FCE937B04B989184,NGIQ-BR-00000391,1006,NGIQ-BR-00000082,246,partial_overlap,True,True,True,True,True,True,TARGET_COVERAGE_SEMANTICS_VALID,True,True,True,True,True,PASS,
G4G3-STAGE-333FBD2C52D4E9526531,NGIQ-BR-00000391,1006,NGIQ-BR-00000192,576,partial_overlap,True,True,True,True,True,True,TARGET_COVERAGE_SEMANTICS_VALID,True,True,True,True,True,PASS,
G4G3-STAGE-B1E7021FA2950FBFCCA4,NGIQ-BR-00000391,1006,NGIQ-BR-00000158,474,partial_overlap,True,True,True,True,True,True,TARGET_COVERAGE_SEMANTICS_VALID,True,True,True,True,True,PASS,
G4G3-STAGE-99FD44B942D39882B23F,NGIQ-BR-00000392,1009,NGIQ-BR-00000191,573,partial_overlap,True,True,True,True,True,True,TARGET_COVERAGE_SEMANTICS_VALID,True,True,True,True,True,PASS,
G4G3-STAGE-A7EEC9FCEFD538B94E2B,NGIQ-BR-00000392,1009,NGIQ-BR-00000081,243,partial_overlap,True,True,True,True,True,True,TARGET_COVERAGE_SEMANTICS_VALID,True,True,True,True,True,PASS,
G4G3-STAGE-143258E98E7AC8350755,NGIQ-BR-00000397,1024,NGIQ-BR-00000164,492,partial_overlap,True,True,True,True,True,True,TARGET_COVERAGE_SEMANTICS_VALID,True,True,True,True,True,PASS,
G4G3-STAGE-C87365907CE214496477,NGIQ-BR-00000397,1024,NGIQ-BR-00000168,504,partial_overlap,True,True,True,True,True,True,TARGET_COVERAGE_SEMANTICS_VALID,True,True,True,True,True,PASS,
G4G3-STAGE-2EEF1166415EACBFEFA4,NGIQ-BR-00000398,1027,NGIQ-BR-00000163,489,partial_overlap,True,True,True,True,True,True,TARGET_COVERAGE_SEMANTICS_VALID,True,True,True,True,True,PASS,
G4G3-STAGE-B379638E7DF4573875B5,NGIQ-BR-00000398,1027,NGIQ-BR-00000167,501,partial_overlap,True,True,True,True,True,True,TARGET_COVERAGE_SEMANTICS_VALID,True,True,True,True,True,PASS,
G4G3-STAGE-98E375C2AD2019C89BB9,NGIQ-BR-00000398,1027,NGIQ-BR-00000169,507,partial_overlap,True,True,True,True,True,True,TARGET_COVERAGE_SEMANTICS_VALID,True,True,True,True,True,PASS,
G4G3-STAGE-BAE8DC84482D6C3B65DF,NGIQ-BR-00000403,1042,NGIQ-BR-00000154,462,partial_overlap,True,True,True,True,True,True,TARGET_COVERAGE_SEMANTICS_VALID,True,True,True,True,True,PASS,
G4G3-STAGE-71DD9AC844CAA25FF053,NGIQ-BR-00000403,1042,NGIQ-BR-00000166,498,partial_overlap,True,True,True,True,True,True,TARGET_COVERAGE_SEMANTICS_VALID,True,True,True,True,True,PASS,
G4G3-STAGE-EDC76FF2361EF1495D9A,NGIQ-BR-00000404,1045,NGIQ-BR-00000153,459,dominant_overlap,True,True,True,True,True,True,TARGET_COVERAGE_SEMANTICS_VALID,True,True,True,True,True,PASS,
G4G3-STAGE-BB5702D1388768329AD5,NGIQ-BR-00000405,1048,NGIQ-BR-00000014,42,partial_overlap,True,True,True,True,True,True,TARGET_COVERAGE_SEMANTICS_VALID,True,True,True,True,True,PASS,
G4G3-STAGE-EF3AD8E2064430166C75,NGIQ-BR-00000405,1048,NGIQ-BR-00000154,462,partial_overlap,True,True,True,True,True,True,TARGET_COVERAGE_SEMANTICS_VALID,True,True,True,True,True,PASS,
G4G3-STAGE-E8AC3C1F08CA64186881,NGIQ-BR-00000406,1051,NGIQ-BR-00000013,39,dominant_overlap,True,True,True,True,True,True,TARGET_COVERAGE_SEMANTICS_VALID,True,True,True,True,True,PASS,
G4G3-STAGE-17D063EB635479FB2750,NGIQ-BR-00000407,1054,NGIQ-BR-00000166,498,partial_overlap,True,True,True,True,True,True,TARGET_COVERAGE_SEMANTICS_VALID,True,True,True,True,True,PASS,
G4G3-STAGE-6C4EF12D14960657AB1F,NGIQ-BR-00000407,1054,NGIQ-BR-00000178,534,partial_overlap,True,True,True,True,True,True,TARGET_COVERAGE_SEMANTICS_VALID,True,True,True,True,True,PASS,
G4G3-STAGE-4814302E8540561FA12E,NGIQ-BR-00000408,1057,NGIQ-BR-00000165,495,partial_overlap,True,True,True,True,True,True,TARGET_COVERAGE_SEMANTICS_VALID,True,True,True,True,True,PASS,
G4G3-STAGE-E97CBA6FA2BD65A88C23,NGIQ-BR-00000408,1057,NGIQ-BR-00000177,531,partial_overlap,True,True,True,True,True,True,TARGET_COVERAGE_SEMANTICS_VALID,True,True,True,True,True,PASS,
G4G3-STAGE-B62BDB01A41BF97B9261,NGIQ-BR-00000409,1060,NGIQ-BR-00000166,498,dominant_overlap,True,True,True,True,True,True,TARGET_COVERAGE_SEMANTICS_VALID,True,True,True,True,True,PASS,
G4G3-STAGE-7380BC6407F65109E904,NGIQ-BR-00000410,1063,NGIQ-BR-00000165,495,dominant_overlap,True,True,True,True,True,True,TARGET_COVERAGE_SEMANTICS_VALID,True,True,True,True,True,PASS,
G4G3-STAGE-961C90C88C13E40E336D,NGIQ-BR-00000411,1066,NGIQ-BR-00000154,462,dominant_overlap,True,True,True,True,True,True,TARGET_COVERAGE_SEMANTICS_VALID,True,True,True,True,True,PASS,
G4G3-STAGE-FF040C1A10F2882F8EF9,NGIQ-BR-00000412,1069,NGIQ-BR-00000149,447,partial_overlap,True,True,True,True,True,True,TARGET_COVERAGE_SEMANTICS_VALID,True,True,True,True,True,PASS,
G4G3-STAGE-64C3271277368339EC50,NGIQ-BR-00000412,1069,NGIQ-BR-00000153,459,partial_overlap,True,True,True,True,True,True,TARGET_COVERAGE_SEMANTICS_VALID,True,True,True,True,True,PASS,
G4G3-STAGE-37FD4F92A4BFF712B36F,NGIQ-BR-00000412,1069,NGIQ-BR-00000147,441,partial_overlap,True,True,True,True,True,True,TARGET_COVERAGE_SEMANTICS_VALID,True,True,True,True,True,PASS,
G4G3-STAGE-E171282AABEA31D0AB79,NGIQ-BR-00000413,1072,NGIQ-BR-00000154,462,contained_in,True,True,True,True,True,True,TARGET_COVERAGE_SEMANTICS_VALID,True,True,True,True,True,PASS,
G4G3-STAGE-76AC7F46E538D68B62BD,NGIQ-BR-00000414,1075,NGIQ-BR-00000153,459,dominant_overlap,True,True,True,True,True,True,TARGET_COVERAGE_SEMANTICS_VALID,True,True,True,True,True,PASS,
G4G3-STAGE-CCFD4AC4FFD0B5FC18D5,NGIQ-BR-00000415,1078,NGIQ-BR-00000152,456,dominant_overlap,True,True,True,True,True,True,TARGET_COVERAGE_SEMANTICS_VALID,True,True,True,True,True,PASS,
G4G3-STAGE-B81687F46052321676A7,NGIQ-BR-00000416,1081,NGIQ-BR-00000149,447,partial_overlap,True,True,True,True,True,True,TARGET_COVERAGE_SEMANTICS_VALID,True,True,True,True,True,PASS,
G4G3-STAGE-3450F4778505820E40E7,NGIQ-BR-00000416,1081,NGIQ-BR-00000151,453,partial_overlap,True,True,True,True,True,True,TARGET_COVERAGE_SEMANTICS_VALID,True,True,True,True,True,PASS,
G4G3-STAGE-966ABF259C66BAAFD98C,NGIQ-BR-00000416,1081,NGIQ-BR-00000145,435,partial_overlap,True,True,True,True,True,True,TARGET_COVERAGE_SEMANTICS_VALID,True,True,True,True,True,PASS,
G4G3-STAGE-C181A574F008F9B5BADB,NGIQ-BR-00000417,1084,NGIQ-BR-00000148,444,partial_overlap,True,True,True,True,True,True,TARGET_COVERAGE_SEMANTICS_VALID,True,True,True,True,True,PASS,
G4G3-STAGE-397A134B8157A4E0D58F,NGIQ-BR-00000417,1084,NGIQ-BR-00000168,504,partial_overlap,True,True,True,True,True,True,TARGET_COVERAGE_SEMANTICS_VALID,True,True,True,True,True,PASS,
G4G3-STAGE-E98CBC4E56990E4CDA43,NGIQ-BR-00000418,1087,NGIQ-BR-00000147,441,dominant_overlap,True,True,True,True,True,True,TARGET_COVERAGE_SEMANTICS_VALID,True,True,True,True,True,PASS,
G4G3-STAGE-F1D60764B00F01CFDF65,NGIQ-BR-00000419,1090,NGIQ-BR-00000150,450,dominant_overlap,True,True,True,True,True,True,TARGET_COVERAGE_SEMANTICS_VALID,True,True,True,True,True,PASS,
G4G3-STAGE-28E4027BF2E2EAFB0E08,NGIQ-BR-00000420,1093,NGIQ-BR-00000149,447,dominant_overlap,True,True,True,True,True,True,TARGET_COVERAGE_SEMANTICS_VALID,True,True,True,True,True,PASS,
G4G3-STAGE-3C7D9296E77EE0D0D460,NGIQ-BR-00000421,1096,NGIQ-BR-00000152,456,partial_overlap,True,True,True,True,True,True,TARGET_COVERAGE_SEMANTICS_VALID,True,True,True,True,True,PASS,
G4G3-STAGE-843BECAFA86429B87A10,NGIQ-BR-00000421,1096,NGIQ-BR-00000012,36,partial_overlap,True,True,True,True,True,True,TARGET_COVERAGE_SEMANTICS_VALID,True,True,True,True,True,PASS,
G4G3-STAGE-C14E39265619A1CB26B8,NGIQ-BR-00000421,1096,NGIQ-BR-00000146,438,partial_overlap,True,True,True,True,True,True,TARGET_COVERAGE_SEMANTICS_VALID,True,True,True,True,True,PASS,
G4G3-STAGE-CAF92AA4292A903B1DEF,NGIQ-BR-00000422,1099,NGIQ-BR-00000151,453,dominant_overlap,True,True,True,True,True,True,TARGET_COVERAGE_SEMANTICS_VALID,True,True,True,True,True,PASS,
G4G3-STAGE-F013F9C881316A0A37F9,NGIQ-BR-00000423,1102,NGIQ-BR-00000154,462,partial_overlap,True,True,True,True,True,True,TARGET_COVERAGE_SEMANTICS_VALID,True,True,True,True,True,PASS,
G4G3-STAGE-38A4FA468CA84998A733,NGIQ-BR-00000423,1102,NGIQ-BR-00000166,498,partial_overlap,True,True,True,True,True,True,TARGET_COVERAGE_SEMANTICS_VALID,True,True,True,True,True,PASS,
G4G3-STAGE-E6BFA1B934EAE926851E,NGIQ-BR-00000423,1102,NGIQ-BR-00000148,444,partial_overlap,True,True,True,True,True,True,TARGET_COVERAGE_SEMANTICS_VALID,True,True,True,True,True,PASS,
G4G3-STAGE-6A450B3D54F65AF0EA2B,NGIQ-BR-00000424,1105,NGIQ-BR-00000153,459,dominant_overlap,True,True,True,True,True,True,TARGET_COVERAGE_SEMANTICS_VALID,True,True,True,True,True,PASS,
G4G3-STAGE-464C6C4BA8765ABF280C,NGIQ-BR-00000425,1108,NGIQ-BR-00000212,636,partial_overlap,True,True,True,True,True,True,TARGET_COVERAGE_SEMANTICS_VALID,True,True,True,True,True,PASS,
G4G3-STAGE-2CBBEDBD9A36BBD50CD8,NGIQ-BR-00000425,1108,NGIQ-BR-00000214,642,partial_overlap,True,True,True,True,True,True,TARGET_COVERAGE_SEMANTICS_VALID,True,True,True,True,True,PASS,
G4G3-STAGE-897F74CE6FF675C5F02D,NGIQ-BR-00000425,1108,NGIQ-BR-00000160,480,partial_overlap,True,True,True,True,True,True,TARGET_COVERAGE_SEMANTICS_VALID,True,True,True,True,True,PASS,
G4G3-STAGE-5489A3088628EE06A0D1,NGIQ-BR-00000428,1117,NGIQ-BR-00000145,435,partial_overlap,True,True,True,True,True,True,TARGET_COVERAGE_SEMANTICS_VALID,True,True,True,True,True,PASS,
G4G3-STAGE-A5C759E3735CCAA6D7AB,NGIQ-BR-00000428,1117,NGIQ-BR-00000139,417,partial_overlap,True,True,True,True,True,True,TARGET_COVERAGE_SEMANTICS_VALID,True,True,True,True,True,PASS,
G4G3-STAGE-73D6486BFE7920B35951,NGIQ-BR-00000428,1117,NGIQ-BR-00000147,441,partial_overlap,True,True,True,True,True,True,TARGET_COVERAGE_SEMANTICS_VALID,True,True,True,True,True,PASS,
G4G3-STAGE-98EDAFA5DB653D977B9C,NGIQ-BR-00000429,1120,NGIQ-BR-00000214,642,dominant_overlap,True,True,True,True,True,True,TARGET_COVERAGE_SEMANTICS_VALID,True,True,True,True,True,PASS,
G4G3-STAGE-068955D7A04134163514,NGIQ-BR-00000430,1123,NGIQ-BR-00000213,639,dominant_overlap,True,True,True,True,True,True,TARGET_COVERAGE_SEMANTICS_VALID,True,True,True,True,True,PASS,
G4G3-STAGE-1D2BC6E4039F1F60B40C,NGIQ-BR-00000431,1126,NGIQ-BR-00000140,420,partial_overlap,True,True,True,True,True,True,TARGET_COVERAGE_SEMANTICS_VALID,True,True,True,True,True,PASS,
G4G3-STAGE-E4F0DF3CB621896A743C,NGIQ-BR-00000431,1126,NGIQ-BR-00000144,432,partial_overlap,True,True,True,True,True,True,TARGET_COVERAGE_SEMANTICS_VALID,True,True,True,True,True,PASS,
G4G3-STAGE-639B7C6DD52458E6EE5D,NGIQ-BR-00000431,1126,NGIQ-BR-00000148,444,partial_overlap,True,True,True,True,True,True,TARGET_COVERAGE_SEMANTICS_VALID,True,True,True,True,True,PASS,
G4G3-STAGE-8E0C582AADF1545C3D84,NGIQ-BR-00000432,1129,NGIQ-BR-00000139,417,partial_overlap,True,True,True,True,True,True,TARGET_COVERAGE_SEMANTICS_VALID,True,True,True,True,True,PASS,
G4G3-STAGE-C00C7F419DB9364292C5,NGIQ-BR-00000432,1129,NGIQ-BR-00000143,429,partial_overlap,True,True,True,True,True,True,TARGET_COVERAGE_SEMANTICS_VALID,True,True,True,True,True,PASS,
G4G3-STAGE-FB3D9FDEC6A167621765,NGIQ-BR-00000433,1132,NGIQ-BR-00000148,444,dominant_overlap,True,True,True,True,True,True,TARGET_COVERAGE_SEMANTICS_VALID,True,True,True,True,True,PASS,
G4G3-STAGE-8F008CB3DD4F7A3F7075,NGIQ-BR-00000434,1135,NGIQ-BR-00000147,441,dominant_overlap,True,True,True,True,True,True,TARGET_COVERAGE_SEMANTICS_VALID,True,True,True,True,True,PASS,
G4G3-STAGE-CAA28FAFAA5989A572C6,NGIQ-BR-00000435,1138,NGIQ-BR-00000012,36,dominant_overlap,True,True,True,True,True,True,TARGET_COVERAGE_SEMANTICS_VALID,True,True,True,True,True,PASS,
G4G3-STAGE-B3E7BDEF051C7FE9F78B,NGIQ-BR-00000436,1141,NGIQ-BR-00000011,33,dominant_overlap,True,True,True,True,True,True,TARGET_COVERAGE_SEMANTICS_VALID,True,True,True,True,True,PASS,
G4G3-STAGE-82D79F1E876C743B7533,NGIQ-BR-00000437,1144,NGIQ-BR-00000146,438,partial_overlap,True,True,True,True,True,True,TARGET_COVERAGE_SEMANTICS_VALID,True,True,True,True,True,PASS,
G4G3-STAGE-49C3AAFAD9265D644BC0,NGIQ-BR-00000437,1144,NGIQ-BR-00000214,642,partial_overlap,True,True,True,True,True,True,TARGET_COVERAGE_SEMANTICS_VALID,True,True,True,True,True,PASS,
G4G3-STAGE-67D12187E8555F7BE667,NGIQ-BR-00000438,1147,NGIQ-BR-00000213,639,partial_overlap,True,True,True,True,True,True,TARGET_COVERAGE_SEMANTICS_VALID,True,True,True,True,True,PASS,
G4G3-STAGE-B59EFFE66C72A7C594CB,NGIQ-BR-00000438,1147,NGIQ-BR-00000011,33,partial_overlap,True,True,True,True,True,True,TARGET_COVERAGE_SEMANTICS_VALID,True,True,True,True,True,PASS,
G4G3-STAGE-B517A9A3EE0E3985C0ED,NGIQ-BR-00000439,1150,NGIQ-BR-00000146,438,dominant_overlap,True,True,True,True,True,True,TARGET_COVERAGE_SEMANTICS_VALID,True,True,True,True,True,PASS,
G4G3-STAGE-B20D362A06EF3804694F,NGIQ-BR-00000440,1153,NGIQ-BR-00000145,435,dominant_overlap,True,True,True,True,True,True,TARGET_COVERAGE_SEMANTICS_VALID,True,True,True,True,True,PASS,
G4G3-STAGE-CF58C4837B67C1A57DCB,NGIQ-BR-00000441,1156,NGIQ-BR-00000214,642,dominant_overlap,True,True,True,True,True,True,TARGET_COVERAGE_SEMANTICS_VALID,True,True,True,True,True,PASS,
G4G3-STAGE-5855601DDD322B41FA97,NGIQ-BR-00000442,1159,NGIQ-BR-00000213,639,partial_overlap,True,True,True,True,True,True,TARGET_COVERAGE_SEMANTICS_VALID,True,True,True,True,True,PASS,
G4G3-STAGE-2FD00A45C489970193CD,NGIQ-BR-00000442,1159,NGIQ-BR-00000137,411,partial_overlap,True,True,True,True,True,True,TARGET_COVERAGE_SEMANTICS_VALID,True,True,True,True,True,PASS,
G4G3-STAGE-1C3B4605223D6BAD170B,NGIQ-BR-00000443,1162,NGIQ-BR-00000080,240,partial_overlap,True,True,True,True,True,True,TARGET_COVERAGE_SEMANTICS_VALID,True,True,True,True,True,PASS,
G4G3-STAGE-9F4DD106F0A02DBDAEE6,NGIQ-BR-00000443,1162,NGIQ-BR-00000070,210,partial_overlap,True,True,True,True,True,True,TARGET_COVERAGE_SEMANTICS_VALID,True,True,True,True,True,PASS,
G4G3-STAGE-B78BEE4CD212FF792BE2,NGIQ-BR-00000444,1165,NGIQ-BR-00000079,237,dominant_overlap,True,True,True,True,True,True,TARGET_COVERAGE_SEMANTICS_VALID,True,True,True,True,True,PASS,
G4G3-STAGE-0AF9C6D93AB46EE79717,NGIQ-BR-00000445,1168,NGIQ-BR-00000080,240,partial_overlap,True,True,True,True,True,True,TARGET_COVERAGE_SEMANTICS_VALID,True,True,True,True,True,PASS,
G4G3-STAGE-9FE749E967CDF39BB873,NGIQ-BR-00000445,1168,NGIQ-BR-00000036,108,partial_overlap,True,True,True,True,True,True,TARGET_COVERAGE_SEMANTICS_VALID,True,True,True,True,True,PASS,
G4G3-STAGE-12DC6F9D3CC5E572C488,NGIQ-BR-00000446,1171,NGIQ-BR-00000079,237,partial_overlap,True,True,True,True,True,True,TARGET_COVERAGE_SEMANTICS_VALID,True,True,True,True,True,PASS,
G4G3-STAGE-6350C252C30472AC9219,NGIQ-BR-00000446,1171,NGIQ-BR-00000035,105,partial_overlap,True,True,True,True,True,True,TARGET_COVERAGE_SEMANTICS_VALID,True,True,True,True,True,PASS,
G4G3-STAGE-FE9B445BBA09D8E1D017,NGIQ-BR-00000447,1174,NGIQ-BR-00000080,240,partial_overlap,True,True,True,True,True,True,TARGET_COVERAGE_SEMANTICS_VALID,True,True,True,True,True,PASS,
G4G3-STAGE-2646269AD570FEF5776A,NGIQ-BR-00000447,1174,NGIQ-BR-00000078,234,partial_overlap,True,True,True,True,True,True,TARGET_COVERAGE_SEMANTICS_VALID,True,True,True,True,True,PASS,
G4G3-STAGE-971914CB1702A06FB5A0,NGIQ-BR-00000447,1174,NGIQ-BR-00000056,168,partial_overlap,True,True,True,True,True,True,TARGET_COVERAGE_SEMANTICS_VALID,True,True,True,True,True,PASS,
G4G3-STAGE-0AE3EED2AB0A7C0D58D4,NGIQ-BR-00000448,1177,NGIQ-BR-00000079,237,partial_overlap,True,True,True,True,True,True,TARGET_COVERAGE_SEMANTICS_VALID,True,True,True,True,True,PASS,
G4G3-STAGE-122CAF482FA68BF64CDF,NGIQ-BR-00000448,1177,NGIQ-BR-00000055,165,partial_overlap,True,True,True,True,True,True,TARGET_COVERAGE_SEMANTICS_VALID,True,True,True,True,True,PASS,
G4G3-STAGE-A76D13B4B75F5F849AC9,NGIQ-BR-00000448,1177,NGIQ-BR-00000077,231,partial_overlap,True,True,True,True,True,True,TARGET_COVERAGE_SEMANTICS_VALID,True,True,True,True,True,PASS,
G4G3-STAGE-7DE128ABFB487668D22A,NGIQ-BR-00000449,1180,NGIQ-BR-00000072,216,partial_overlap,True,True,True,True,True,True,TARGET_COVERAGE_SEMANTICS_VALID,True,True,True,True,True,PASS,
G4G3-STAGE-6C779C0CC7BAC06CA909,NGIQ-BR-00000449,1180,NGIQ-BR-00000044,132,partial_overlap,True,True,True,True,True,True,TARGET_COVERAGE_SEMANTICS_VALID,True,True,True,True,True,PASS,
G4G3-STAGE-D3A0F5A86454CD719ADB,NGIQ-BR-00000450,1183,NGIQ-BR-00000043,129,partial_overlap,True,True,True,True,True,True,TARGET_COVERAGE_SEMANTICS_VALID,True,True,True,True,True,PASS,
G4G3-STAGE-63B22C9D00C00E686151,NGIQ-BR-00000450,1183,NGIQ-BR-00000071,213,partial_overlap,True,True,True,True,True,True,TARGET_COVERAGE_SEMANTICS_VALID,True,True,True,True,True,PASS,
G4G3-STAGE-FAC1DBBD4B1323D26F31,NGIQ-BR-00000451,1186,NGIQ-BR-00000026,78,dominant_overlap,True,True,True,True,True,True,TARGET_COVERAGE_SEMANTICS_VALID,True,True,True,True,True,PASS,
G4G3-STAGE-1BB784744DB827539F27,NGIQ-BR-00000453,1192,NGIQ-BR-00000072,216,partial_overlap,True,True,True,True,True,True,TARGET_COVERAGE_SEMANTICS_VALID,True,True,True,True,True,PASS,
G4G3-STAGE-777003612201250A4E72,NGIQ-BR-00000453,1192,NGIQ-BR-00000028,84,partial_overlap,True,True,True,True,True,True,TARGET_COVERAGE_SEMANTICS_VALID,True,True,True,True,True,PASS,
G4G3-STAGE-D1DC9B7E1E066CC38C70,NGIQ-BR-00000453,1192,NGIQ-BR-00000076,228,partial_overlap,True,True,True,True,True,True,TARGET_COVERAGE_SEMANTICS_VALID,True,True,True,True,True,PASS,
G4G3-STAGE-A403D7E4FAAC8E9C398D,NGIQ-BR-00000455,1198,NGIQ-BR-00000002,6,dominant_overlap,True,True,True,True,True,True,TARGET_COVERAGE_SEMANTICS_VALID,True,True,True,True,True,PASS,
G4G3-STAGE-D1A84B38E0A6A9577432,NGIQ-BR-00000456,1201,NGIQ-BR-00000001,3,partial_overlap,True,True,True,True,True,True,TARGET_COVERAGE_SEMANTICS_VALID,True,True,True,True,True,PASS,
G4G3-STAGE-2D31FC4FC4BE6BF29C84,NGIQ-BR-00000456,1201,NGIQ-BR-00000027,81,partial_overlap,True,True,True,True,True,True,TARGET_COVERAGE_SEMANTICS_VALID,True,True,True,True,True,PASS,
G4G3-STAGE-4E099AB808D78EF3BDFA,NGIQ-BR-00000457,1204,NGIQ-BR-00000046,138,partial_overlap,True,True,True,True,True,True,TARGET_COVERAGE_SEMANTICS_VALID,True,True,True,True,True,PASS,
G4G3-STAGE-D3EB6AB12F5ADA7522ED,NGIQ-BR-00000457,1204,NGIQ-BR-00000064,192,partial_overlap,True,True,True,True,True,True,TARGET_COVERAGE_SEMANTICS_VALID,True,True,True,True,True,PASS,
G4G3-STAGE-D83DC75EE1E7BCEE723A,NGIQ-BR-00000458,1207,NGIQ-BR-00000045,135,partial_overlap,True,True,True,True,True,True,TARGET_COVERAGE_SEMANTICS_VALID,True,True,True,True,True,PASS,
G4G3-STAGE-3A207E7FFE340AF119AF,NGIQ-BR-00000458,1207,NGIQ-BR-00000031,93,partial_overlap,True,True,True,True,True,True,TARGET_COVERAGE_SEMANTICS_VALID,True,True,True,True,True,PASS,
G4G3-STAGE-B8A1739AD97ADAFBBDAD,NGIQ-BR-00000459,1210,NGIQ-BR-00000032,96,partial_overlap,True,True,True,True,True,True,TARGET_COVERAGE_SEMANTICS_VALID,True,True,True,True,True,PASS,
G4G3-STAGE-C55B9EF21D865648604F,NGIQ-BR-00000459,1210,NGIQ-BR-00000058,174,partial_overlap,True,True,True,True,True,True,TARGET_COVERAGE_SEMANTICS_VALID,True,True,True,True,True,PASS,
G4G3-STAGE-314F8AF21C561BE40908,NGIQ-BR-00000459,1210,NGIQ-BR-00000064,192,partial_overlap,True,True,True,True,True,True,TARGET_COVERAGE_SEMANTICS_VALID,True,True,True,True,True,PASS,
G4G3-STAGE-C07AD7972954BCFB6080,NGIQ-BR-00000460,1213,NGIQ-BR-00000057,171,dominant_overlap,True,True,True,True,True,True,TARGET_COVERAGE_SEMANTICS_VALID,True,True,True,True,True,PASS,
G4G3-STAGE-731109F8D05A4B48A9E1,NGIQ-BR-00000461,1216,NGIQ-BR-00000028,84,dominant_overlap,True,True,True,True,True,True,TARGET_COVERAGE_SEMANTICS_VALID,True,True,True,True,True,PASS,
G4G3-STAGE-81C3DFF2791ED742BCE1,NGIQ-BR-00000462,1219,NGIQ-BR-00000027,81,dominant_overlap,True,True,True,True,True,True,TARGET_COVERAGE_SEMANTICS_VALID,True,True,True,True,True,PASS,
G4G3-STAGE-85DE28FFE77B83D5D9D3,NGIQ-BR-00000463,1222,NGIQ-BR-00000066,198,partial_overlap,True,True,True,True,True,True,TARGET_COVERAGE_SEMANTICS_VALID,True,True,True,True,True,PASS,
G4G3-STAGE-43E36616E8357D0272F5,NGIQ-BR-00000463,1222,NGIQ-BR-00000064,192,partial_overlap,True,True,True,True,True,True,TARGET_COVERAGE_SEMANTICS_VALID,True,True,True,True,True,PASS,
G4G3-STAGE-1E0595B32E99419BA005,NGIQ-BR-00000463,1222,NGIQ-BR-00000062,186,partial_overlap,True,True,True,True,True,True,TARGET_COVERAGE_SEMANTICS_VALID,True,True,True,True,True,PASS,
G4G3-STAGE-546E5DCE182FF77AAE72,NGIQ-BR-00000464,1225,NGIQ-BR-00000063,189,dominant_overlap,True,True,True,True,True,True,TARGET_COVERAGE_SEMANTICS_VALID,True,True,True,True,True,PASS,
G4G3-STAGE-798805AB040E3765CE0B,NGIQ-BR-00000465,1228,NGIQ-BR-00000062,186,contained_in,True,True,True,True,True,True,TARGET_COVERAGE_SEMANTICS_VALID,True,True,True,True,True,PASS,
G4G3-STAGE-A166886AFE77AE72E062,NGIQ-BR-00000466,1231,NGIQ-BR-00000061,183,dominant_overlap,True,True,True,True,True,True,TARGET_COVERAGE_SEMANTICS_VALID,True,True,True,True,True,PASS,
G4G3-STAGE-EAF8732593884E0CEFE9,NGIQ-BR-00000467,1234,NGIQ-BR-00000066,198,contained_in,True,True,True,True,True,True,TARGET_COVERAGE_SEMANTICS_VALID,True,True,True,True,True,PASS,
G4G3-STAGE-B288F1955C5B4373F6DB,NGIQ-BR-00000468,1237,NGIQ-BR-00000065,195,contained_in,True,True,True,True,True,True,TARGET_COVERAGE_SEMANTICS_VALID,True,True,True,True,True,PASS,
G4G3-STAGE-9BB54C4CD9FC6F13166E,NGIQ-BR-00000469,1240,NGIQ-BR-00000074,222,partial_overlap,True,True,True,True,True,True,TARGET_COVERAGE_SEMANTICS_VALID,True,True,True,True,True,PASS,
G4G3-STAGE-BEB8521EED7312B8B72A,NGIQ-BR-00000469,1240,NGIQ-BR-00000164,492,partial_overlap,True,True,True,True,True,True,TARGET_COVERAGE_SEMANTICS_VALID,True,True,True,True,True,PASS,
G4G3-STAGE-B22135350B078917D3B7,NGIQ-BR-00000469,1240,NGIQ-BR-00000070,210,partial_overlap,True,True,True,True,True,True,TARGET_COVERAGE_SEMANTICS_VALID,True,True,True,True,True,PASS,
G4G3-STAGE-68007CCB1F618D9A5F67,NGIQ-BR-00000470,1243,NGIQ-BR-00000069,207,partial_overlap,True,True,True,True,True,True,TARGET_COVERAGE_SEMANTICS_VALID,True,True,True,True,True,PASS,
G4G3-STAGE-2C62E63486B106D2EBFF,NGIQ-BR-00000470,1243,NGIQ-BR-00000073,219,partial_overlap,True,True,True,True,True,True,TARGET_COVERAGE_SEMANTICS_VALID,True,True,True,True,True,PASS,
G4G3-STAGE-0D3107CAA1B16E22C6AB,NGIQ-BR-00000470,1243,NGIQ-BR-00000163,489,partial_overlap,True,True,True,True,True,True,TARGET_COVERAGE_SEMANTICS_VALID,True,True,True,True,True,PASS,
G4G3-STAGE-B834F79A961F71FCE4E1,NGIQ-BR-00000475,1258,NGIQ-BR-00000078,234,dominant_overlap,True,True,True,True,True,True,TARGET_COVERAGE_SEMANTICS_VALID,True,True,True,True,True,PASS,
G4G3-STAGE-C34D6EA4DB09ABA8814B,NGIQ-BR-00000476,1261,NGIQ-BR-00000077,231,partial_overlap,True,True,True,True,True,True,TARGET_COVERAGE_SEMANTICS_VALID,True,True,True,True,True,PASS,
G4G3-STAGE-B9FE015ECDC023B85F23,NGIQ-BR-00000476,1261,NGIQ-BR-00000055,165,partial_overlap,True,True,True,True,True,True,TARGET_COVERAGE_SEMANTICS_VALID,True,True,True,True,True,PASS,
G4G3-STAGE-46022B84461CF9A2F61C,NGIQ-BR-00000477,1264,NGIQ-BR-00000078,234,partial_overlap,True,True,True,True,True,True,TARGET_COVERAGE_SEMANTICS_VALID,True,True,True,True,True,PASS,
G4G3-STAGE-239CD9ABB5963E0AC551,NGIQ-BR-00000477,1264,NGIQ-BR-00000166,498,partial_overlap,True,True,True,True,True,True,TARGET_COVERAGE_SEMANTICS_VALID,True,True,True,True,True,PASS,
G4G3-STAGE-6E933CDF2EFCA8A6F135,NGIQ-BR-00000478,1267,NGIQ-BR-00000077,231,partial_overlap,True,True,True,True,True,True,TARGET_COVERAGE_SEMANTICS_VALID,True,True,True,True,True,PASS,
G4G3-STAGE-5D281C83119EEE8B851F,NGIQ-BR-00000478,1267,NGIQ-BR-00000165,495,partial_overlap,True,True,True,True,True,True,TARGET_COVERAGE_SEMANTICS_VALID,True,True,True,True,True,PASS,
G4G3-STAGE-F666ECDC50C77525265E,NGIQ-BR-00000479,1270,NGIQ-BR-00000054,162,dominant_overlap,True,True,True,True,True,True,TARGET_COVERAGE_SEMANTICS_VALID,True,True,True,True,True,PASS,
G4G3-STAGE-AD846444B106ADE09ABA,NGIQ-BR-00000481,1276,NGIQ-BR-00000054,162,dominant_overlap,True,True,True,True,True,True,TARGET_COVERAGE_SEMANTICS_VALID,True,True,True,True,True,PASS,
G4G3-STAGE-B2F235ED6D5407F9BC70,NGIQ-BR-00000482,1279,NGIQ-BR-00000053,159,partial_overlap,True,True,True,True,True,True,TARGET_COVERAGE_SEMANTICS_VALID,True,True,True,True,True,PASS,
G4G3-STAGE-AB5A8EB0557F41EA0A2C,NGIQ-BR-00000482,1279,NGIQ-BR-00000051,153,partial_overlap,True,True,True,True,True,True,TARGET_COVERAGE_SEMANTICS_VALID,True,True,True,True,True,PASS,
G4G3-STAGE-7804ADF7DE4EAF3361B3,NGIQ-BR-00000482,1279,NGIQ-BR-00000049,147,partial_overlap,True,True,True,True,True,True,TARGET_COVERAGE_SEMANTICS_VALID,True,True,True,True,True,PASS,
G4G3-STAGE-AF41016E49DD40163334,NGIQ-BR-00000483,1282,NGIQ-BR-00000054,162,dominant_overlap,True,True,True,True,True,True,TARGET_COVERAGE_SEMANTICS_VALID,True,True,True,True,True,PASS,
G4G3-STAGE-F281DB491C4E3E20EA66,NGIQ-BR-00000484,1285,NGIQ-BR-00000053,159,dominant_overlap,True,True,True,True,True,True,TARGET_COVERAGE_SEMANTICS_VALID,True,True,True,True,True,PASS,
G4G3-STAGE-40C17100BB91084C0625,NGIQ-BR-00000486,1291,NGIQ-BR-00000003,9,partial_overlap,True,True,True,True,True,True,TARGET_COVERAGE_SEMANTICS_VALID,True,True,True,True,True,PASS,
G4G3-STAGE-BDFFD4395A4D069872B5,NGIQ-BR-00000486,1291,NGIQ-BR-00000035,105,partial_overlap,True,True,True,True,True,True,TARGET_COVERAGE_SEMANTICS_VALID,True,True,True,True,True,PASS,
G4G3-STAGE-AEDE2E66896B5FF79F7B,NGIQ-BR-00000486,1291,NGIQ-BR-00000047,141,partial_overlap,True,True,True,True,True,True,TARGET_COVERAGE_SEMANTICS_VALID,True,True,True,True,True,PASS,
G4G3-STAGE-8E8D692C507F437D071E,NGIQ-BR-00000487,1294,NGIQ-BR-00000004,12,partial_overlap,True,True,True,True,True,True,TARGET_COVERAGE_SEMANTICS_VALID,True,True,True,True,True,PASS,
G4G3-STAGE-109A918ABE4EECDBF290,NGIQ-BR-00000487,1294,NGIQ-BR-00000040,120,partial_overlap,True,True,True,True,True,True,TARGET_COVERAGE_SEMANTICS_VALID,True,True,True,True,True,PASS,
G4G3-STAGE-7A87E5F1117E4E1E83DA,NGIQ-BR-00000487,1294,NGIQ-BR-00000042,126,partial_overlap,True,True,True,True,True,True,TARGET_COVERAGE_SEMANTICS_VALID,True,True,True,True,True,PASS,
G4G3-STAGE-CA9E3014F1CCEEF612D5,NGIQ-BR-00000490,1303,NGIQ-BR-00000039,117,partial_overlap,True,True,True,True,True,True,TARGET_COVERAGE_SEMANTICS_VALID,True,True,True,True,True,PASS,
G4G3-STAGE-F2D3D951D50C50EB9ECD,NGIQ-BR-00000490,1303,NGIQ-BR-00000047,141,partial_overlap,True,True,True,True,True,True,TARGET_COVERAGE_SEMANTICS_VALID,True,True,True,True,True,PASS,
G4G3-STAGE-2B21E681505FC175DE1C,NGIQ-BR-00000490,1303,NGIQ-BR-00000035,105,partial_overlap,True,True,True,True,True,True,TARGET_COVERAGE_SEMANTICS_VALID,True,True,True,True,True,PASS,
G4G3-STAGE-66C04C15553F3A916114,NGIQ-BR-00000491,1306,NGIQ-BR-00000004,12,dominant_overlap,True,True,True,True,True,True,TARGET_COVERAGE_SEMANTICS_VALID,True,True,True,True,True,PASS,
G4G3-STAGE-E5A3271987FC0D561809,NGIQ-BR-00000492,1309,NGIQ-BR-00000035,105,partial_overlap,True,True,True,True,True,True,TARGET_COVERAGE_SEMANTICS_VALID,True,True,True,True,True,PASS,
G4G3-STAGE-46531D63346C5767B5A0,NGIQ-BR-00000492,1309,NGIQ-BR-00000079,237,partial_overlap,True,True,True,True,True,True,TARGET_COVERAGE_SEMANTICS_VALID,True,True,True,True,True,PASS,
G4G3-STAGE-881747D2C21426CF38FE,NGIQ-BR-00000492,1309,NGIQ-BR-00000003,9,partial_overlap,True,True,True,True,True,True,TARGET_COVERAGE_SEMANTICS_VALID,True,True,True,True,True,PASS,
G4G3-STAGE-68AA72BAD28A86739270,NGIQ-BR-00000494,1315,NGIQ-BR-00000035,105,contained_in,True,True,True,True,True,True,TARGET_COVERAGE_SEMANTICS_VALID,True,True,True,True,True,PASS,
G4G3-STAGE-DF62E559C2D3237324D5,NGIQ-BR-00000495,1318,NGIQ-BR-00000004,12,partial_overlap,True,True,True,True,True,True,TARGET_COVERAGE_SEMANTICS_VALID,True,True,True,True,True,PASS,
G4G3-STAGE-EE11E84E8AF61FB78FB9,NGIQ-BR-00000495,1318,NGIQ-BR-00000036,108,partial_overlap,True,True,True,True,True,True,TARGET_COVERAGE_SEMANTICS_VALID,True,True,True,True,True,PASS,
G4G3-STAGE-822813C649F007840788,NGIQ-BR-00000496,1321,NGIQ-BR-00000035,105,partial_overlap,True,True,True,True,True,True,TARGET_COVERAGE_SEMANTICS_VALID,True,True,True,True,True,PASS,
G4G3-STAGE-E4E285C13E027DDB3F00,NGIQ-BR-00000496,1321,NGIQ-BR-00000003,9,partial_overlap,True,True,True,True,True,True,TARGET_COVERAGE_SEMANTICS_VALID,True,True,True,True,True,PASS,
G4G3-STAGE-2DE56A060DF9485E8748,NGIQ-BR-00000497,1324,NGIQ-BR-00000038,114,dominant_overlap,True,True,True,True,True,True,TARGET_COVERAGE_SEMANTICS_VALID,True,True,True,True,True,PASS,
G4G3-STAGE-84C5EE9BC55A1DE0302A,NGIQ-BR-00000498,1327,NGIQ-BR-00000037,111,dominant_overlap,True,True,True,True,True,True,TARGET_COVERAGE_SEMANTICS_VALID,True,True,True,True,True,PASS,
G4G3-STAGE-4691B9D27E52F70B94FC,NGIQ-BR-00000499,1330,NGIQ-BR-00000056,168,partial_overlap,True,True,True,True,True,True,TARGET_COVERAGE_SEMANTICS_VALID,True,True,True,True,True,PASS,
G4G3-STAGE-EB814CA8E680E250AD77,NGIQ-BR-00000499,1330,NGIQ-BR-00000050,150,partial_overlap,True,True,True,True,True,True,TARGET_COVERAGE_SEMANTICS_VALID,True,True,True,True,True,PASS,
G4G3-STAGE-A3479AAE15438DE105A8,NGIQ-BR-00000502,1339,NGIQ-BR-00000047,141,partial_overlap,True,True,True,True,True,True,TARGET_COVERAGE_SEMANTICS_VALID,True,True,True,True,True,PASS,
G4G3-STAGE-3FC992C2AA0F570B5370,NGIQ-BR-00000502,1339,NGIQ-BR-00000049,147,partial_overlap,True,True,True,True,True,True,TARGET_COVERAGE_SEMANTICS_VALID,True,True,True,True,True,PASS,
G4G3-STAGE-2577FD8813BA24698615,NGIQ-BR-00000502,1339,NGIQ-BR-00000039,117,partial_overlap,True,True,True,True,True,True,TARGET_COVERAGE_SEMANTICS_VALID,True,True,True,True,True,PASS,
G4G3-STAGE-A21126583422830964AB,NGIQ-BR-00000503,1342,NGIQ-BR-00000042,126,partial_overlap,True,True,True,True,True,True,TARGET_COVERAGE_SEMANTICS_VALID,True,True,True,True,True,PASS,
G4G3-STAGE-9B6FF59D9638F2A57F4D,NGIQ-BR-00000503,1342,NGIQ-BR-00000034,102,partial_overlap,True,True,True,True,True,True,TARGET_COVERAGE_SEMANTICS_VALID,True,True,True,True,True,PASS,
G4G3-STAGE-14552EFCE670C803A9F7,NGIQ-BR-00000504,1345,NGIQ-BR-00000041,123,dominant_overlap,True,True,True,True,True,True,TARGET_COVERAGE_SEMANTICS_VALID,True,True,True,True,True,PASS,
G4G3-STAGE-77FF8B1969D522713A58,NGIQ-BR-00000505,1348,NGIQ-BR-00000042,126,partial_overlap,True,True,True,True,True,True,TARGET_COVERAGE_SEMANTICS_VALID,True,True,True,True,True,PASS,
G4G3-STAGE-10FA931863A6359A36CB,NGIQ-BR-00000505,1348,NGIQ-BR-00000034,102,partial_overlap,True,True,True,True,True,True,TARGET_COVERAGE_SEMANTICS_VALID,True,True,True,True,True,PASS,
G4G3-STAGE-A5D077CDBD783EA29EDA,NGIQ-BR-00000505,1348,NGIQ-BR-00000022,66,partial_overlap,True,True,True,True,True,True,TARGET_COVERAGE_SEMANTICS_VALID,True,True,True,True,True,PASS,
G4G3-STAGE-F3DB191649FE5FF99C17,NGIQ-BR-00000505,1348,NGIQ-BR-00000044,132,partial_overlap,True,True,True,True,True,True,TARGET_COVERAGE_SEMANTICS_VALID,True,True,True,True,True,PASS,
G4G3-STAGE-344CBDFFAA95BB850573,NGIQ-BR-00000506,1351,NGIQ-BR-00000041,123,dominant_overlap,True,True,True,True,True,True,TARGET_COVERAGE_SEMANTICS_VALID,True,True,True,True,True,PASS,
G4G3-STAGE-23D0B94DA3F90B71D82B,NGIQ-BR-00000507,1354,NGIQ-BR-00000034,102,dominant_overlap,True,True,True,True,True,True,TARGET_COVERAGE_SEMANTICS_VALID,True,True,True,True,True,PASS,
G4G3-STAGE-5F27D1762FF00442D540,NGIQ-BR-00000508,1357,NGIQ-BR-00000033,99,partial_overlap,True,True,True,True,True,True,TARGET_COVERAGE_SEMANTICS_VALID,True,True,True,True,True,PASS,
G4G3-STAGE-BE3E4C00FF224A07CAEB,NGIQ-BR-00000508,1357,NGIQ-BR-00000039,117,partial_overlap,True,True,True,True,True,True,TARGET_COVERAGE_SEMANTICS_VALID,True,True,True,True,True,PASS,
G4G3-STAGE-1FE7DADF45E96B79F4F6,NGIQ-BR-00000510,1363,NGIQ-BR-00000037,111,partial_overlap,True,True,True,True,True,True,TARGET_COVERAGE_SEMANTICS_VALID,True,True,True,True,True,PASS,
G4G3-STAGE-1BFBF17C2F6ED3B3380A,NGIQ-BR-00000510,1363,NGIQ-BR-00000033,99,partial_overlap,True,True,True,True,True,True,TARGET_COVERAGE_SEMANTICS_VALID,True,True,True,True,True,PASS,
G4G3-STAGE-C4D0B8C78F9240FF473E,NGIQ-BR-00000510,1363,NGIQ-BR-00000039,117,partial_overlap,True,True,True,True,True,True,TARGET_COVERAGE_SEMANTICS_VALID,True,True,True,True,True,PASS,
G4G3-STAGE-04FC0709FAE4B21436A5,NGIQ-BR-00000511,1366,NGIQ-BR-00000038,114,dominant_overlap,True,True,True,True,True,True,TARGET_COVERAGE_SEMANTICS_VALID,True,True,True,True,True,PASS,
G4G3-STAGE-CB7200425052547D4643,NGIQ-BR-00000512,1369,NGIQ-BR-00000033,99,contained_in,True,True,True,True,True,True,TARGET_COVERAGE_SEMANTICS_VALID,True,True,True,True,True,PASS,
G4G3-STAGE-EBEACA6E611869BAD63F,NGIQ-BR-00000513,1372,NGIQ-BR-00000044,132,partial_overlap,True,True,True,True,True,True,TARGET_COVERAGE_SEMANTICS_VALID,True,True,True,True,True,PASS,
G4G3-STAGE-C6B65AD484D5967EB816,NGIQ-BR-00000513,1372,NGIQ-BR-00000026,78,partial_overlap,True,True,True,True,True,True,TARGET_COVERAGE_SEMANTICS_VALID,True,True,True,True,True,PASS,
G4G3-STAGE-E80790B8642AE2B82F67,NGIQ-BR-00000513,1372,NGIQ-BR-00000072,216,partial_overlap,True,True,True,True,True,True,TARGET_COVERAGE_SEMANTICS_VALID,True,True,True,True,True,PASS,
G4G3-STAGE-4A060774C96214C88F66,NGIQ-BR-00000515,1378,NGIQ-BR-00000038,114,contained_in,True,True,True,True,True,True,TARGET_COVERAGE_SEMANTICS_VALID,True,True,True,True,True,PASS,
G4G3-STAGE-C876E7C14F0B2F731079,NGIQ-BR-00000516,1381,NGIQ-BR-00000033,99,partial_overlap,True,True,True,True,True,True,TARGET_COVERAGE_SEMANTICS_VALID,True,True,True,True,True,PASS,
G4G3-STAGE-CD36F8D9D5C49728C24B,NGIQ-BR-00000516,1381,NGIQ-BR-00000037,111,partial_overlap,True,True,True,True,True,True,TARGET_COVERAGE_SEMANTICS_VALID,True,True,True,True,True,PASS,
G4G3-STAGE-FD3A13AA65F5785BB999,NGIQ-BR-00000517,1384,NGIQ-BR-00000038,114,partial_overlap,True,True,True,True,True,True,TARGET_COVERAGE_SEMANTICS_VALID,True,True,True,True,True,PASS,
G4G3-STAGE-4B521E9A20B9AFB6BB5D,NGIQ-BR-00000517,1384,NGIQ-BR-00000024,72,partial_overlap,True,True,True,True,True,True,TARGET_COVERAGE_SEMANTICS_VALID,True,True,True,True,True,PASS,
G4G3-STAGE-BEE4CBADA36636AE4B54,NGIQ-BR-00000518,1387,NGIQ-BR-00000033,99,partial_overlap,True,True,True,True,True,True,TARGET_COVERAGE_SEMANTICS_VALID,True,True,True,True,True,PASS,
G4G3-STAGE-A74DC201F0C719F57C58,NGIQ-BR-00000518,1387,NGIQ-BR-00000037,111,partial_overlap,True,True,True,True,True,True,TARGET_COVERAGE_SEMANTICS_VALID,True,True,True,True,True,PASS,
G4G3-STAGE-16739237E55C20999E01,NGIQ-BR-00000518,1387,NGIQ-BR-00000023,69,partial_overlap,True,True,True,True,True,True,TARGET_COVERAGE_SEMANTICS_VALID,True,True,True,True,True,PASS,
G4G3-STAGE-EABF2A7E746D8222DA4C,NGIQ-BR-00000520,1393,NGIQ-BR-00000039,117,contained_in,True,True,True,True,True,True,TARGET_COVERAGE_SEMANTICS_VALID,True,True,True,True,True,PASS,
G4G3-STAGE-FA8201D1CD76CE732F94,NGIQ-BR-00000521,1396,NGIQ-BR-00000024,72,contained_in,True,True,True,True,True,True,TARGET_COVERAGE_SEMANTICS_VALID,True,True,True,True,True,PASS,
G4G3-STAGE-1D43B480154BE54CF4DA,NGIQ-BR-00000522,1399,NGIQ-BR-00000023,69,contained_in,True,True,True,True,True,True,TARGET_COVERAGE_SEMANTICS_VALID,True,True,True,True,True,PASS,
G4G3-STAGE-197BADA1924ED346254C,NGIQ-BR-00000523,1402,NGIQ-BR-00000022,66,dominant_overlap,True,True,True,True,True,True,TARGET_COVERAGE_SEMANTICS_VALID,True,True,True,True,True,PASS,
G4G3-STAGE-8757413DBFC9E91A8905,NGIQ-BR-00000524,1405,NGIQ-BR-00000021,63,dominant_overlap,True,True,True,True,True,True,TARGET_COVERAGE_SEMANTICS_VALID,True,True,True,True,True,PASS,
G4G3-STAGE-CBFEAFDF53AFF762EFB3,NGIQ-BR-00000525,1408,NGIQ-BR-00000022,66,partial_overlap,True,True,True,True,True,True,TARGET_COVERAGE_SEMANTICS_VALID,True,True,True,True,True,PASS,
G4G3-STAGE-D6FA9166209066FE18DC,NGIQ-BR-00000525,1408,NGIQ-BR-00000024,72,partial_overlap,True,True,True,True,True,True,TARGET_COVERAGE_SEMANTICS_VALID,True,True,True,True,True,PASS,
G4G3-STAGE-C308186333F2BF78D128,NGIQ-BR-00000525,1408,NGIQ-BR-00000002,6,partial_overlap,True,True,True,True,True,True,TARGET_COVERAGE_SEMANTICS_VALID,True,True,True,True,True,PASS,
G4G3-STAGE-7AC4B88D5005076FFCB9,NGIQ-BR-00000526,1411,NGIQ-BR-00000021,63,dominant_overlap,True,True,True,True,True,True,TARGET_COVERAGE_SEMANTICS_VALID,True,True,True,True,True,PASS,
G4G3-STAGE-B4C778FC4BE57CCEF133,NGIQ-BR-00000527,1414,NGIQ-BR-00000034,102,dominant_overlap,True,True,True,True,True,True,TARGET_COVERAGE_SEMANTICS_VALID,True,True,True,True,True,PASS,
G4G3-STAGE-9FCA7C92C542AF3E477E,NGIQ-BR-00000528,1417,NGIQ-BR-00000033,99,dominant_overlap,True,True,True,True,True,True,TARGET_COVERAGE_SEMANTICS_VALID,True,True,True,True,True,PASS,
G4G3-STAGE-054599E02BA5C6FE2E17,NGIQ-BR-00000529,1420,NGIQ-BR-00000060,180,partial_overlap,True,True,True,True,True,True,TARGET_COVERAGE_SEMANTICS_VALID,True,True,True,True,True,PASS,
G4G3-STAGE-E90BB92C172330743F3E,NGIQ-BR-00000529,1420,NGIQ-BR-00000068,204,partial_overlap,True,True,True,True,True,True,TARGET_COVERAGE_SEMANTICS_VALID,True,True,True,True,True,PASS,
G4G3-STAGE-71BE4163D244F1D0F0AB,NGIQ-BR-00000530,1423,NGIQ-BR-00000067,201,partial_overlap,True,True,True,True,True,True,TARGET_COVERAGE_SEMANTICS_VALID,True,True,True,True,True,PASS,
G4G3-STAGE-E4991AA0DF7EFC027F73,NGIQ-BR-00000530,1423,NGIQ-BR-00000059,177,partial_overlap,True,True,True,True,True,True,TARGET_COVERAGE_SEMANTICS_VALID,True,True,True,True,True,PASS,
G4G3-STAGE-7171AA8D00ABFA64F27E,NGIQ-BR-00000531,1426,NGIQ-BR-00000046,138,partial_overlap,True,True,True,True,True,True,TARGET_COVERAGE_SEMANTICS_VALID,True,True,True,True,True,PASS,
G4G3-STAGE-E500F04B1BCC885D8662,NGIQ-BR-00000531,1426,NGIQ-BR-00000060,180,partial_overlap,True,True,True,True,True,True,TARGET_COVERAGE_SEMANTICS_VALID,True,True,True,True,True,PASS,
G4G3-STAGE-1BAF74A1AF580AE34F15,NGIQ-BR-00000532,1429,NGIQ-BR-00000045,135,dominant_overlap,True,True,True,True,True,True,TARGET_COVERAGE_SEMANTICS_VALID,True,True,True,True,True,PASS,
G4G3-STAGE-752876730875FB24844F,NGIQ-BR-00000533,1432,NGIQ-BR-00000060,180,partial_overlap,True,True,True,True,True,True,TARGET_COVERAGE_SEMANTICS_VALID,True,True,True,True,True,PASS,
G4G3-STAGE-25D75E48853CC704CBC9,NGIQ-BR-00000533,1432,NGIQ-BR-00000062,186,partial_overlap,True,True,True,True,True,True,TARGET_COVERAGE_SEMANTICS_VALID,True,True,True,True,True,PASS,
G4G3-STAGE-786EBBFDE01DF016BC01,NGIQ-BR-00000534,1435,NGIQ-BR-00000059,177,dominant_overlap,True,True,True,True,True,True,TARGET_COVERAGE_SEMANTICS_VALID,True,True,True,True,True,PASS,
G4G3-STAGE-9B6316844F4B1E6CFBE2,NGIQ-BR-00000535,1438,NGIQ-BR-00000046,138,partial_overlap,True,True,True,True,True,True,TARGET_COVERAGE_SEMANTICS_VALID,True,True,True,True,True,PASS,
G4G3-STAGE-B9ABA33ADB539073B281,NGIQ-BR-00000535,1438,NGIQ-BR-00000062,186,partial_overlap,True,True,True,True,True,True,TARGET_COVERAGE_SEMANTICS_VALID,True,True,True,True,True,PASS,
G4G3-STAGE-4FD50DE2A35C1DF9B656,NGIQ-BR-00000535,1438,NGIQ-BR-00000060,180,partial_overlap,True,True,True,True,True,True,TARGET_COVERAGE_SEMANTICS_VALID,True,True,True,True,True,PASS,
G4G3-STAGE-9221400B8E23F42F4319,NGIQ-BR-00000536,1441,NGIQ-BR-00000061,183,dominant_overlap,True,True,True,True,True,True,TARGET_COVERAGE_SEMANTICS_VALID,True,True,True,True,True,PASS,
G4G3-STAGE-DB03C4058FBBD479882D,NGIQ-BR-00000537,1444,NGIQ-BR-00000178,534,dominant_overlap,True,True,True,True,True,True,TARGET_COVERAGE_SEMANTICS_VALID,True,True,True,True,True,PASS,
G4G3-STAGE-F05704D7ACF4F848E175,NGIQ-BR-00000538,1447,NGIQ-BR-00000177,531,dominant_overlap,True,True,True,True,True,True,TARGET_COVERAGE_SEMANTICS_VALID,True,True,True,True,True,PASS,
G4G3-STAGE-1888E03205D1E1DD1CA7,NGIQ-BR-00000539,1450,NGIQ-BR-00000014,42,dominant_overlap,True,True,True,True,True,True,TARGET_COVERAGE_SEMANTICS_VALID,True,True,True,True,True,PASS,
G4G3-STAGE-24D6C90F261F7DAE0075,NGIQ-BR-00000540,1453,NGIQ-BR-00000013,39,dominant_overlap,True,True,True,True,True,True,TARGET_COVERAGE_SEMANTICS_VALID,True,True,True,True,True,PASS,
G4G3-STAGE-F95F92B524529C3D518F,NGIQ-BR-00000541,1456,NGIQ-BR-00000014,42,dominant_overlap,True,True,True,True,True,True,TARGET_COVERAGE_SEMANTICS_VALID,True,True,True,True,True,PASS,
G4G3-STAGE-AA7EC517EABE6AF8E1D0,NGIQ-BR-00000542,1459,NGIQ-BR-00000013,39,dominant_overlap,True,True,True,True,True,True,TARGET_COVERAGE_SEMANTICS_VALID,True,True,True,True,True,PASS,
G4G3-STAGE-10027A095ABE78D5A3B3,NGIQ-BR-00000543,1462,NGIQ-BR-00000092,276,dominant_overlap,True,True,True,True,True,True,TARGET_COVERAGE_SEMANTICS_VALID,True,True,True,True,True,PASS,
G4G3-STAGE-02189374170C450EF2C8,NGIQ-BR-00000544,1465,NGIQ-BR-00000091,273,dominant_overlap,True,True,True,True,True,True,TARGET_COVERAGE_SEMANTICS_VALID,True,True,True,True,True,PASS,
G4G3-STAGE-AD6D542F98E4718D19B1,NGIQ-BR-00000545,1468,NGIQ-BR-00000176,528,dominant_overlap,True,True,True,True,True,True,TARGET_COVERAGE_SEMANTICS_VALID,True,True,True,True,True,PASS,
G4G3-STAGE-E19D46B72D82D5BC4C30,NGIQ-BR-00000546,1471,NGIQ-BR-00000175,525,dominant_overlap,True,True,True,True,True,True,TARGET_COVERAGE_SEMANTICS_VALID,True,True,True,True,True,PASS,
G4G3-STAGE-46B165107C6C50CDA45E,NGIQ-BR-00000547,1474,NGIQ-BR-00000176,528,contained_in,True,True,True,True,True,True,TARGET_COVERAGE_SEMANTICS_VALID,True,True,True,True,True,PASS,
G4G3-STAGE-69EA8541320A4825CDDC,NGIQ-BR-00000548,1477,NGIQ-BR-00000175,525,contained_in,True,True,True,True,True,True,TARGET_COVERAGE_SEMANTICS_VALID,True,True,True,True,True,PASS,
G4G3-STAGE-AF80CE6E135556EF06B8,NGIQ-BR-00000549,1480,NGIQ-BR-00000178,534,partial_overlap,True,True,True,True,True,True,TARGET_COVERAGE_SEMANTICS_VALID,True,True,True,True,True,PASS,
G4G3-STAGE-44906A5F56799EBE44BD,NGIQ-BR-00000549,1480,NGIQ-BR-00000014,42,partial_overlap,True,True,True,True,True,True,TARGET_COVERAGE_SEMANTICS_VALID,True,True,True,True,True,PASS,
G4G3-STAGE-422AD9D5B51E6B8607FC,NGIQ-BR-00000550,1483,NGIQ-BR-00000013,39,partial_overlap,True,True,True,True,True,True,TARGET_COVERAGE_SEMANTICS_VALID,True,True,True,True,True,PASS,
G4G3-STAGE-3910857FAA9778F354F9,NGIQ-BR-00000550,1483,NGIQ-BR-00000177,531,partial_overlap,True,True,True,True,True,True,TARGET_COVERAGE_SEMANTICS_VALID,True,True,True,True,True,PASS,
G4G3-STAGE-D8B941BB289F1004EEC4,NGIQ-BR-00000551,1486,NGIQ-BR-00000174,522,partial_overlap,True,True,True,True,True,True,TARGET_COVERAGE_SEMANTICS_VALID,True,True,True,True,True,PASS,
G4G3-STAGE-9EB5CE07BF92DE976F29,NGIQ-BR-00000551,1486,NGIQ-BR-00000068,204,partial_overlap,True,True,True,True,True,True,TARGET_COVERAGE_SEMANTICS_VALID,True,True,True,True,True,PASS,
G4G3-STAGE-9DDBCA215FD9E041CBD8,NGIQ-BR-00000551,1486,NGIQ-BR-00000172,516,partial_overlap,True,True,True,True,True,True,TARGET_COVERAGE_SEMANTICS_VALID,True,True,True,True,True,PASS,
G4G3-STAGE-52754024442643C42BFC,NGIQ-BR-00000552,1489,NGIQ-BR-00000173,519,partial_overlap,True,True,True,True,True,True,TARGET_COVERAGE_SEMANTICS_VALID,True,True,True,True,True,PASS,
G4G3-STAGE-ED45D359E048045C1CD7,NGIQ-BR-00000552,1489,NGIQ-BR-00000067,201,partial_overlap,True,True,True,True,True,True,TARGET_COVERAGE_SEMANTICS_VALID,True,True,True,True,True,PASS,
G4G3-STAGE-E7CEEC1911DD6F4A0420,NGIQ-BR-00000552,1489,NGIQ-BR-00000171,513,partial_overlap,True,True,True,True,True,True,TARGET_COVERAGE_SEMANTICS_VALID,True,True,True,True,True,PASS,
G4G3-STAGE-06B6453B44A92F3D154A,NGIQ-BR-00000553,1492,NGIQ-BR-00000176,528,partial_overlap,True,True,True,True,True,True,TARGET_COVERAGE_SEMANTICS_VALID,True,True,True,True,True,PASS,
G4G3-STAGE-80912A0D8F713606E8FD,NGIQ-BR-00000553,1492,NGIQ-BR-00000088,264,partial_overlap,True,True,True,True,True,True,TARGET_COVERAGE_SEMANTICS_VALID,True,True,True,True,True,PASS,
G4G3-STAGE-190E24F5C70E1B82E826,NGIQ-BR-00000554,1495,NGIQ-BR-00000175,525,partial_overlap,True,True,True,True,True,True,TARGET_COVERAGE_SEMANTICS_VALID,True,True,True,True,True,PASS,
G4G3-STAGE-C9CCE96EE715D97FF922,NGIQ-BR-00000554,1495,NGIQ-BR-00000087,261,partial_overlap,True,True,True,True,True,True,TARGET_COVERAGE_SEMANTICS_VALID,True,True,True,True,True,PASS,
G4G3-STAGE-71BF006B256FDF2C2FC2,NGIQ-BR-00000555,1498,NGIQ-BR-00000176,528,partial_overlap,True,True,True,True,True,True,TARGET_COVERAGE_SEMANTICS_VALID,True,True,True,True,True,PASS,
G4G3-STAGE-625EA38BD42F31403576,NGIQ-BR-00000555,1498,NGIQ-BR-00000180,540,partial_overlap,True,True,True,True,True,True,TARGET_COVERAGE_SEMANTICS_VALID,True,True,True,True,True,PASS,
G4G3-STAGE-DDB7FE948F07316DE2EE,NGIQ-BR-00000555,1498,NGIQ-BR-00000172,516,partial_overlap,True,True,True,True,True,True,TARGET_COVERAGE_SEMANTICS_VALID,True,True,True,True,True,PASS,
G4G3-STAGE-6682C3595A0B5F944265,NGIQ-BR-00000555,1498,NGIQ-BR-00000174,522,partial_overlap,True,True,True,True,True,True,TARGET_COVERAGE_SEMANTICS_VALID,True,True,True,True,True,PASS,
G4G3-STAGE-4B7B6EAD05002BB7A5F8,NGIQ-BR-00000556,1501,NGIQ-BR-00000179,537,partial_overlap,True,True,True,True,True,True,TARGET_COVERAGE_SEMANTICS_VALID,True,True,True,True,True,PASS,
G4G3-STAGE-FFE3B844E2C71175FCA8,NGIQ-BR-00000556,1501,NGIQ-BR-00000175,525,partial_overlap,True,True,True,True,True,True,TARGET_COVERAGE_SEMANTICS_VALID,True,True,True,True,True,PASS,
G4G3-STAGE-0489AA7433ED68E5F334,NGIQ-BR-00000557,1504,NGIQ-BR-00000054,162,partial_overlap,True,True,True,True,True,True,TARGET_COVERAGE_SEMANTICS_VALID,True,True,True,True,True,PASS,
G4G3-STAGE-765F230EE6F60BDA4B87,NGIQ-BR-00000557,1504,NGIQ-BR-00000174,522,partial_overlap,True,True,True,True,True,True,TARGET_COVERAGE_SEMANTICS_VALID,True,True,True,True,True,PASS,
G4G3-STAGE-9AE3A548965970514DD3,NGIQ-BR-00000558,1507,NGIQ-BR-00000173,519,partial_overlap,True,True,True,True,True,True,TARGET_COVERAGE_SEMANTICS_VALID,True,True,True,True,True,PASS,
G4G3-STAGE-7A10F6578B6C82403937,NGIQ-BR-00000558,1507,NGIQ-BR-00000053,159,partial_overlap,True,True,True,True,True,True,TARGET_COVERAGE_SEMANTICS_VALID,True,True,True,True,True,PASS,
G4G3-STAGE-9C5817F480511A8F613C,NGIQ-BR-00000558,1507,NGIQ-BR-00000067,201,partial_overlap,True,True,True,True,True,True,TARGET_COVERAGE_SEMANTICS_VALID,True,True,True,True,True,PASS,
G4G3-STAGE-40F3CB02B3B4A09F5802,NGIQ-BR-00000559,1510,NGIQ-BR-00000178,534,dominant_overlap,True,True,True,True,True,True,TARGET_COVERAGE_SEMANTICS_VALID,True,True,True,True,True,PASS,
G4G3-STAGE-B872E2B6D2892E1402D9,NGIQ-BR-00000560,1513,NGIQ-BR-00000177,531,dominant_overlap,True,True,True,True,True,True,TARGET_COVERAGE_SEMANTICS_VALID,True,True,True,True,True,PASS,
G4G3-STAGE-853939751C5C006C3AA2,NGIQ-BR-00000561,1516,NGIQ-BR-00000180,540,dominant_overlap,True,True,True,True,True,True,TARGET_COVERAGE_SEMANTICS_VALID,True,True,True,True,True,PASS,
G4G3-STAGE-21C75603C2011EFFD49B,NGIQ-BR-00000562,1519,NGIQ-BR-00000179,537,partial_overlap,True,True,True,True,True,True,TARGET_COVERAGE_SEMANTICS_VALID,True,True,True,True,True,PASS,
G4G3-STAGE-C12F9F227E09DB1D6199,NGIQ-BR-00000562,1519,NGIQ-BR-00000173,519,partial_overlap,True,True,True,True,True,True,TARGET_COVERAGE_SEMANTICS_VALID,True,True,True,True,True,PASS,
G4G3-STAGE-F5B044C82CCAC63035F1,NGIQ-BR-00000564,1525,NGIQ-BR-00000171,513,partial_overlap,True,True,True,True,True,True,TARGET_COVERAGE_SEMANTICS_VALID,True,True,True,True,True,PASS,
G4G3-STAGE-52BE7D6466251E66D80C,NGIQ-BR-00000564,1525,NGIQ-BR-00000067,201,partial_overlap,True,True,True,True,True,True,TARGET_COVERAGE_SEMANTICS_VALID,True,True,True,True,True,PASS,
G4G3-STAGE-7D553303280BDB463587,NGIQ-BR-00000565,1528,NGIQ-BR-00000180,540,partial_overlap,True,True,True,True,True,True,TARGET_COVERAGE_SEMANTICS_VALID,True,True,True,True,True,PASS,
G4G3-STAGE-5D1450DB0C90718424EE,NGIQ-BR-00000565,1528,NGIQ-BR-00000178,534,partial_overlap,True,True,True,True,True,True,TARGET_COVERAGE_SEMANTICS_VALID,True,True,True,True,True,PASS,
G4G3-STAGE-7F8E335C8C6359503158,NGIQ-BR-00000566,1531,NGIQ-BR-00000177,531,partial_overlap,True,True,True,True,True,True,TARGET_COVERAGE_SEMANTICS_VALID,True,True,True,True,True,PASS,
G4G3-STAGE-38AB46E07DF89A3580FC,NGIQ-BR-00000566,1531,NGIQ-BR-00000179,537,partial_overlap,True,True,True,True,True,True,TARGET_COVERAGE_SEMANTICS_VALID,True,True,True,True,True,PASS,
G4G3-STAGE-0244CABA664DC05A6DC5,NGIQ-BR-00000567,1534,NGIQ-BR-00000176,528,dominant_overlap,True,True,True,True,True,True,TARGET_COVERAGE_SEMANTICS_VALID,True,True,True,True,True,PASS,
G4G3-STAGE-C07B1CB034E25E253D41,NGIQ-BR-00000568,1537,NGIQ-BR-00000175,525,dominant_overlap,True,True,True,True,True,True,TARGET_COVERAGE_SEMANTICS_VALID,True,True,True,True,True,PASS,
G4G3-STAGE-79B5A8BCED00F00AB649,NGIQ-BR-00000569,1540,NGIQ-BR-00000100,300,dominant_overlap,True,True,True,True,True,True,TARGET_COVERAGE_SEMANTICS_VALID,True,True,True,True,True,PASS,
G4G3-STAGE-CA583CAA3C4DC6DB230E,NGIQ-BR-00000570,1543,NGIQ-BR-00000099,297,partial_overlap,True,True,True,True,True,True,TARGET_COVERAGE_SEMANTICS_VALID,True,True,True,True,True,PASS,
G4G3-STAGE-2D72C26ADF9A6DF92106,NGIQ-BR-00000570,1543,NGIQ-BR-00000093,279,partial_overlap,True,True,True,True,True,True,TARGET_COVERAGE_SEMANTICS_VALID,True,True,True,True,True,PASS,
G4G3-STAGE-29F89D53698256CB8B61,NGIQ-BR-00000571,1546,NGIQ-BR-00000100,300,partial_overlap,True,True,True,True,True,True,TARGET_COVERAGE_SEMANTICS_VALID,True,True,True,True,True,PASS,
G4G3-STAGE-FC96C83E604DFCECD57F,NGIQ-BR-00000571,1546,NGIQ-BR-00000094,282,partial_overlap,True,True,True,True,True,True,TARGET_COVERAGE_SEMANTICS_VALID,True,True,True,True,True,PASS,
G4G3-STAGE-D6951AE5734A86AC1D53,NGIQ-BR-00000572,1549,NGIQ-BR-00000093,279,partial_overlap,True,True,True,True,True,True,TARGET_COVERAGE_SEMANTICS_VALID,True,True,True,True,True,PASS,
G4G3-STAGE-615D1AC790780E782F1C,NGIQ-BR-00000572,1549,NGIQ-BR-00000099,297,partial_overlap,True,True,True,True,True,True,TARGET_COVERAGE_SEMANTICS_VALID,True,True,True,True,True,PASS,
G4G3-STAGE-FBD78A8AE3C143A8433D,NGIQ-BR-00000572,1549,NGIQ-BR-00000089,267,partial_overlap,True,True,True,True,True,True,TARGET_COVERAGE_SEMANTICS_VALID,True,True,True,True,True,PASS,
G4G3-STAGE-1EC9E3EA527FFF4FDE02,NGIQ-BR-00000575,1558,NGIQ-BR-00000090,270,partial_overlap,True,True,True,True,True,True,TARGET_COVERAGE_SEMANTICS_VALID,True,True,True,True,True,PASS,
G4G3-STAGE-D056C4B9214EC3605752,NGIQ-BR-00000575,1558,NGIQ-BR-00000088,264,partial_overlap,True,True,True,True,True,True,TARGET_COVERAGE_SEMANTICS_VALID,True,True,True,True,True,PASS,
G4G3-STAGE-3DEC60C699D6E3CD4AF1,NGIQ-BR-00000575,1558,NGIQ-BR-00000094,282,partial_overlap,True,True,True,True,True,True,TARGET_COVERAGE_SEMANTICS_VALID,True,True,True,True,True,PASS,
G4G3-STAGE-8269BF74BC04EEC81B97,NGIQ-BR-00000577,1564,NGIQ-BR-00000086,258,dominant_overlap,True,True,True,True,True,True,TARGET_COVERAGE_SEMANTICS_VALID,True,True,True,True,True,PASS,
G4G3-STAGE-3B33E41298AD7967076E,NGIQ-BR-00000579,1570,NGIQ-BR-00000088,264,partial_overlap,True,True,True,True,True,True,TARGET_COVERAGE_SEMANTICS_VALID,True,True,True,True,True,PASS,
G4G3-STAGE-32249AC13B0B7D709849,NGIQ-BR-00000579,1570,NGIQ-BR-00000086,258,partial_overlap,True,True,True,True,True,True,TARGET_COVERAGE_SEMANTICS_VALID,True,True,True,True,True,PASS,
G4G3-STAGE-411CDAD3895B45F60F04,NGIQ-BR-00000580,1573,NGIQ-BR-00000087,261,dominant_overlap,True,True,True,True,True,True,TARGET_COVERAGE_SEMANTICS_VALID,True,True,True,True,True,PASS,
G4G3-STAGE-171C6532FCDFFC6A697F,NGIQ-BR-00000581,1576,NGIQ-BR-00000088,264,partial_overlap,True,True,True,True,True,True,TARGET_COVERAGE_SEMANTICS_VALID,True,True,True,True,True,PASS,
G4G3-STAGE-769FD0809C2BDD78ED9D,NGIQ-BR-00000581,1576,NGIQ-BR-00000086,258,partial_overlap,True,True,True,True,True,True,TARGET_COVERAGE_SEMANTICS_VALID,True,True,True,True,True,PASS,
G4G3-STAGE-1C23AB9C552E58536F5D,NGIQ-BR-00000581,1576,NGIQ-BR-00000154,462,partial_overlap,True,True,True,True,True,True,TARGET_COVERAGE_SEMANTICS_VALID,True,True,True,True,True,PASS,
G4G3-STAGE-4E0B1053114F26BF11CB,NGIQ-BR-00000582,1579,NGIQ-BR-00000087,261,partial_overlap,True,True,True,True,True,True,TARGET_COVERAGE_SEMANTICS_VALID,True,True,True,True,True,PASS,
G4G3-STAGE-8EBC572CF7A405DF2559,NGIQ-BR-00000582,1579,NGIQ-BR-00000153,459,partial_overlap,True,True,True,True,True,True,TARGET_COVERAGE_SEMANTICS_VALID,True,True,True,True,True,PASS,
G4G3-STAGE-49C4AAE2C62BD405E6B5,NGIQ-BR-00000583,1582,NGIQ-BR-00000088,264,contained_in,True,True,True,True,True,True,TARGET_COVERAGE_SEMANTICS_VALID,True,True,True,True,True,PASS,
G4G3-STAGE-0379489368ABFA29462F,NGIQ-BR-00000584,1585,NGIQ-BR-00000087,261,partial_overlap,True,True,True,True,True,True,TARGET_COVERAGE_SEMANTICS_VALID,True,True,True,True,True,PASS,
G4G3-STAGE-8D400EE7C94FE0E90C43,NGIQ-BR-00000584,1585,NGIQ-BR-00000077,231,partial_overlap,True,True,True,True,True,True,TARGET_COVERAGE_SEMANTICS_VALID,True,True,True,True,True,PASS,
G4G3-STAGE-D0EF1662C05DA8A2ECC7,NGIQ-BR-00000585,1588,NGIQ-BR-00000088,264,dominant_overlap,True,True,True,True,True,True,TARGET_COVERAGE_SEMANTICS_VALID,True,True,True,True,True,PASS,
G4G3-STAGE-E8902E91CD8535C5926A,NGIQ-BR-00000586,1591,NGIQ-BR-00000087,261,dominant_overlap,True,True,True,True,True,True,TARGET_COVERAGE_SEMANTICS_VALID,True,True,True,True,True,PASS,
G4G3-STAGE-86C2E2A539F7F8DB3186,NGIQ-BR-00000587,1594,NGIQ-BR-00000200,600,partial_overlap,True,True,True,True,True,True,TARGET_COVERAGE_SEMANTICS_VALID,True,True,True,True,True,PASS,
G4G3-STAGE-9A2C9A975888B7CAC838,NGIQ-BR-00000587,1594,NGIQ-BR-00000118,354,partial_overlap,True,True,True,True,True,True,TARGET_COVERAGE_SEMANTICS_VALID,True,True,True,True,True,PASS,
G4G3-STAGE-F17FB3433E2BB56699FD,NGIQ-BR-00000588,1597,NGIQ-BR-00000199,597,dominant_overlap,True,True,True,True,True,True,TARGET_COVERAGE_SEMANTICS_VALID,True,True,True,True,True,PASS,
G4G3-STAGE-2353FF1FF57B4A496698,NGIQ-BR-00000591,1606,NGIQ-BR-00000200,600,dominant_overlap,True,True,True,True,True,True,TARGET_COVERAGE_SEMANTICS_VALID,True,True,True,True,True,PASS,
G4G3-STAGE-72166CC573C66AC69A65,NGIQ-BR-00000592,1609,NGIQ-BR-00000199,597,dominant_overlap,True,True,True,True,True,True,TARGET_COVERAGE_SEMANTICS_VALID,True,True,True,True,True,PASS,
G4G3-STAGE-2F3FC2D2F18E3FD96878,NGIQ-BR-00000593,1612,NGIQ-BR-00000116,348,partial_overlap,True,True,True,True,True,True,TARGET_COVERAGE_SEMANTICS_VALID,True,True,True,True,True,PASS,
G4G3-STAGE-69F60911AB27C862C1D2,NGIQ-BR-00000593,1612,NGIQ-BR-00000126,378,partial_overlap,True,True,True,True,True,True,TARGET_COVERAGE_SEMANTICS_VALID,True,True,True,True,True,PASS,
G4G3-STAGE-ADC5A4F8BF0CA83D7884,NGIQ-BR-00000593,1612,NGIQ-BR-00000120,360,partial_overlap,True,True,True,True,True,True,TARGET_COVERAGE_SEMANTICS_VALID,True,True,True,True,True,PASS,
G4G3-STAGE-14FAAC81527858979880,NGIQ-BR-00000594,1615,NGIQ-BR-00000115,345,dominant_overlap,True,True,True,True,True,True,TARGET_COVERAGE_SEMANTICS_VALID,True,True,True,True,True,PASS,
G4G3-STAGE-5FCC23D148640C7FF2DB,NGIQ-BR-00000595,1618,NGIQ-BR-00000088,264,partial_overlap,True,True,True,True,True,True,TARGET_COVERAGE_SEMANTICS_VALID,True,True,True,True,True,PASS,
G4G3-STAGE-54EC4F11B4DA8D6FED4D,NGIQ-BR-00000595,1618,NGIQ-BR-00000092,276,partial_overlap,True,True,True,True,True,True,TARGET_COVERAGE_SEMANTICS_VALID,True,True,True,True,True,PASS,
G4G3-STAGE-B550772E3CB4DE3372BB,NGIQ-BR-00000596,1621,NGIQ-BR-00000087,261,partial_overlap,True,True,True,True,True,True,TARGET_COVERAGE_SEMANTICS_VALID,True,True,True,True,True,PASS,
G4G3-STAGE-F85DC98C9FF41E046233,NGIQ-BR-00000596,1621,NGIQ-BR-00000091,273,partial_overlap,True,True,True,True,True,True,TARGET_COVERAGE_SEMANTICS_VALID,True,True,True,True,True,PASS,
G4G3-STAGE-FF890D878DFA8F0CE920,NGIQ-BR-00000597,1624,NGIQ-BR-00000088,264,contained_in,True,True,True,True,True,True,TARGET_COVERAGE_SEMANTICS_VALID,True,True,True,True,True,PASS,
G4G3-STAGE-4EF2F717A88E163F3A31,NGIQ-BR-00000598,1627,NGIQ-BR-00000087,261,dominant_overlap,True,True,True,True,True,True,TARGET_COVERAGE_SEMANTICS_VALID,True,True,True,True,True,PASS,
G4G3-STAGE-77C9F86DFF48A5327659,NGIQ-BR-00000599,1630,NGIQ-BR-00000116,348,contained_in,True,True,True,True,True,True,TARGET_COVERAGE_SEMANTICS_VALID,True,True,True,True,True,PASS,
G4G3-STAGE-C49D16430EC85496277D,NGIQ-BR-00000600,1633,NGIQ-BR-00000115,345,partial_overlap,True,True,True,True,True,True,TARGET_COVERAGE_SEMANTICS_VALID,True,True,True,True,True,PASS,
G4G3-STAGE-CEA39BBFC4DAAA5FA1F6,NGIQ-BR-00000600,1633,NGIQ-BR-00000101,303,partial_overlap,True,True,True,True,True,True,TARGET_COVERAGE_SEMANTICS_VALID,True,True,True,True,True,PASS,
G4G3-STAGE-425117024DCA81625D72,NGIQ-BR-00000600,1633,NGIQ-BR-00000119,357,partial_overlap,True,True,True,True,True,True,TARGET_COVERAGE_SEMANTICS_VALID,True,True,True,True,True,PASS,
G4G3-STAGE-E7EF19161F4A1AF2F879,NGIQ-BR-00000601,1636,NGIQ-BR-00000120,360,partial_overlap,True,True,True,True,True,True,TARGET_COVERAGE_SEMANTICS_VALID,True,True,True,True,True,PASS,
G4G3-STAGE-C22E647818BB08CF0C74,NGIQ-BR-00000601,1636,NGIQ-BR-00000206,618,partial_overlap,True,True,True,True,True,True,TARGET_COVERAGE_SEMANTICS_VALID,True,True,True,True,True,PASS,
G4G3-STAGE-F41A9FAD50E071480526,NGIQ-BR-00000601,1636,NGIQ-BR-00000118,354,partial_overlap,True,True,True,True,True,True,TARGET_COVERAGE_SEMANTICS_VALID,True,True,True,True,True,PASS,
G4G3-STAGE-F35AE5EAA6495E9E029F,NGIQ-BR-00000602,1639,NGIQ-BR-00000119,357,partial_overlap,True,True,True,True,True,True,TARGET_COVERAGE_SEMANTICS_VALID,True,True,True,True,True,PASS,
G4G3-STAGE-5F6913284B1A767DFC9C,NGIQ-BR-00000602,1639,NGIQ-BR-00000117,351,partial_overlap,True,True,True,True,True,True,TARGET_COVERAGE_SEMANTICS_VALID,True,True,True,True,True,PASS,
G4G3-STAGE-6D6B14A0FE88CEC421AA,NGIQ-BR-00000603,1642,NGIQ-BR-00000118,354,partial_overlap,True,True,True,True,True,True,TARGET_COVERAGE_SEMANTICS_VALID,True,True,True,True,True,PASS,
G4G3-STAGE-9A6F6FF9A0FB6A402636,NGIQ-BR-00000603,1642,NGIQ-BR-00000116,348,partial_overlap,True,True,True,True,True,True,TARGET_COVERAGE_SEMANTICS_VALID,True,True,True,True,True,PASS,
G4G3-STAGE-51EC2161297C5D312A72,NGIQ-BR-00000604,1645,NGIQ-BR-00000117,351,partial_overlap,True,True,True,True,True,True,TARGET_COVERAGE_SEMANTICS_VALID,True,True,True,True,True,PASS,
G4G3-STAGE-2028D78FF072B5283CB1,NGIQ-BR-00000604,1645,NGIQ-BR-00000115,345,partial_overlap,True,True,True,True,True,True,TARGET_COVERAGE_SEMANTICS_VALID,True,True,True,True,True,PASS,
G4G3-STAGE-C0B393670AA8CD68AD31,NGIQ-BR-00000604,1645,NGIQ-BR-00000119,357,partial_overlap,True,True,True,True,True,True,TARGET_COVERAGE_SEMANTICS_VALID,True,True,True,True,True,PASS,
G4G3-STAGE-7F94C64601F3027F9AFF,NGIQ-BR-00000605,1648,NGIQ-BR-00000118,354,dominant_overlap,True,True,True,True,True,True,TARGET_COVERAGE_SEMANTICS_VALID,True,True,True,True,True,PASS,
G4G3-STAGE-A1BD2216C3EC0AAAA643,NGIQ-BR-00000606,1651,NGIQ-BR-00000117,351,dominant_overlap,True,True,True,True,True,True,TARGET_COVERAGE_SEMANTICS_VALID,True,True,True,True,True,PASS,
G4G3-STAGE-09DF9ED1F000F4911B19,NGIQ-BR-00000607,1654,NGIQ-BR-00000120,360,dominant_overlap,True,True,True,True,True,True,TARGET_COVERAGE_SEMANTICS_VALID,True,True,True,True,True,PASS,
G4G3-STAGE-A4812D2B84AB3D5BAB89,NGIQ-BR-00000608,1657,NGIQ-BR-00000119,357,dominant_overlap,True,True,True,True,True,True,TARGET_COVERAGE_SEMANTICS_VALID,True,True,True,True,True,PASS,
G4G3-STAGE-6CD4DCE1DC2C264FD184,NGIQ-BR-00000610,1663,NGIQ-BR-00000085,255,partial_overlap,True,True,True,True,True,True,TARGET_COVERAGE_SEMANTICS_VALID,True,True,True,True,True,PASS,
G4G3-STAGE-DAA969F8C97B4BD9426E,NGIQ-BR-00000610,1663,NGIQ-BR-00000153,459,partial_overlap,True,True,True,True,True,True,TARGET_COVERAGE_SEMANTICS_VALID,True,True,True,True,True,PASS,
G4G3-STAGE-1C18ADCB32EF8ED9B06F,NGIQ-BR-00000610,1663,NGIQ-BR-00000089,267,partial_overlap,True,True,True,True,True,True,TARGET_COVERAGE_SEMANTICS_VALID,True,True,True,True,True,PASS,
G4G3-STAGE-FFB164FF6ACB0323009C,NGIQ-BR-00000615,1678,NGIQ-BR-00000202,606,dominant_overlap,True,True,True,True,True,True,TARGET_COVERAGE_SEMANTICS_VALID,True,True,True,True,True,PASS,
G4G3-STAGE-480BF2573C1046641911,NGIQ-BR-00000616,1681,NGIQ-BR-00000201,603,dominant_overlap,True,True,True,True,True,True,TARGET_COVERAGE_SEMANTICS_VALID,True,True,True,True,True,PASS,
G4G3-STAGE-795C3D17A06E80213990,NGIQ-BR-00000617,1684,NGIQ-BR-00000212,636,partial_overlap,True,True,True,True,True,True,TARGET_COVERAGE_SEMANTICS_VALID,True,True,True,True,True,PASS,
G4G3-STAGE-94FA86319053AC01E43F,NGIQ-BR-00000617,1684,NGIQ-BR-00000204,612,partial_overlap,True,True,True,True,True,True,TARGET_COVERAGE_SEMANTICS_VALID,True,True,True,True,True,PASS,
G4G3-STAGE-4E224D369102711F5661,NGIQ-BR-00000618,1687,NGIQ-BR-00000211,633,partial_overlap,True,True,True,True,True,True,TARGET_COVERAGE_SEMANTICS_VALID,True,True,True,True,True,PASS,
G4G3-STAGE-2E3108B777D180896714,NGIQ-BR-00000618,1687,NGIQ-BR-00000203,609,partial_overlap,True,True,True,True,True,True,TARGET_COVERAGE_SEMANTICS_VALID,True,True,True,True,True,PASS,
G4G3-STAGE-1E273FE4DFA7B53EE613,NGIQ-BR-00000620,1693,NGIQ-BR-00000211,633,partial_overlap,True,True,True,True,True,True,TARGET_COVERAGE_SEMANTICS_VALID,True,True,True,True,True,PASS,
G4G3-STAGE-5C0F254ACF089291CBCF,NGIQ-BR-00000620,1693,NGIQ-BR-00000207,621,partial_overlap,True,True,True,True,True,True,TARGET_COVERAGE_SEMANTICS_VALID,True,True,True,True,True,PASS,
G4G3-STAGE-F9BB333B87A41F8EBE66,NGIQ-BR-00000621,1696,NGIQ-BR-00000210,630,partial_overlap,True,True,True,True,True,True,TARGET_COVERAGE_SEMANTICS_VALID,True,True,True,True,True,PASS,
G4G3-STAGE-8E17D66D49064F628246,NGIQ-BR-00000621,1696,NGIQ-BR-00000200,600,partial_overlap,True,True,True,True,True,True,TARGET_COVERAGE_SEMANTICS_VALID,True,True,True,True,True,PASS,
G4G3-STAGE-6E8B4B18AE6D8696C561,NGIQ-BR-00000622,1699,NGIQ-BR-00000209,627,partial_overlap,True,True,True,True,True,True,TARGET_COVERAGE_SEMANTICS_VALID,True,True,True,True,True,PASS,
G4G3-STAGE-93FA1045D3D163AAF177,NGIQ-BR-00000622,1699,NGIQ-BR-00000015,45,partial_overlap,True,True,True,True,True,True,TARGET_COVERAGE_SEMANTICS_VALID,True,True,True,True,True,PASS,
G4G3-STAGE-7D0DF2800027DFA8BE0B,NGIQ-BR-00000623,1702,NGIQ-BR-00000210,630,partial_overlap,True,True,True,True,True,True,TARGET_COVERAGE_SEMANTICS_VALID,True,True,True,True,True,PASS,
G4G3-STAGE-595375224DEA85D40D1A,NGIQ-BR-00000623,1702,NGIQ-BR-00000118,354,partial_overlap,True,True,True,True,True,True,TARGET_COVERAGE_SEMANTICS_VALID,True,True,True,True,True,PASS,
G4G3-STAGE-F7C2DA1CDE3F033AD213,NGIQ-BR-00000624,1705,NGIQ-BR-00000209,627,partial_overlap,True,True,True,True,True,True,TARGET_COVERAGE_SEMANTICS_VALID,True,True,True,True,True,PASS,
G4G3-STAGE-0F03821F5E99BB59B051,NGIQ-BR-00000624,1705,NGIQ-BR-00000117,351,partial_overlap,True,True,True,True,True,True,TARGET_COVERAGE_SEMANTICS_VALID,True,True,True,True,True,PASS,
G4G3-STAGE-EE695F326C2D9E3C295A,NGIQ-BR-00000624,1705,NGIQ-BR-00000015,45,partial_overlap,True,True,True,True,True,True,TARGET_COVERAGE_SEMANTICS_VALID,True,True,True,True,True,PASS,
G4G3-STAGE-8ADF39D74767884BF853,NGIQ-BR-00000624,1705,NGIQ-BR-00000199,597,partial_overlap,True,True,True,True,True,True,TARGET_COVERAGE_SEMANTICS_VALID,True,True,True,True,True,PASS,
G4G3-STAGE-130441F50ACA4047917D,NGIQ-BR-00000625,1708,NGIQ-BR-00000204,612,dominant_overlap,True,True,True,True,True,True,TARGET_COVERAGE_SEMANTICS_VALID,True,True,True,True,True,PASS,
G4G3-STAGE-FC993446816E02E28FE0,NGIQ-BR-00000626,1711,NGIQ-BR-00000203,609,dominant_overlap,True,True,True,True,True,True,TARGET_COVERAGE_SEMANTICS_VALID,True,True,True,True,True,PASS,
G4G3-STAGE-4A5FE17C696DDB80257C,NGIQ-BR-00000627,1714,NGIQ-BR-00000206,618,dominant_overlap,True,True,True,True,True,True,TARGET_COVERAGE_SEMANTICS_VALID,True,True,True,True,True,PASS,
G4G3-STAGE-0AB774394B30E3E07367,NGIQ-BR-00000628,1717,NGIQ-BR-00000205,615,contained_in,True,True,True,True,True,True,TARGET_COVERAGE_SEMANTICS_VALID,True,True,True,True,True,PASS,
G4G3-STAGE-AAA0360A2701581D7246,NGIQ-BR-00000629,1720,NGIQ-BR-00000206,618,dominant_overlap,True,True,True,True,True,True,TARGET_COVERAGE_SEMANTICS_VALID,True,True,True,True,True,PASS,
G4G3-STAGE-0D6AE5DAB7AD47BF18D9,NGIQ-BR-00000630,1723,NGIQ-BR-00000205,615,partial_overlap,True,True,True,True,True,True,TARGET_COVERAGE_SEMANTICS_VALID,True,True,True,True,True,PASS,
G4G3-STAGE-E8323D91FE0D8FFC9AC1,NGIQ-BR-00000630,1723,NGIQ-BR-00000209,627,partial_overlap,True,True,True,True,True,True,TARGET_COVERAGE_SEMANTICS_VALID,True,True,True,True,True,PASS,
G4G3-STAGE-928EA1EADB97D68C7CB5,NGIQ-BR-00000645,1768,NGIQ-BR-00000058,174,dominant_overlap,True,True,True,True,True,True,TARGET_COVERAGE_SEMANTICS_VALID,True,True,True,True,True,PASS,
G4G3-STAGE-78C81EDCF696FD857B25,NGIQ-BR-00000646,1771,NGIQ-BR-00000065,195,partial_overlap,True,True,True,True,True,True,TARGET_COVERAGE_SEMANTICS_VALID,True,True,True,True,True,PASS,
G4G3-STAGE-4C5D338AEC52FB82B490,NGIQ-BR-00000646,1771,NGIQ-BR-00000193,579,partial_overlap,True,True,True,True,True,True,TARGET_COVERAGE_SEMANTICS_VALID,True,True,True,True,True,PASS,
G4G3-STAGE-FDBEDD830208B55E1A04,NGIQ-BR-00000646,1771,NGIQ-BR-00000057,171,partial_overlap,True,True,True,True,True,True,TARGET_COVERAGE_SEMANTICS_VALID,True,True,True,True,True,PASS,
G4G3-STAGE-1BFE52A1FA80CE586AF2,NGIQ-BR-00000649,1780,NGIQ-BR-00000032,96,partial_overlap,True,True,True,True,True,True,TARGET_COVERAGE_SEMANTICS_VALID,True,True,True,True,True,PASS,
G4G3-STAGE-99523CFC20056B88D488,NGIQ-BR-00000649,1780,NGIQ-BR-00000058,174,partial_overlap,True,True,True,True,True,True,TARGET_COVERAGE_SEMANTICS_VALID,True,True,True,True,True,PASS,
G4G3-STAGE-1014FF22255AE2C35E11,NGIQ-BR-00000649,1780,NGIQ-BR-00000030,90,partial_overlap,True,True,True,True,True,True,TARGET_COVERAGE_SEMANTICS_VALID,True,True,True,True,True,PASS,
G4G3-STAGE-7A1B5E3A1DF621EE730B,NGIQ-BR-00000650,1783,NGIQ-BR-00000031,93,dominant_overlap,True,True,True,True,True,True,TARGET_COVERAGE_SEMANTICS_VALID,True,True,True,True,True,PASS,
G4G3-STAGE-62EAFB6DBEA619DA98B5,NGIQ-BR-00000663,1822,NGIQ-BR-00000018,54,dominant_overlap,True,True,True,True,True,True,TARGET_COVERAGE_SEMANTICS_VALID,True,True,True,True,True,PASS,
G4G3-STAGE-8C08E694E47B9A023771,NGIQ-BR-00000664,1825,NGIQ-BR-00000017,51,contained_in,True,True,True,True,True,True,TARGET_COVERAGE_SEMANTICS_VALID,True,True,True,True,True,PASS,
G4G3-STAGE-CBE5092052BF6ED86F69,NGIQ-BR-00000665,1828,NGIQ-BR-00000220,660,partial_overlap,True,True,True,True,True,True,TARGET_COVERAGE_SEMANTICS_VALID,True,True,True,True,True,PASS,
G4G3-STAGE-94A0863BDF016D53F8C5,NGIQ-BR-00000665,1828,NGIQ-BR-00000018,54,partial_overlap,True,True,True,True,True,True,TARGET_COVERAGE_SEMANTICS_VALID,True,True,True,True,True,PASS,
G4G3-STAGE-129A808CF3D945CFF0BB,NGIQ-BR-00000666,1831,NGIQ-BR-00000219,657,partial_overlap,True,True,True,True,True,True,TARGET_COVERAGE_SEMANTICS_VALID,True,True,True,True,True,PASS,
G4G3-STAGE-1FD70FDD64D83815D589,NGIQ-BR-00000666,1831,NGIQ-BR-00000017,51,partial_overlap,True,True,True,True,True,True,TARGET_COVERAGE_SEMANTICS_VALID,True,True,True,True,True,PASS,
G4G3-STAGE-4ACA0FF574DBFB641D86,NGIQ-BR-00000677,1864,NGIQ-BR-00000220,660,dominant_overlap,True,True,True,True,True,True,TARGET_COVERAGE_SEMANTICS_VALID,True,True,True,True,True,PASS,
G4G3-STAGE-228B81ABB87D4A204E40,NGIQ-BR-00000678,1867,NGIQ-BR-00000219,657,dominant_overlap,True,True,True,True,True,True,TARGET_COVERAGE_SEMANTICS_VALID,True,True,True,True,True,PASS,
G4G3-STAGE-14723182C7F5D53D6179,NGIQ-BR-00000679,1870,NGIQ-BR-00000220,660,partial_overlap,True,True,True,True,True,True,TARGET_COVERAGE_SEMANTICS_VALID,True,True,True,True,True,PASS,
G4G3-STAGE-C90EBA0EB05CD5B722A5,NGIQ-BR-00000679,1870,NGIQ-BR-00000018,54,partial_overlap,True,True,True,True,True,True,TARGET_COVERAGE_SEMANTICS_VALID,True,True,True,True,True,PASS,
G4G3-STAGE-8CCDBF7AE34D317255ED,NGIQ-BR-00000680,1873,NGIQ-BR-00000017,51,partial_overlap,True,True,True,True,True,True,TARGET_COVERAGE_SEMANTICS_VALID,True,True,True,True,True,PASS,
G4G3-STAGE-16A7370926268EFBE9BD,NGIQ-BR-00000680,1873,NGIQ-BR-00000219,657,partial_overlap,True,True,True,True,True,True,TARGET_COVERAGE_SEMANTICS_VALID,True,True,True,True,True,PASS,
G4G3-STAGE-F2E39CB7CF57EF2D74C2,NGIQ-BR-00000683,1882,NGIQ-BR-00000220,660,dominant_overlap,True,True,True,True,True,True,TARGET_COVERAGE_SEMANTICS_VALID,True,True,True,True,True,PASS,
G4G3-STAGE-943DF7E1278F3A0724A7,NGIQ-BR-00000684,1885,NGIQ-BR-00000219,657,dominant_overlap,True,True,True,True,True,True,TARGET_COVERAGE_SEMANTICS_VALID,True,True,True,True,True,PASS,
G4G3-STAGE-9742D6AD234766AA30B9,NGIQ-BR-00000685,1888,NGIQ-BR-00000225,675,dominant_overlap,True,True,True,True,True,True,TARGET_COVERAGE_SEMANTICS_VALID,True,True,True,True,True,PASS,
G4G3-STAGE-4BC973A5C547B37C4496,NGIQ-BR-00000686,1891,NGIQ-BR-00000224,672,partial_overlap,True,True,True,True,True,True,TARGET_COVERAGE_SEMANTICS_VALID,True,True,True,True,True,PASS,
G4G3-STAGE-CB99C61908AA1782DAC0,NGIQ-BR-00000686,1891,NGIQ-BR-00000065,195,partial_overlap,True,True,True,True,True,True,TARGET_COVERAGE_SEMANTICS_VALID,True,True,True,True,True,PASS,
G4G3-STAGE-07E6C6A71F862C6808D6,NGIQ-BR-00000687,1894,NGIQ-BR-00000225,675,dominant_overlap,True,True,True,True,True,True,TARGET_COVERAGE_SEMANTICS_VALID,True,True,True,True,True,PASS,
G4G3-STAGE-534EFA2252638C31D2AA,NGIQ-BR-00000688,1897,NGIQ-BR-00000065,195,partial_overlap,True,True,True,True,True,True,TARGET_COVERAGE_SEMANTICS_VALID,True,True,True,True,True,PASS,
G4G3-STAGE-20057758E9474EC3958E,NGIQ-BR-00000688,1897,NGIQ-BR-00000224,672,partial_overlap,True,True,True,True,True,True,TARGET_COVERAGE_SEMANTICS_VALID,True,True,True,True,True,PASS,
G4G3-STAGE-E8F0F898DE9ADCB62F2B,NGIQ-BR-00000716,1981,NGIQ-BR-00000237,711,partial_overlap,True,True,True,True,True,True,TARGET_COVERAGE_SEMANTICS_VALID,True,True,True,True,True,PASS,
G4G3-STAGE-4986C5F05079AB30A756,NGIQ-BR-00000716,1981,NGIQ-BR-00000245,735,partial_overlap,True,True,True,True,True,True,TARGET_COVERAGE_SEMANTICS_VALID,True,True,True,True,True,PASS,
G4G3-STAGE-7AAF50AF2A2D9D174721,NGIQ-BR-00000716,1981,NGIQ-BR-00000020,60,partial_overlap,True,True,True,True,True,True,TARGET_COVERAGE_SEMANTICS_VALID,True,True,True,True,True,PASS,
G4G3-STAGE-CE188686EE620741B201,NGIQ-BR-00000717,1984,NGIQ-BR-00000232,696,dominant_overlap,True,True,True,True,True,True,TARGET_COVERAGE_SEMANTICS_VALID,True,True,True,True,True,PASS,
G4G3-STAGE-D3BAC93C4F5233F6B101,NGIQ-BR-00000718,1987,NGIQ-BR-00000020,60,dominant_overlap,True,True,True,True,True,True,TARGET_COVERAGE_SEMANTICS_VALID,True,True,True,True,True,PASS,
G4G3-STAGE-601B10E3789E167DD309,NGIQ-BR-00000719,1990,NGIQ-BR-00000238,714,dominant_overlap,True,True,True,True,True,True,TARGET_COVERAGE_SEMANTICS_VALID,True,True,True,True,True,PASS,
G4G3-STAGE-A349E23BA0420A30CB33,NGIQ-BR-00000720,1993,NGIQ-BR-00000237,711,partial_overlap,True,True,True,True,True,True,TARGET_COVERAGE_SEMANTICS_VALID,True,True,True,True,True,PASS,
G4G3-STAGE-C6EB04EEB6A8A0085D7F,NGIQ-BR-00000720,1993,NGIQ-BR-00000238,714,partial_overlap,True,True,True,True,True,True,TARGET_COVERAGE_SEMANTICS_VALID,True,True,True,True,True,PASS,
G4G3-STAGE-6B1BBE3DBEB0201C84C2,NGIQ-BR-00000720,1993,NGIQ-BR-00000020,60,partial_overlap,True,True,True,True,True,True,TARGET_COVERAGE_SEMANTICS_VALID,True,True,True,True,True,PASS,
G4G3-STAGE-6140B9B02839B373C69E,NGIQ-BR-00000722,1999,NGIQ-BR-00000239,717,partial_overlap,True,True,True,True,True,True,TARGET_COVERAGE_SEMANTICS_VALID,True,True,True,True,True,PASS,
G4G3-STAGE-C1EA5C59E19D4651F4B8,NGIQ-BR-00000722,1999,NGIQ-BR-00000241,723,partial_overlap,True,True,True,True,True,True,TARGET_COVERAGE_SEMANTICS_VALID,True,True,True,True,True,PASS,
G4G3-STAGE-F78AF186783B9BB45281,NGIQ-BR-00000722,1999,NGIQ-BR-00000235,705,partial_overlap,True,True,True,True,True,True,TARGET_COVERAGE_SEMANTICS_VALID,True,True,True,True,True,PASS,
G4G3-STAGE-5E23E96F8EE7D5A3C2DA,NGIQ-BR-00000723,2002,NGIQ-BR-00000242,726,partial_overlap,True,True,True,True,True,True,TARGET_COVERAGE_SEMANTICS_VALID,True,True,True,True,True,PASS,
G4G3-STAGE-700CDB74380EDC0FF63A,NGIQ-BR-00000723,2002,NGIQ-BR-00000240,720,partial_overlap,True,True,True,True,True,True,TARGET_COVERAGE_SEMANTICS_VALID,True,True,True,True,True,PASS,
G4G3-STAGE-7583B44F079B97CC77A3,NGIQ-BR-00000724,2005,NGIQ-BR-00000241,723,partial_overlap,True,True,True,True,True,True,TARGET_COVERAGE_SEMANTICS_VALID,True,True,True,True,True,PASS,
G4G3-STAGE-91BAE33BAD5F3B063764,NGIQ-BR-00000724,2005,NGIQ-BR-00000243,729,partial_overlap,True,True,True,True,True,True,TARGET_COVERAGE_SEMANTICS_VALID,True,True,True,True,True,PASS,
G4G3-STAGE-1F5486830109EF0F7FAC,NGIQ-BR-00000725,2008,NGIQ-BR-00000240,720,partial_overlap,True,True,True,True,True,True,TARGET_COVERAGE_SEMANTICS_VALID,True,True,True,True,True,PASS,
G4G3-STAGE-2BA516D8CBDF0FC91B48,NGIQ-BR-00000725,2008,NGIQ-BR-00000242,726,partial_overlap,True,True,True,True,True,True,TARGET_COVERAGE_SEMANTICS_VALID,True,True,True,True,True,PASS,
G4G3-STAGE-D3964B2FF845EB153D00,NGIQ-BR-00000726,2011,NGIQ-BR-00000241,723,dominant_overlap,True,True,True,True,True,True,TARGET_COVERAGE_SEMANTICS_VALID,True,True,True,True,True,PASS,
G4G3-STAGE-79CC338B9C3DFF64D12B,NGIQ-BR-00000735,2038,NGIQ-BR-00000240,720,partial_overlap,True,True,True,True,True,True,TARGET_COVERAGE_SEMANTICS_VALID,True,True,True,True,True,PASS,
G4G3-STAGE-0F0E81ED9555D7A40177,NGIQ-BR-00000735,2038,NGIQ-BR-00000236,708,partial_overlap,True,True,True,True,True,True,TARGET_COVERAGE_SEMANTICS_VALID,True,True,True,True,True,PASS,
G4G3-STAGE-818401F26DE2F4E6E7B8,NGIQ-BR-00000735,2038,NGIQ-BR-00000246,738,partial_overlap,True,True,True,True,True,True,TARGET_COVERAGE_SEMANTICS_VALID,True,True,True,True,True,PASS,
G4G3-STAGE-661648723F9EF0862938,NGIQ-BR-00000736,2041,NGIQ-BR-00000239,717,partial_overlap,True,True,True,True,True,True,TARGET_COVERAGE_SEMANTICS_VALID,True,True,True,True,True,PASS,
G4G3-STAGE-160516F7EC0B372EFD8F,NGIQ-BR-00000736,2041,NGIQ-BR-00000235,705,partial_overlap,True,True,True,True,True,True,TARGET_COVERAGE_SEMANTICS_VALID,True,True,True,True,True,PASS,
G4G3-STAGE-9B4AFE7F9DFE45CDE85B,NGIQ-BR-00000736,2041,NGIQ-BR-00000241,723,partial_overlap,True,True,True,True,True,True,TARGET_COVERAGE_SEMANTICS_VALID,True,True,True,True,True,PASS,
G4G3-STAGE-4BFFB3E7BCC7461937FB,NGIQ-BR-00000737,2044,NGIQ-BR-00000244,732,dominant_overlap,True,True,True,True,True,True,TARGET_COVERAGE_SEMANTICS_VALID,True,True,True,True,True,PASS,
G4G3-STAGE-6413C1E032F5D83F08FE,NGIQ-BR-00000738,2047,NGIQ-BR-00000243,729,dominant_overlap,True,True,True,True,True,True,TARGET_COVERAGE_SEMANTICS_VALID,True,True,True,True,True,PASS,
G4G3-STAGE-8D3FE6FF2DEC43377520,NGIQ-BR-00000739,2050,NGIQ-BR-00000244,732,partial_overlap,True,True,True,True,True,True,TARGET_COVERAGE_SEMANTICS_VALID,True,True,True,True,True,PASS,
G4G3-STAGE-A0B5F95B73B3D5BF22C2,NGIQ-BR-00000739,2050,NGIQ-BR-00000238,714,partial_overlap,True,True,True,True,True,True,TARGET_COVERAGE_SEMANTICS_VALID,True,True,True,True,True,PASS,
G4G3-STAGE-23A9C0DEEF68CBE30B06,NGIQ-BR-00000740,2053,NGIQ-BR-00000237,711,partial_overlap,True,True,True,True,True,True,TARGET_COVERAGE_SEMANTICS_VALID,True,True,True,True,True,PASS,
G4G3-STAGE-B1976583B242E48216C6,NGIQ-BR-00000740,2053,NGIQ-BR-00000243,729,partial_overlap,True,True,True,True,True,True,TARGET_COVERAGE_SEMANTICS_VALID,True,True,True,True,True,PASS,
G4G3-STAGE-A538B0372DB8668C5500,NGIQ-BR-00000741,2056,NGIQ-BR-00000238,714,partial_overlap,True,True,True,True,True,True,TARGET_COVERAGE_SEMANTICS_VALID,True,True,True,True,True,PASS,
G4G3-STAGE-3DB59C794E3641DDBAEE,NGIQ-BR-00000741,2056,NGIQ-BR-00000244,732,partial_overlap,True,True,True,True,True,True,TARGET_COVERAGE_SEMANTICS_VALID,True,True,True,True,True,PASS,
G4G3-STAGE-B3AB56B3D9BB2B486FC6,NGIQ-BR-00000742,2059,NGIQ-BR-00000237,711,dominant_overlap,True,True,True,True,True,True,TARGET_COVERAGE_SEMANTICS_VALID,True,True,True,True,True,PASS,
G4G3-STAGE-DB642C3341CFEB948346,NGIQ-BR-00000747,2074,NGIQ-BR-00000236,708,partial_overlap,True,True,True,True,True,True,TARGET_COVERAGE_SEMANTICS_VALID,True,True,True,True,True,PASS,
G4G3-STAGE-67E140D2B68DAFF79830,NGIQ-BR-00000747,2074,NGIQ-BR-00000240,720,partial_overlap,True,True,True,True,True,True,TARGET_COVERAGE_SEMANTICS_VALID,True,True,True,True,True,PASS,
G4G3-STAGE-175F563A973AE2F25C3D,NGIQ-BR-00000747,2074,NGIQ-BR-00000246,738,partial_overlap,True,True,True,True,True,True,TARGET_COVERAGE_SEMANTICS_VALID,True,True,True,True,True,PASS,
G4G3-STAGE-16874353730BA4DF9D16,NGIQ-BR-00000748,2077,NGIQ-BR-00000239,717,partial_overlap,True,True,True,True,True,True,TARGET_COVERAGE_SEMANTICS_VALID,True,True,True,True,True,PASS,
G4G3-STAGE-C99941D34E280B6D2127,NGIQ-BR-00000748,2077,NGIQ-BR-00000235,705,partial_overlap,True,True,True,True,True,True,TARGET_COVERAGE_SEMANTICS_VALID,True,True,True,True,True,PASS,
G4G3-STAGE-D5AA4DFB607A818580F3,NGIQ-BR-00000749,2080,NGIQ-BR-00000246,738,partial_overlap,True,True,True,True,True,True,TARGET_COVERAGE_SEMANTICS_VALID,True,True,True,True,True,PASS,
G4G3-STAGE-C241474F03D7F5FA422F,NGIQ-BR-00000749,2080,NGIQ-BR-00000234,702,partial_overlap,True,True,True,True,True,True,TARGET_COVERAGE_SEMANTICS_VALID,True,True,True,True,True,PASS,
G4G3-STAGE-8712271DDBFE00D4472F,NGIQ-BR-00000749,2080,NGIQ-BR-00000236,708,partial_overlap,True,True,True,True,True,True,TARGET_COVERAGE_SEMANTICS_VALID,True,True,True,True,True,PASS,
G4G3-STAGE-D33C63C367171FCE7B41,NGIQ-BR-00000751,2086,NGIQ-BR-00000234,702,partial_overlap,True,True,True,True,True,True,TARGET_COVERAGE_SEMANTICS_VALID,True,True,True,True,True,PASS,
G4G3-STAGE-1EDB84ECD8A91D7D8A3D,NGIQ-BR-00000751,2086,NGIQ-BR-00000236,708,partial_overlap,True,True,True,True,True,True,TARGET_COVERAGE_SEMANTICS_VALID,True,True,True,True,True,PASS,
G4G3-STAGE-61F898FCD79CC41FE82C,NGIQ-BR-00000751,2086,NGIQ-BR-00000246,738,partial_overlap,True,True,True,True,True,True,TARGET_COVERAGE_SEMANTICS_VALID,True,True,True,True,True,PASS,
G4G3-STAGE-36D29EE0DED57490B5F3,NGIQ-BR-00000752,2089,NGIQ-BR-00000245,735,dominant_overlap,True,True,True,True,True,True,TARGET_COVERAGE_SEMANTICS_VALID,True,True,True,True,True,PASS,
G4G3-STAGE-512B92674DDA071C3F7C,NGIQ-BR-00000754,2095,NGIQ-BR-00000245,735,dominant_overlap,True,True,True,True,True,True,TARGET_COVERAGE_SEMANTICS_VALID,True,True,True,True,True,PASS,
G4G3-STAGE-72490AA83F44FB5BFCB3,NGIQ-BR-00000755,2098,NGIQ-BR-00000232,696,partial_overlap,True,True,True,True,True,True,TARGET_COVERAGE_SEMANTICS_VALID,True,True,True,True,True,PASS,
G4G3-STAGE-38DB3B7226B005B299EC,NGIQ-BR-00000755,2098,NGIQ-BR-00000246,738,partial_overlap,True,True,True,True,True,True,TARGET_COVERAGE_SEMANTICS_VALID,True,True,True,True,True,PASS,
G4G3-STAGE-500CE1AB101B74EA05E0,NGIQ-BR-00000755,2098,NGIQ-BR-00000234,702,partial_overlap,True,True,True,True,True,True,TARGET_COVERAGE_SEMANTICS_VALID,True,True,True,True,True,PASS,
G4G3-STAGE-31849822E58391F64DBF,NGIQ-BR-00000757,2104,NGIQ-BR-00000234,702,dominant_overlap,True,True,True,True,True,True,TARGET_COVERAGE_SEMANTICS_VALID,True,True,True,True,True,PASS,
G4G3-STAGE-825621D90B96CEBF6FF4,NGIQ-BR-00000758,2107,NGIQ-BR-00000245,735,dominant_overlap,True,True,True,True,True,True,TARGET_COVERAGE_SEMANTICS_VALID,True,True,True,True,True,PASS,
G4G3-STAGE-3A9061FA68BC2312DD43,NGIQ-BR-00000759,2110,NGIQ-BR-00000232,696,partial_overlap,True,True,True,True,True,True,TARGET_COVERAGE_SEMANTICS_VALID,True,True,True,True,True,PASS,
G4G3-STAGE-6792F54C7A0F8F6BCCDB,NGIQ-BR-00000759,2110,NGIQ-BR-00000246,738,partial_overlap,True,True,True,True,True,True,TARGET_COVERAGE_SEMANTICS_VALID,True,True,True,True,True,PASS,
G4G3-STAGE-BFFF8C3CE8F906F45DB0,NGIQ-BR-00000761,2116,NGIQ-BR-00000234,702,partial_overlap,True,True,True,True,True,True,TARGET_COVERAGE_SEMANTICS_VALID,True,True,True,True,True,PASS,
G4G3-STAGE-59FF269B13F0641C1E84,NGIQ-BR-00000761,2116,NGIQ-BR-00000236,708,partial_overlap,True,True,True,True,True,True,TARGET_COVERAGE_SEMANTICS_VALID,True,True,True,True,True,PASS,
G4G3-STAGE-B1E6ED8B3CBFE42ACC3C,NGIQ-BR-00000762,2119,NGIQ-BR-00000245,735,partial_overlap,True,True,True,True,True,True,TARGET_COVERAGE_SEMANTICS_VALID,True,True,True,True,True,PASS,
G4G3-STAGE-7D306580C86DB2119F34,NGIQ-BR-00000762,2119,NGIQ-BR-00000235,705,partial_overlap,True,True,True,True,True,True,TARGET_COVERAGE_SEMANTICS_VALID,True,True,True,True,True,PASS,
G4G3-STAGE-B3FB8989E17F15FC15C7,NGIQ-BR-00000766,2131,NGIQ-BR-00000245,735,dominant_overlap,True,True,True,True,True,True,TARGET_COVERAGE_SEMANTICS_VALID,True,True,True,True,True,PASS,
G4G3-STAGE-19BC3AAE09CAE4B2397E,NGIQ-BR-00000767,2134,NGIQ-BR-00000234,702,partial_overlap,True,True,True,True,True,True,TARGET_COVERAGE_SEMANTICS_VALID,True,True,True,True,True,PASS,
G4G3-STAGE-1C4EA341BE369C161CF1,NGIQ-BR-00000767,2134,NGIQ-BR-00000246,738,partial_overlap,True,True,True,True,True,True,TARGET_COVERAGE_SEMANTICS_VALID,True,True,True,True,True,PASS,
G4G3-STAGE-67DD0E1DA2DD6E6F9FFC,NGIQ-BR-00000767,2134,NGIQ-BR-00000236,708,partial_overlap,True,True,True,True,True,True,TARGET_COVERAGE_SEMANTICS_VALID,True,True,True,True,True,PASS,
G4G3-STAGE-60F866E2721B8B1189E3,NGIQ-BR-00000768,2137,NGIQ-BR-00000245,735,dominant_overlap,True,True,True,True,True,True,TARGET_COVERAGE_SEMANTICS_VALID,True,True,True,True,True,PASS,
